country_code,country,phase1,university,official_url,openalex_papers,openalex_id,wikidata_id,sources,consensus_votes,wikipedia_crosscheck
AD,Andorra,False,University of Andorra,https://www.uda.ad,301,I4210096752,,openalex,1,n/a
AD,Andorra,False,Universitat Carlemany,https://www.universitatcarlemany.com/ca/,42,I4405263410,,openalex,1,n/a
AD,Andorra,False,TECH Universidad Tecnológica,https://www.techtitute.com,0,,Q107324827,wikidata,1,n/a
AD,Andorra,False,Universitat d'Andorra,http://www.uda.ad,0,,Q648838,wikidata,1,n/a
AD,Andorra,False,University of the Valleys,http://www.udv.ad/ca,0,,Q28927442,wikidata,1,n/a
AL,Albania,False,University of Tirana,https://unitir.edu.al,5858,I68784830,Q428520,openalex;wikidata,2,n/a
AL,Albania,False,Polytechnic University of Tirana,http://www.upt.al/index.php/en/,2507,I193184871,Q821042,openalex;wikidata,2,n/a
AL,Albania,False,Agricultural University of Tirana,http://ubt.edu.al/en,2125,I10017102,Q1738772,openalex;wikidata,2,n/a
AL,Albania,False,Aleksandër Moisiu University,https://uamd.edu.al,2078,I273442994,,openalex,1,n/a
AL,Albania,False,University of Medicine Tirana,http://umed.edu.al,2041,I1283489935,Q15279421,openalex;wikidata,2,n/a
AL,Albania,False,"University of Vlora ""Ismail Qemali""",https://univlora.edu.al,1446,I3130420675,,openalex,1,n/a
AL,Albania,False,European University of Tirana,http://www.uet.edu.al/index.php/en/,1439,I109705148,Q1377564,openalex;wikidata,2,n/a
AL,Albania,False,University of Elbasan,http://www.uniel.edu.al,1107,I3130488391,,openalex,1,n/a
AL,Albania,False,Epoka University,https://epoka.edu.al,1057,I90671886,Q1347511,openalex;wikidata,2,n/a
AL,Albania,False,"University of Shkodra ""Luigj Gurakuqi""",https://www.unishk.edu.al,799,I4210156957,,openalex,1,n/a
AL,Albania,False,Albanian University,https://albanianuniversity.edu.al/sq/,776,I4210115591,Q16348168,openalex;wikidata,2,n/a
AL,Albania,False,Catholic University Our Lady of Good Counsel,https://www.unizkm.al/,722,I4210110342,Q4005885,openalex;wikidata,2,n/a
AL,Albania,False,Polis University,https://universitetipolis.edu.al,528,I4210113289,Q7209801,openalex;wikidata,2,n/a
AL,Albania,False,University of New York Tirana,http://unyt.edu.al/,515,I68728177,Q7895928,openalex;wikidata,2,n/a
AL,Albania,False,Sports University of Tirana,http://ust.edu.al/,403,I4210145512,,openalex,1,n/a
AL,Albania,False,Fan Noli University,https://unkorce.edu.al,394,I3129973386,,openalex,1,n/a
AL,Albania,False,Aldent University,https://ual.edu.al,325,I4405271426,Q108044059,openalex;wikidata,2,n/a
AL,Albania,False,Canadian Institute of Technology,http://cit.edu.al/en/home/,257,I6465868,Q15040999,openalex;wikidata,2,n/a
AL,Albania,False,Eqrem Çabej University,http://www.uogj.edu.al/,207,I4210149580,,openalex,1,n/a
AL,Albania,False,Universiteti Metropolitan Tirana,https://umt.edu.al,202,I4210163566,,openalex,1,n/a
AL,Albania,False,Bedër University,https://www.beder.edu.al/,183,I3130461500,Q4879479,openalex;wikidata,2,n/a
AL,Albania,False,Marin Barleti University,http://www.umb.edu.al,168,I4210143771,Q6763692,openalex;wikidata,2,n/a
AL,Albania,False,Luarasi University,http://luarasi-univ.edu.al/,142,I3132337544,Q6695035,openalex;wikidata,2,n/a
AL,Albania,False,University of Arts,http://www.uart.edu.al/,130,I4210124827,,openalex,1,n/a
AL,Albania,False,LOGOS University College,http://kulogos.edu.al,118,I4405261431,,openalex,1,n/a
AL,Albania,False,Tirana Business University,https://tbu.edu.al,99,I4405254761,Q16359696,openalex;wikidata,2,n/a
AL,Albania,False,Kolegji Universitar Qiriazi,https://qiriazi.edu.al,91,I4405263493,,openalex,1,n/a
AL,Albania,False,Universiteti Reald,https://unireald.edu.al,77,I4405279555,,openalex,1,n/a
AL,Albania,False,University Pavaresia Vlore,http://www.unipavaresia.edu.al,32,I4210163499,,openalex,1,n/a
AL,Albania,False,Vitrina University,http://www.vitrina.edu.al,29,I3133074225,Q2528770,openalex;wikidata,2,n/a
AL,Albania,False,Kristal University,http://www.kristal.edu.al/,22,I9785854,Q3303491,openalex;wikidata,2,n/a
AL,Albania,False,Skanderbeg Military University,http://www.tradoc.mil.al/index.php/akademia-e-fa,3,I4210165423,Q2812024;Q65315934,openalex;wikidata,2,n/a
AL,Albania,False,Academy of Film & Multimedia “MARUBI”,https://afmm.edu.al/,1,I4210156442,Q6777890,openalex;wikidata,2,n/a
AL,Albania,False,Aleksandër Moisiu University of Durrës,http://www.uamd.edu.al,0,,Q3302123,wikidata,1,n/a
AL,Albania,False,Aleksandër Xhuvani University in Elbasan,https://www.uniel.edu.al,0,,Q1334412,wikidata,1,n/a
AL,Albania,False,American University of Tirana,http://www.uat.edu.al,0,,Q4745319,wikidata,1,n/a
AL,Albania,False,Eqrem Çabej University of Gjirokastër,http://www.uogj.edu.al,0,,Q1347773,wikidata,1,n/a
AL,Albania,False,Fan S. Noli University,https://unkorce.edu.al,0,,Q1637768,wikidata,1,n/a
AL,Albania,False,Ivodent Academy,https://ivodent.edu.al,0,,Q110234334,wikidata,1,n/a
AL,Albania,False,Mediterranean University of Albania,https://www.umsh.edu.al,0,,Q109594179,wikidata,1,n/a
AL,Albania,False,Pjeter Meshkalla High School,http://www.schoolius.com/school/534433076690492/Shkolla,0,,Q7200168,wikidata,1,n/a
AL,Albania,False,Reald University College,https://unireald.edu.al,0,,Q141251178,wikidata,1,n/a
AL,Albania,False,Universidad de Artes de Tirana,http://www.artacademy.al,0,,Q135951139,wikidata,1,n/a
AL,Albania,False,Universiteti Pavarësia Vlorë,http://www.unipavaresia.edu.al,0,,Q7894424,wikidata,1,n/a
AL,Albania,False,Universiteti Wisdom,https://wisdom.edu.al,0,,Q101424695,wikidata,1,n/a
AL,Albania,False,University Metropolitan Tirana,https://umt.edu.al,0,,Q6825303,wikidata,1,n/a
AL,Albania,False,University of Arts (Albania),http://www.uart.edu.al,0,,Q1148613,wikidata,1,n/a
AL,Albania,False,University of Dyrrhachium,,0,,Q24914434,wikidata,1,n/a
AL,Albania,False,University of Shkodra,https://www.unishk.edu.al,0,,Q1142368,wikidata,1,n/a
AL,Albania,False,University of Sports,http://www.ust.edu.al,0,,Q4671520,wikidata,1,n/a
AL,Albania,False,University of Vlorë,http://www.univlora.edu.al,0,,Q1472179,wikidata,1,n/a
AL,Albania,False,V.I. Lenin Higher Party School,,0,,Q7905963,wikidata,1,n/a
AL,Albania,False,️Tirana European University of Tourism,http://www.euft.eu,0,,Q117260442,wikidata,1,n/a
AT,Austria,True,University of Vienna,https://www.univie.ac.at,191398,I129774422,Q165980,openalex;wikidata,3,True
AT,Austria,True,TU Wien,https://www.tuwien.at,121353,I145847075,Q689400,openalex;wikidata,2,False
AT,Austria,True,Universität Innsbruck,https://www.uibk.ac.at,117661,I190249584,,openalex,2,True
AT,Austria,True,Medical University of Vienna,https://www.meduniwien.ac.at,107869,I76134821,Q700731,openalex;wikidata,3,True
AT,Austria,True,University of Graz,https://www.uni-graz.at/en/,84542,I15766117,Q622683,openalex;wikidata,3,True
AT,Austria,True,Graz University of Technology,https://www.tugraz.at,73520,I4092182,Q689775,openalex;wikidata,3,True
AT,Austria,True,Innsbruck Medical University,https://www.i-med.ac.at/,45575,I143397708,,openalex,2,True
AT,Austria,True,Medical University of Graz,https://www.medunigraz.at/,44588,I202276237,Q872543,openalex;wikidata,3,True
AT,Austria,True,Johannes Kepler University of Linz,https://www.jku.at,42489,I121883995,Q682739,openalex;wikidata,3,True
AT,Austria,True,University of Salzburg,https://www.plus.ac.at/,31035,I182212641,Q27265,openalex;wikidata,3,True
AT,Austria,True,Vienna University of Economics and Business,https://www.wu.ac.at,19396,I102248843,Q278044,openalex;wikidata,3,True
AT,Austria,True,University of Veterinary Medicine Vienna,https://www.vetmeduni.ac.at,18158,I150540706,Q877421,openalex;wikidata,3,True
AT,Austria,True,Paracelsus Medical University,http://www.pmu.ac.at/,17427,I27945538,,openalex,2,True
AT,Austria,True,Montanuniversität Leoben,https://www.unileoben.ac.at,16545,I182712176,,openalex,2,True
AT,Austria,True,University of Klagenfurt,https://www.aau.at,12917,I4210166741,Q690639,openalex;wikidata,3,True
AT,Austria,True,Institute of Science and Technology Austria,https://ista.ac.at/,9571,I157556583,,openalex,2,True
AT,Austria,True,Central European University,https://www.ceu.edu,8857,I198945027,Q757391,openalex;wikidata,3,True
AT,Austria,True,University of Applied Sciences Upper Austria,https://fh-ooe.at/,5323,I4210136249,,openalex,2,True
AT,Austria,True,Sigmund Freud Privatuniversität Wien,https://www.sfu.ac.at,4984,I109570744,,openalex,2,True
AT,Austria,True,UMIT TIROL - Private University for Health Sciences and Health Technology,https://www.umit-tirol.at,4240,I4210114246,Q2111097,openalex;wikidata,3,True
AT,Austria,True,Nawi Graz,http://www.nawigraz.at,4183,I4210108044,,openalex,2,True
AT,Austria,True,Karl Landsteiner University of Health Sciences,https://www.kl.ac.at,2716,I4210149039,Q16511227,openalex;wikidata,3,True
AT,Austria,True,University of Music and Performing Arts Vienna,https://www.mdw.ac.at,2388,I173085932,Q686522,openalex;wikidata,3,True
AT,Austria,True,FH JOANNEUM University of Applied Sciences,http://fh-joanneum.at/,2118,I103365165,,openalex,2,True
AT,Austria,True,University of Applied Sciences Technikum Wien,https://www.technikum-wien.at,1668,I121760703,,openalex,2,True
AT,Austria,True,Management Center Innsbruck,https://www.mci.edu,1517,I41073452,,openalex,2,True
AT,Austria,True,University of Applied Sciences St Pölten,https://www.ustp.at,1503,I25485817,,openalex,2,True
AT,Austria,True,Fachhochschule Salzburg,https://www.fh-salzburg.ac.at,1491,I4210087982,,openalex,2,True
AT,Austria,True,Vienna Center for Quantum Science and Technology,https://vcq.quantum.at/,1416,I4210100980,,openalex,2,True
AT,Austria,True,University of Applied Arts Vienna,http://www.dieangewandte.at/jart/prj3/angewandte-2016/main.jart?rel=en&content-id=1436195997896&reserve-mode=active,1322,I143923934,Q877686,openalex;wikidata,3,True
AT,Austria,True,Danube Private University,http://www.danube-private-university.at/,1310,I1292235266,Q1165104,openalex;wikidata,3,True
AT,Austria,True,Hochschule Campus Wien,https://www.hcw.ac.at,1162,I4210088715,,openalex,2,True
AT,Austria,True,University of Arts and Industrial Design Linz,https://www.kunstuni-linz.at,1080,I4210115111,,openalex,2,True
AT,Austria,True,Vorarlberg University of Applied Sciences,https://www.fhv.at/,1056,I675453,,openalex,2,True
AT,Austria,True,MODUL University Vienna,https://www.modul.ac.at/,979,I150545927,Q872071,openalex;wikidata,3,True
AT,Austria,True,IMC University of Applied Sciences Krems,https://www.fh-krems.ac.at/en/,892,I2800230563,,openalex,2,True
AT,Austria,True,Fachhochschule Wiener Neustadt,https://www.fhwn.ac.at,887,I38523324,,openalex,2,True
AT,Austria,True,University of Music and Performing Arts Graz,https://www.kug.ac.at,808,I317320687,Q875147,openalex;wikidata,3,True
AT,Austria,True,University of Education Upper Austria,https://ph-ooe.at/,629,I4210094210,,openalex,2,True
AT,Austria,True,University of Applied Sciences Kufstein,https://www.fh-kufstein.ac.at/,618,I93485673,,openalex,2,True
AT,Austria,True,University of Applied Sciences Burgenland,https://hochschule-burgenland.at,593,I4210094037,,openalex,2,True
AT,Austria,True,Central European Institute of Technology,http://www2.ceit.at/,586,I4210117288,,openalex,2,True
AT,Austria,True,FHWien der WKW,https://www.fh-wien.ac.at,557,I4405252845,,openalex,2,True
AT,Austria,True,University of Applied Sciences BFI Vienna,https://www.fh-vie.ac.at,557,I4210109805,,openalex,2,True
AT,Austria,True,Webster Vienna Private University,https://webster.ac.at,518,I185278702,Q2553612,openalex;wikidata,3,True
AT,Austria,True,Seeburg Castle University,https://www.uni-seeburg.at/,467,I3130523916,Q1624003,openalex;wikidata,3,True
AT,Austria,True,University of Teacher Education Styria,https://www.phst.at/home,377,I4210100987,,openalex,2,True
AT,Austria,True,Interdisciplinary Transformation University Austria,https://www.it-u.at,354,I4403928435,,openalex,2,True
AT,Austria,True,Health University of Applied Sciences Tyrol,https://www.fhg-tirol.ac.at/page.cfm?vpath=index,313,I4210091108,,openalex,2,True
AT,Austria,True,Private Pädagogische Hochschule der Diözese Linz,https://www.phdl.at,313,I4210098265,,openalex,2,True
AT,Austria,True,Mozarteum University of Salzburg,https://www.moz.ac.at,310,I318632792,Q871369,openalex;wikidata,3,True
AT,Austria,True,Diplomatic Academy of Vienna,https://www.da-vienna.ac.at/en/,308,I4210110766,,openalex,2,True
AT,Austria,True,European Space Policy Institute,http://www.espi.or.at/,307,I4210121004,,openalex,2,True
AT,Austria,True,Pädagogische Hochschule Salzburg,https://phsalzburg.at,283,I4210159430,,openalex,2,True
AT,Austria,True,University College of Teacher Education Tyrol,https://ph-tirol.ac.at,274,I4210086265,,openalex,2,True
AT,Austria,True,Anton Bruckner Private University,https://www.bruckneruni.ac.at,265,I3133103898,,openalex,2,True
AT,Austria,True,Private Pädagogische Hochschule Augustinum,https://pph-augustinum.at,237,I4210110078,,openalex,2,True
AT,Austria,True,Catholic Theological Private University Linz,http://ku-linz.at/,236,I3131831407,,openalex,2,True
AT,Austria,True,CAMPUS 02 University for Applied Sciences,https://www.campus02.at,188,I4210126885,,openalex,2,True
AT,Austria,True,University of Applied Sciences for Health Professions Upper Austria,https://www.fh-gesundheitsberufe.at,171,I4210108027,,openalex,2,True
AT,Austria,True,Institute of Human Sciences,http://www.iwm.at/,151,I4210086155,,openalex,2,True
AT,Austria,True,Pädagogische Hochschule Vorarlberg,https://www.ph-vorarlberg.ac.at,141,I4210159857,,openalex,2,True
AT,Austria,True,Ferdinand Porsche FERNFH,https://www.fernfh.ac.at,121,I4405261147,,openalex,2,True
AT,Austria,True,New Design University,https://www.ndu.ac.at,106,I3132408653,,openalex,2,True
AT,Austria,True,University College for Agrarian and Environmental Pedagogy,http://www.agrarumweltpaedagogik.ac.at/en/index.html,97,I4210106792,,openalex,2,True
AT,Austria,True,Pädagogische Hochschule Burgenland,http://www.ph-burgenland.at/startseite/,73,I4210115396,,openalex,2,True
AT,Austria,True,Bertha von Suttner Privatuniversität St. Pölten GmbH,https://suttneruni.at/de/universitaet,71,I4405253571,,openalex,2,True
AT,Austria,True,Lauder Business School,https://lbs.ac.at,44,I2800706213,,openalex,2,True
AT,Austria,True,Universities Austria,https://uniko.ac.at,38,I4210135192,,openalex,2,True
AT,Austria,True,Sigmund Freud Privatuniversität - Standort Linz,https://www.sfu-linz.ac.at,36,I4405254988,,openalex,2,True
AT,Austria,True,Meteoceanics Institute for Complex System Science,https://www.meteoceanics.pt/,31,I4210095871,,openalex,2,True
AT,Austria,True,Music and Arts University of the City of Vienna,http://www.muk.ac.at/,30,I3132041272,Q876640,openalex;wikidata,3,True
AT,Austria,True,Fachhochschule für Management & Kommunikation,http://en.fh-wien.ac.at/,29,I4210112698,,openalex,2,True
AT,Austria,True,University of Sustainability,https://www.uni-sustainability.at,22,I4403928296,,openalex,2,True
AT,Austria,True,European Peace University,http://www.epu.ac.at/epu/,20,I4210102226,Q875466,openalex;wikidata,3,True
AT,Austria,True,Gustav Mahler Privatuniversität,https://www.gmpu.ac.at,16,I4405256208,,openalex,2,True
AT,Austria,True,Wiener Psychoanalytische Vereinigung,https://wpv.at,12,I4405253517,,openalex,2,True
AT,Austria,True,JAM MUSIC LAB Private University for Jazz and Popular Music Vienna,https://www.jammusiclab.com,7,I4405254280,,openalex,2,True
AT,Austria,True,Wiener Forum für Demokratie und Menschenrechte,https://www.humanrights.at,6,I4405254703,,openalex,2,True
AT,Austria,True,PEF Private University of Management Vienna,http://www.pef.at,4,I4210165796,,openalex,2,True
AT,Austria,True,Stella Vorarlberg Privathochschule für Musik,https://stella-musikhochschule.ac.at,3,I4405255334,,openalex,2,True
AT,Austria,True,Anton Bruckner University,https://www.bruckneruni.at,0,,Q461551,wikidata,2,True
AT,Austria,True,"Arenberg Castle, Salzburg",,0,,Q2240079,wikidata,2,True
AT,Austria,True,Catholic Private University Linz,http://www.ku-linz.at,0,,Q179640,wikidata,2,True
AT,Austria,True,"Faculty of Catholic Theology, University of Vienna",http://ktfw.univie.ac.at,0,,Q1736314,wikidata,2,True
AT,Austria,True,Faculty of Law of the University of Graz,https://rewi.uni-graz.at,0,,Q71147627,wikidata,2,True
AT,Austria,True,Imadec Executive Education,http://www.imadec.eu,0,,Q1654084,wikidata,2,True
AT,Austria,True,Imperial and Royal Naval Academy,,0,,Q833084,wikidata,2,True
AT,Austria,True,ITU – Interdisciplinary Transformation University Austria,https://it-u.at,0,,Q115669377,wikidata,2,True
AT,Austria,True,Jesuitenkolleg Graz,,0,,Q50424363,wikidata,2,True
AT,Austria,True,"Joseph Haydn Konservatorium, Eisenstadt",http://www.haydnkons.at,0,,Q1706345,wikidata,2,True
AT,Austria,True,Medical University of Innsbruck,https://www.i-med.ac.at,0,,Q686772,wikidata,2,True
AT,Austria,True,New Design University St. Pölten,http://www.ndu.ac.at,0,,Q1448536,wikidata,2,True
AT,Austria,True,Open Acting Academy,https://www.schauspielschule.at,0,I4210137859,,openalex,2,True
AT,Austria,True,Philosophisch-Theologische Hochschule St. Pölten,http://www.pth-stpoelten.at,0,,Q2088274,wikidata,2,True
AT,Austria,True,Sigmund Freud Private University,http://www.sfu.ac.at,0,,Q2157899,wikidata,2,True
AT,Austria,True,Technical University of Leoben,http://www.unileoben.ac.at,0,,Q674568,wikidata,2,True
AT,Austria,True,University for Continuing Education Krems,http://www.donau-uni.ac.at,0,,Q508048,wikidata,2,True
AT,Austria,True,University of Art and Design Linz,https://www.kunstuni-linz.at,0,,Q1516259,wikidata,2,True
AT,Austria,True,University of Innsbruck,https://www.uibk.ac.at,0,,Q875788,wikidata,2,True
AT,Austria,True,University of Innsbruck. Faculty of Catholic Theology,https://www.uibk.ac.at/theol,0,,Q107548477,wikidata,2,True
AT,Austria,True,"University of Natural Resources and Life Sciences, Vienna",https://www.boku.ac.at,0,,Q876520,wikidata,2,True
BA,Bosnia and Herzegovina,False,University of Sarajevo,https://unsa.ba,18469,I104817121,Q572286,openalex;wikidata,3,True
BA,Bosnia and Herzegovina,False,University of Banja Luka,https://unibl.org,9572,I173887773,Q1587312,openalex;wikidata,3,True
BA,Bosnia and Herzegovina,False,University of Tuzla,https://untz.ba/,5068,I140596196,Q1578569,openalex;wikidata,3,True
BA,Bosnia and Herzegovina,False,University of East Sarajevo,https://ues.rs.ba,4515,I194184283,Q6470528,openalex;wikidata,3,True
BA,Bosnia and Herzegovina,False,University of Mostar,https://www.sum.ba/,4229,I150934001,Q2303102,openalex;wikidata,3,True
BA,Bosnia and Herzegovina,False,International University of Sarajevo,https://www.ius.edu.ba,1943,I157703844,Q3443302,openalex;wikidata,3,True
BA,Bosnia and Herzegovina,False,University of Zenica,https://unze.ba,1755,I17998986,Q2496184,openalex;wikidata,3,True
BA,Bosnia and Herzegovina,False,International Burch University,https://www.ibu.edu.ba/,1726,I51716468,Q6048890,openalex;wikidata,2,False
BA,Bosnia and Herzegovina,False,University of Bihać,http://unbi.ba/,1286,I52574355,Q2495989,openalex;wikidata,3,True
BA,Bosnia and Herzegovina,False,Sarajevo School of Science and Technology,https://ssst.edu.ba/en,819,I137551348,Q7422990,openalex;wikidata,3,True
BA,Bosnia and Herzegovina,False,Dzemal Bijedic University of Mostar,https://www.unmo.ba,776,I2765191542,Q6471118,openalex;wikidata,3,True
BA,Bosnia and Herzegovina,False,University of Travnik,http://www.unt.ba/v2/,433,I2802424043,Q12760368,openalex;wikidata,2,False
BA,Bosnia and Herzegovina,False,University of Bijeljina,http://www.ubn.rs.ba/,401,I4210112735,Q7895118,openalex;wikidata,2,False
BA,Bosnia and Herzegovina,False,Independent University Banja Luka,https://nubl.org,242,I4387156012,,openalex,2,True
BA,Bosnia and Herzegovina,False,University Sinergija,https://sinergija.edu.ba,228,I3132190156,Q7894931,openalex;wikidata,2,False
BA,Bosnia and Herzegovina,False,University of Business Engineering and Management,https://univerzitetpim.edu.ba,131,I4405253551,Q87401635,openalex;wikidata,2,False
BA,Bosnia and Herzegovina,False,American University in Bosnia and Herzegovina,http://www.aubih.edu.ba,72,I4210135783,Q4745313,openalex;wikidata,2,False
BA,Bosnia and Herzegovina,False,"""International business-information academy"" Tuzla (IPI Academy)",https://www.ipi-akademija.ba,27,I4405261679,,openalex,2,True
BA,Bosnia and Herzegovina,False,Academy of Performing Arts in Sarajevo,https://www.asu.unsa.ba,0,,Q4671522,wikidata,2,True
BA,Bosnia and Herzegovina,False,"Agromediterranean Faculty, University Džemal Bijedić of Mostar",http://www.af.unmo.ba,0,,Q16960490,wikidata,2,True
BA,Bosnia and Herzegovina,False,Banja Luka College,https://www.blc.edu.ba,0,,Q13081337,wikidata,2,True
BA,Bosnia and Herzegovina,False,"Catholic Faculty of Theology, University of Sarajevo",https://kbf.unsa.ba/fakultet,0,,Q20573091,wikidata,2,True
BA,Bosnia and Herzegovina,False,"Faculty of Business Management, University Džemal Bijedić of Mostar",http://www.fpm.ba/bos/stream.php?kat=17,0,,Q17005563,wikidata,2,True
BA,Bosnia and Herzegovina,False,"Faculty of Human Sciences/Humanities, University Džemal Bijedić of Mostar",http://www.fhn.unmo.ba,0,,Q16837884,wikidata,2,True
BA,Bosnia and Herzegovina,False,"Faculty of Philosophy, University of East Sarajevo",http://www.ffuis.edu.ba,0,,Q116312167,wikidata,2,True
BA,Bosnia and Herzegovina,False,"Faculty of Philosophy, University of Mostar",http://ff.sve-mo.ba,0,,Q12631009,wikidata,2,True
BA,Bosnia and Herzegovina,False,Faculty of Political Science in Sarajevo,http://fpn.unsa.ba,0,,Q5364390,wikidata,2,True
BA,Bosnia and Herzegovina,False,Sarajevo Film Academy,,0,,Q141260312,wikidata,2,True
BA,Bosnia and Herzegovina,False,Sarajevo Graduate School of Business,http://www.sgsb.ba,0,,Q7422982,wikidata,2,True
BA,Bosnia and Herzegovina,False,"Teachers Faculty, University Džemal Bijedić of Mostar",http://www.nf.unmo.ba,0,,Q17097870,wikidata,2,True
BE,Belgium,True,KU Leuven,https://www.kuleuven.be,327806,I99464096,,openalex,2,True
BE,Belgium,True,University of Liège,https://www.uliege.be,285077,I157674565,Q1334582,openalex;wikidata,3,True
BE,Belgium,True,Ghent University,https://www.ugent.be,227989,I32597200,Q1137665,openalex;wikidata,3,True
BE,Belgium,True,UCLouvain,https://uclouvain.be,146598,I95674353,Q378134,openalex;wikidata,2,False
BE,Belgium,True,Université Libre de Bruxelles,https://www.ulb.be,119635,I132053463,Q574606,openalex;wikidata,3,True
BE,Belgium,True,Vrije Universiteit Brussel,https://www.vub.be/,104837,I13469542,Q612665,openalex;wikidata,2,False
BE,Belgium,True,University of Antwerp,https://www.uantwerpen.be/en/,103657,I149213910,Q175241,openalex;wikidata,3,True
BE,Belgium,True,University of Mons,https://web.umons.ac.be,54201,I130929987,Q1742161,openalex;wikidata,3,True
BE,Belgium,True,Hasselt University,https://www.uhasselt.be,25168,I878454856,Q1781858,openalex;wikidata,3,True
BE,Belgium,True,University of Namur,https://unamur.be,19484,I149768937,Q1391755,openalex;wikidata,3,True
BE,Belgium,True,UCLouvain Saint-Louis Brussels,https://www.usaintlouis.be,3273,I4210121589,,openalex,2,True
BE,Belgium,True,Erasmus University College Brussels,https://www.erasmushogeschool.be,1115,I98486269,,openalex,2,True
BE,Belgium,True,Antwerp Management School,https://www.antwerpmanagementschool.be/en,893,I4210092681,,openalex,2,True
BE,Belgium,True,Artevelde University College Ghent,https://www.arteveldehogeschool.be/en/,479,I4210157803,,openalex,2,True
BE,Belgium,True,Leuven Stem Cell Institute,https://www.kuleuven.be/samenwerking/scil,444,I4405264342,,openalex,2,True
BE,Belgium,True,University Colleges Leuven-Limburg,https://www.ucll.be,377,I4210139890,,openalex,2,True
BE,Belgium,True,Catholic University College of Bruges–Ostend,http://www.khbo.be,350,I2800805412,,openalex,2,True
BE,Belgium,True,Haute École de Bruxelles,http://www.heb.be/,306,I4210132833,,openalex,2,True
BE,Belgium,True,Antwerp Maritime Academy,https://hzs.be,304,I2799869615,,openalex,2,True
BE,Belgium,True,Haute École Louvain en Hainaut,https://www.helha.be,302,I4210132069,,openalex,2,True
BE,Belgium,True,Brussels Management School,http://www.ichec.be/index.php?&kb_lang=english,213,I4210107704,,openalex,2,True
BE,Belgium,True,École Pratique des Hautes Études Commerciales,http://www.ephec.be/,180,I4210163462,Q3578319,openalex;wikidata,2,False
BE,Belgium,True,Brussels School of International Studies,https://www.kent.ac.uk/brussels/,170,I2799845049,Q4979801,openalex;wikidata,3,True
BE,Belgium,True,Haute École de la Province de Liège,https://www.provincedeliege.be/hauteecole,167,I4210148043,Q3128589,openalex;wikidata,3,True
BE,Belgium,True,École Supérieure des Arts Saint-Luc de Liège,https://www.saint-luc.be/,99,I4210124918,,openalex,2,True
BE,Belgium,True,Haute École Libre de Bruxelles Ilya Prigogine,https://www.helb-prigogine.be/,89,I4210124849,,openalex,2,True
BE,Belgium,True,Haute École de Namur-Liège-Luxembourg,http://www.henallux.be/,82,I4210154903,,openalex,2,True
BE,Belgium,True,Haute École de la Ville de Liège,http://www.hel.be/,73,I4210143645,,openalex,2,True
BE,Belgium,True,Faculté universitaire de Théologie protestante de Bruxelles,https://protestafac.ac.be,53,I4405263089,,openalex,2,True
BE,Belgium,True,Haute École de la Province de Namur,http://www.hepn.be/,16,I4210144374,Q29642358,openalex;wikidata,3,True
BE,Belgium,True,Boston University Brussels,http://www.bu.edu/brussels/,14,I4210120062,,openalex,2,True
BE,Belgium,True,Académie Royale des Beaux-Arts de Liège,https://www.academieroyaledesbeauxartsliege.be/,5,I3131882295,,openalex,2,True
BE,Belgium,True,École Supérieure des Arts de l'Image Le 75,http://www.leseptantecinq.be/,1,I4210157429,Q29642316,openalex;wikidata,2,False
BE,Belgium,True,Académie Louvain,http://www.academielouvain.be,0,,Q337461,wikidata,2,True
BE,Belgium,True,"Arras College, Leuven",,0,,Q123232301,wikidata,2,True
BE,Belgium,True,Bruxelles Estudiantin,,0,,Q135435182,wikidata,2,True
BE,Belgium,True,Catholic University of Leuven (1834–1968),,0,,Q644789,wikidata,2,True
BE,Belgium,True,Catholic University of Mechlin,,0,,Q111212051,wikidata,2,True
BE,Belgium,True,Catholic university of Mons,,0,,Q32956933,wikidata,2,True
BE,Belgium,True,"Faculty of Theology, Catholic University of Louvain",,0,,Q2647947,wikidata,2,True
BE,Belgium,True,Faculté polytechnique de Mons,http://portail.umons.ac.be/FR/universite/facultes/fpms,0,,Q65043,wikidata,2,True
BE,Belgium,True,Free University of Brussels,,0,,Q20754971,wikidata,2,True
BE,Belgium,True,HEC Management School – University of Liège,http://www.hec.uliege.be,0,,Q3124820,wikidata,2,True
BE,Belgium,True,Katholieke Universiteit Leuven,https://www.kuleuven.be/english,0,,Q833670,wikidata,2,True
BE,Belgium,True,New University of Brussels,,0,,Q2086107,wikidata,2,True
BE,Belgium,True,Office of the Rector (University of Ghent),,0,,Q21771877,wikidata,2,True
BE,Belgium,True,"Saint Ignatius University Centre, Antwerp",https://www.ucsia.org,0,,Q28136759,wikidata,2,True
BE,Belgium,True,State University of Leuven,,0,,Q2014020,wikidata,2,True
BE,Belgium,True,UCLouvain Saint-Louis – Bruxelles,http://www.usaintlouis.be,0,,Q1391752,wikidata,2,True
BE,Belgium,True,Universities in Leuven,,0,,Q943498,wikidata,2,True
BE,Belgium,True,University of Mons-Hainaut,https://www.umons.ac.be,0,,Q2230156,wikidata,2,True
BE,Belgium,True,École polytechnique de Bruxelles,https://polytech.ulb.be,0,,Q3064330,wikidata,2,True
BG,Bulgaria,False,"Sofia University ""St. Kliment Ohridski""",https://www.uni-sofia.bg/,33565,I58918642,,openalex,1,n/a
BG,Bulgaria,False,Medical University of Sofia,https://mu-sofia.bg/,13175,I30147112,,openalex,1,n/a
BG,Bulgaria,False,Technical University of Sofia,https://tu-sofia.bg/,12635,I31151848,Q2303775,openalex;wikidata,2,n/a
BG,Bulgaria,False,Medical University of Varna,https://www.mu-varna.bg,7997,I147017597,Q648637,openalex;wikidata,2,n/a
BG,Bulgaria,False,Plovdiv University,https://uni-plovdiv.bg/,7658,I192878625,Q7205171,openalex;wikidata,2,n/a
BG,Bulgaria,False,Medical University Plovdiv,https://mu-plovdiv.bg/,7269,I2801117330,,openalex,1,n/a
BG,Bulgaria,False,Trakia University,https://trakia-uni.bg,5846,I173112312,Q3658386,openalex;wikidata,2,n/a
BG,Bulgaria,False,Angel Kanchev University of Ruse,https://www.uni-ruse.bg,4631,I43986944,,openalex,1,n/a
BG,Bulgaria,False,University of Chemical Technology and Metallurgy,https://uctm.edu,3949,I4210148616,Q12298062,openalex;wikidata,2,n/a
BG,Bulgaria,False,University of National and World Economy,http://www.unwe.bg/en,3541,I211070993,Q1029504,openalex;wikidata,2,n/a
BG,Bulgaria,False,"South-West University ""Neofit Rilski""",https://www.swu.bg,2931,I168129107,Q2380350,openalex;wikidata,2,n/a
BG,Bulgaria,False,Medical University Pleven,https://mu-pleven.bg/index.php/bg/,2883,I507746717,Q1916598,openalex;wikidata,2,n/a
BG,Bulgaria,False,Technical University of Varna,http://new.tu-varna.bg/en/index.php/bg/,2668,I147527907,Q2399361,openalex;wikidata,2,n/a
BG,Bulgaria,False,University of Forestry,https://ltu.bg,2531,I170627324,,openalex,1,n/a
BG,Bulgaria,False,New Bulgarian University,https://nbu.bg,2413,I122492136,Q370968,openalex;wikidata,2,n/a
BG,Bulgaria,False,Shumen University,https://www.shu.bg,2306,I39995536,Q1782652,openalex;wikidata,2,n/a
BG,Bulgaria,False,University of Food Technologies,https://uft-plovdiv.bg,2303,I4210086451,Q12297235,openalex;wikidata,2,n/a
BG,Bulgaria,False,Prof. Assen Zlatarov University,http://www.btu.bg/index.php/bg/,2044,I4210108077,,openalex,1,n/a
BG,Bulgaria,False,Agricultural University Plovdiv,https://www.au-plovdiv.bg,1939,I4210144807,Q30257336,openalex;wikidata,2,n/a
BG,Bulgaria,False,"University of Architecture, Civil Engineering and Geodesy",https://uacg.bg/,1840,I206451062,Q7895055,openalex;wikidata,2,n/a
BG,Bulgaria,False,University of Economics Varna,https://www.ue-varna.bg,1650,I124938932,Q493187,openalex;wikidata,2,n/a
BG,Bulgaria,False,St. Cyril and St. Methodius University of Veliko Tarnovo,http://www.uni-vt.bg/bul/,1574,I196275078,,openalex,1,n/a
BG,Bulgaria,False,Technical University of Gabrovo,https://www.tugab.bg,1332,I64251745,Q2399293,openalex;wikidata,2,n/a
BG,Bulgaria,False,Vasil Levski National Military University,https://www.nvu.bg,1308,I297557266,Q2594811,openalex;wikidata,2,n/a
BG,Bulgaria,False,National Center of Infectious and Parasitic Diseases,https://www.ncipd.org/index.php?lang=bg,1214,I4210165578,,openalex,1,n/a
BG,Bulgaria,False,"University of Mining and Geology ""Saint Ivan Rilski""",https://mgu.bg,1166,I4210109310,Q2496195,openalex;wikidata,2,n/a
BG,Bulgaria,False,G. S. Rakovski National Defence College,http://rnda.armf.bg/,1111,I4210141145,,openalex,1,n/a
BG,Bulgaria,False,National Sports Academy Vassil Levski,https://www.nsa.bg/,1048,I4210151029,,openalex,1,n/a
BG,Bulgaria,False,University of Library Studies and Information Technologies,https://www.unibit.bg,1028,I190032430,,openalex,1,n/a
BG,Bulgaria,False,Nikola Vaptsarov Naval Academy,https://www.naval-acad.bg,780,I4210146773,Q7035695,openalex;wikidata,2,n/a
BG,Bulgaria,False,D. A. Tsenov Academy of Economics,https://www.uni-svishtov.bg/,754,I3131097907,Q12295453,openalex;wikidata,2,n/a
BG,Bulgaria,False,American University in Bulgaria,https://www.aubg.edu/,713,I178498160,Q469484,openalex;wikidata,2,n/a
BG,Bulgaria,False,Burgas Free University,https://www.bfu.bg/bg,645,I31072267,Q118038,openalex;wikidata,2,n/a
BG,Bulgaria,False,Institute for Bulgarian Language,http://ibl.bas.bg/en/,581,I3130674585,,openalex,1,n/a
BG,Bulgaria,False,Todor Kableshkov University of Transport,https://www.vtu.bg,558,I4210120207,,openalex,1,n/a
BG,Bulgaria,False,Varna Free University,https://www.vfu.bg,472,I62709064,Q155522,openalex;wikidata,2,n/a
BG,Bulgaria,False,University of Telecommunications and Post,https://www.utp.bg,419,I4210134454,,openalex,1,n/a
BG,Bulgaria,False,Varna University of Management,http://www.vumk.eu/,410,I4210108054,Q12286392,openalex;wikidata,2,n/a
BG,Bulgaria,False,University of Agribusiness and Rural Development,https://uard.bg,303,I4210149094,,openalex,1,n/a
BG,Bulgaria,False,Big Data for Smart Society (GATE) Institute,https://www.gate-ai.eu,240,I4405268576,,openalex,1,n/a
BG,Bulgaria,False,"University of Finance, Business and Entrepreneurship",http://www.vuzf.bg/?Template=VUZF&LanguageID=2,171,I4210151795,,openalex,1,n/a
BG,Bulgaria,False,National Academy for Theatre and Film Arts,http://en.natfiz.bg/,164,I4210088811,,openalex,1,n/a
BG,Bulgaria,False,University of Security and Economics,http://cea.bg/web/file.index.file/lang.2/,162,I4210132707,,openalex,1,n/a
BG,Bulgaria,False,Plant Protection Institute,http://www.ppi-bg.org/index_en.php?lang=_en,154,I4210152510,,openalex,1,n/a
BG,Bulgaria,False,University of Structural Engineering and Architecture Lyuben Karavelov,https://www.vsu.bg,135,I4210094015,,openalex,1,n/a
BG,Bulgaria,False,Bulgarian Air Force Academy,https://www.af-acad.bg,130,I4405259652,,openalex,1,n/a
BG,Bulgaria,False,International Business School,http://www.ibsedu.com/,93,I4210096710,,openalex,1,n/a
BG,Bulgaria,False,"Academy of Music, Dance and Fine Arts",http://try.artacademyplovdiv.com,86,I4210158777,,openalex,1,n/a
BG,Bulgaria,False,European Polytechnical University,http://www.epu.bg/index.php/en/,83,I2510749371,Q12279431,openalex;wikidata,2,n/a
BG,Bulgaria,False,Food Research and Development Institute,http://www.canri.org/,64,I4210166507,,openalex,1,n/a
BG,Bulgaria,False,"Bulgarian Defence Institute ""Professor Tsvetan Lazarov""",https://di.mod.bg,57,I4405259838,,openalex,1,n/a
BG,Bulgaria,False,National Academy of Music Prof. Pancho Vladigerov,http://www.nma.bg,30,I4210121286,,openalex,1,n/a
BG,Bulgaria,False,College of Tourism,https://cotur.bg/,10,I4210102207,,openalex,1,n/a
BG,Bulgaria,False,European College of Economics and Management,https://ehsem.bg/,5,I4210149981,,openalex,1,n/a
BG,Bulgaria,False,Theatre College Luben Groys,http://lgroys-college.com/lg.php?id=en,1,I4210097819,,openalex,1,n/a
BG,Bulgaria,False,"""Prof. Dr. Assen Zlatarov"" University",http://www.btu.bg,0,,Q723646,wikidata,1,n/a
BG,Bulgaria,False,Agricultural Academy,http://www.agriacad.bg,0,,Q92309223,wikidata,1,n/a
BG,Bulgaria,False,Military Medical Academy,http://www.vma.bg/indexen.php,0,,Q6852078,wikidata,1,n/a
BG,Bulgaria,False,NVU,,0,,Q35326544,wikidata,1,n/a
BG,Bulgaria,False,Plovdiv Medical University,https://mu-plovdiv.bg,0,,Q3557727,wikidata,1,n/a
BG,Bulgaria,False,Q12297583,http://www.uni-kardzhali.com,0,,Q12297583,wikidata,1,n/a
BG,Bulgaria,False,Q20499305,,0,,Q20499305,wikidata,1,n/a
BG,Bulgaria,False,Q21786759,,0,,Q21786759,wikidata,1,n/a
BG,Bulgaria,False,Q21786760,,0,,Q21786760,wikidata,1,n/a
BG,Bulgaria,False,Q21786764,,0,,Q21786764,wikidata,1,n/a
BG,Bulgaria,False,"Skopje State University ""Tsar Boris III – The Unifier""",,0,,Q25484589,wikidata,1,n/a
BG,Bulgaria,False,Sofia Medical University,https://mu-sofia.bg,0,,Q1485112,wikidata,1,n/a
BG,Bulgaria,False,Sofia University,https://uni-sofia.bg,0,,Q841581,wikidata,1,n/a
BG,Bulgaria,False,State Polytechnical School,,0,,Q12279303,wikidata,1,n/a
BG,Bulgaria,False,State University of Library Studies and Information Technologies,http://www.unibit.bg,0,,Q1622169,wikidata,1,n/a
BG,Bulgaria,False,Todor Kableshkov Higher School of Transport,http://www.vtu.bg,0,,Q12275343,wikidata,1,n/a
BG,Bulgaria,False,"University of Forestry, Sofia",http://www.ltu.bg,0,,Q7895441,wikidata,1,n/a
BG,Bulgaria,False,University of Ruse,https://www.uni-ruse.bg,0,,Q2496153,wikidata,1,n/a
BG,Bulgaria,False,Veliko Tarnovo University,http://www.uni-vt.bg,0,,Q1629255,wikidata,1,n/a
BY,Belarus,False,Belarusian State University,https://bsu.by,28746,I291386647,Q2418908,openalex;wikidata,2,n/a
BY,Belarus,False,Belarusian National Technical University,https://bntu.by,9862,I45812101,Q815268,openalex;wikidata,2,n/a
BY,Belarus,False,Belarusian State University of Informatics and Radioelectronics,https://www.bsuir.by/,7517,I7452641,Q816145,openalex;wikidata,2,n/a
BY,Belarus,False,Belarusian State Medical University,https://www.bsmu.by,4354,I53298266,Q2510885,openalex;wikidata,2,n/a
BY,Belarus,False,A.V. Luikov Heat and Mass Transfer Institute,http://www.itmo.by/en/,4142,I4210118873,,openalex,1,n/a
BY,Belarus,False,Gomel State Medical University,https://gsmu.by,3859,I175182817,Q1969692,openalex;wikidata,2,n/a
BY,Belarus,False,Belarusian State Technological University,https://www.belstu.by/,3670,I156088403,Q4082750,openalex;wikidata,2,n/a
BY,Belarus,False,Grodno State Medical University,http://www.grsmu.by/,3341,I4210132691,Q2067552,openalex;wikidata,2,n/a
BY,Belarus,False,Francisk Skorina Gomel State University,https://www.gsu.by,2615,I3133061971,,openalex,1,n/a
BY,Belarus,False,Yanka Kupala State University of Grodno,https://www.grsu.by,2424,I112112522,Q2986673,openalex;wikidata,2,n/a
BY,Belarus,False,Sukhoi State Technical University of Gomel,https://www.gstu.by/,1694,I1343961013,,openalex,1,n/a
BY,Belarus,False,Belarusian Medical Academy of Post-Graduate Education,http://old.belmapo.by/en/,1581,I4210099048,,openalex,1,n/a
BY,Belarus,False,Vitebsk State Medical University,https://www.vsmu.by/en/,1554,I4210116198,,openalex,1,n/a
BY,Belarus,False,Belarusian State Economic University,https://www.bseu.by,1461,I4210106621,Q2628140,openalex;wikidata,2,n/a
BY,Belarus,False,Euphrosyne Polotskaya State University,https://www.psu.by,1456,I4210135321,,openalex,1,n/a
BY,Belarus,False,Belarusian Russian University,http://bru.by/,1376,I4210156922,Q3918587,openalex;wikidata,2,n/a
BY,Belarus,False,Brest State Technical University,https://www.bstu.by/,1327,I157264004,Q1790193,openalex;wikidata,2,n/a
BY,Belarus,False,International Sakharov Environmental Institute,http://www.iseu.bsu.by/,1275,I45462715,,openalex,1,n/a
BY,Belarus,False,Polessky State University,http://www.polessu.by,1097,I4210121150,Q2025592,openalex;wikidata,2,n/a
BY,Belarus,False,Belarussian State Pedagogical University Named After Maxim Tank,https://bspu.by,932,I245322490,,openalex,1,n/a
BY,Belarus,False,Vitebsk State University named after P.M. Masherov,https://vsu.by,858,I173153313,,openalex,1,n/a
BY,Belarus,False,Brest State A.S. Pushkin University,https://www.brsu.by,839,I4210105624,Q2638914,openalex;wikidata,2,n/a
BY,Belarus,False,Belarusian State University of Transport,https://bsut.by,779,I45349414,Q1964941,openalex;wikidata,2,n/a
BY,Belarus,False,Belarusian State Agrarian Technical University,https://bsatu.by,683,I4210094077,Q4082743,openalex;wikidata,2,n/a
BY,Belarus,False,Vitebsk State Technological University,http://vstu.by/,618,I153855432,Q1985003,openalex;wikidata,2,n/a
BY,Belarus,False,Minsk State Linguistic University,https://www.mslu.by/,493,I4210155631,,openalex,1,n/a
BY,Belarus,False,Military Academy of the Republic of Belarus,https://varb.mil.by/,474,I4210114602,,openalex,1,n/a
BY,Belarus,False,University of Civil Protection,https://ucp.by/,465,I4210139895,,openalex,1,n/a
BY,Belarus,False,Mozyr State Pedagogical University named after I.P.Shamyakin,http://www.mspu.by,432,I4210147125,Q2026214,openalex;wikidata,2,n/a
BY,Belarus,False,Baranavichy State University,https://barsu.by,427,I4210091668,Q946573,openalex;wikidata,2,n/a
BY,Belarus,False,Vitebsk State Academy of Veterinary Medicine,https://www.vsavm.by,399,I4210115852,Q4112332,openalex;wikidata,2,n/a
BY,Belarus,False,Mogilev State A.Kuleshov University,https://www.msu.by/,357,I3130253246,,openalex,1,n/a
BY,Belarus,False,Belarusian State Agricultural Academy,http://www.baa.by,329,I4210141083,Q2385041,openalex;wikidata,2,n/a
BY,Belarus,False,Belarusian State Academy of Telecommunications,https://bsac.by,295,I4210108436,,openalex,1,n/a
BY,Belarus,False,Academy of Public Administration under the aegis of the President of the Republic of Belarus,https://www.pac.by,283,I4210119280,,openalex,1,n/a
BY,Belarus,False,Belarusian State University of Culture and Arts,http://buk.by/,277,I4210108916,Q3646646,openalex;wikidata,2,n/a
BY,Belarus,False,Grodno State Agrarian University,https://inter.ggau.by,234,I4210139234,,openalex,1,n/a
BY,Belarus,False,International University MITSO,http://international.mitso.by/,232,I4210151258,,openalex,1,n/a
BY,Belarus,False,Mogilev State University of Food Technologies,http://www.mgup.by/,232,I4210150067,,openalex,1,n/a
BY,Belarus,False,Belarusian State University of Physical Culture,http://www.sportedu.by/,214,I4210121944,Q3919998,openalex;wikidata,2,n/a
BY,Belarus,False,Minsk Institute of Management,http://www.miu.by/,205,I4210132316,,openalex,1,n/a
BY,Belarus,False,International Institute of Management and Business,https://www.imb.by,198,I4405254865,,openalex,1,n/a
BY,Belarus,False,Minsk Regional Institute of Education Development,http://www.moiro.by/index.php,190,I4210158143,,openalex,1,n/a
BY,Belarus,False,Belarusian State Aviation Academy,http://bgaa.by/,179,I4210118068,,openalex,1,n/a
BY,Belarus,False,Belarusian State Academy of Music,http://www.bgam.by/,106,I3132796931,Q2032304,openalex;wikidata,2,n/a
BY,Belarus,False,Belarusian Trade-Economic University of Consumer Cooperation,https://bteu.by,100,I4210101523,Q4881948,openalex;wikidata,2,n/a
BY,Belarus,False,Gomel Engineering Institute,http://www.gii.by/,87,I4210125688,Q4142924,openalex;wikidata,2,n/a
BY,Belarus,False,Institute of Parliamentarism and Entrepreneurship,http://www.ipp.by,45,I4210136398,,openalex,1,n/a
BY,Belarus,False,Minsk Radioengineering College,http://mrk-bsuir.by,37,I4210147899,,openalex,1,n/a
BY,Belarus,False,Institute of Modern Knowledge named after A.M. Shirokova,http://www.isz.minsk.by/,16,I4210104206,,openalex,1,n/a
BY,Belarus,False,"State Educational Institution ""Academy of Education""",https://akademy.by,13,I4405254199,,openalex,1,n/a
BY,Belarus,False,International Humanitarian and Economic Institute,http://www.mgei.org/,7,I4210109525,,openalex,1,n/a
BY,Belarus,False,Belarusian State University of Food and Chemical Technologies,https://bgut.by,0,,Q6510229,wikidata,1,n/a
BY,Belarus,False,Belarusian State University of Foreign Languages,https://bsufl.by,0,,Q2992066,wikidata,1,n/a
BY,Belarus,False,collège des Jésuites de Nieśwież,,0,,Q3919169,wikidata,1,n/a
BY,Belarus,False,Euphrosyne Polotskaya State University of Polotsk,https://www.psu.by,0,,Q2496026,wikidata,1,n/a
BY,Belarus,False,European Humanities University,http://www.ehu.lt,0,,Q1377393,wikidata,1,n/a
BY,Belarus,False,Francisk Scorina Homiel State University,http://gsu.by,0,,Q2630637,wikidata,1,n/a
BY,Belarus,False,Hrodna State Agricultural University,http://www.ggau.by,0,,Q3917904,wikidata,1,n/a
BY,Belarus,False,International Sakharov Environmental University,https://www.iseu.bsu.by/ru,0,,Q1503368,wikidata,1,n/a
BY,Belarus,False,Jesuit Collegium in Orsha,,0,,Q6464666,wikidata,1,n/a
BY,Belarus,False,Mahilyow State A. Kulyashow University,https://www.msu.by,0,,Q2858236,wikidata,1,n/a
BY,Belarus,False,Maxim Tank Belarusian State Pedagogical University,http://www.bspu.by,0,,Q2027201,wikidata,1,n/a
BY,Belarus,False,Minsk Innovation University,,0,,Q1631204,wikidata,1,n/a
BY,Belarus,False,Minsk Suvorov Military School,http://mnsvu.org/index.php/option/frontpage/itemid/22,0,,Q3920471,wikidata,1,n/a
BY,Belarus,False,Nil Hilevich University,http://nhu.by,0,,Q50403842,wikidata,1,n/a
BY,Belarus,False,Paval Sukhi State Technical University of Homiel,https://www.gstu.by,0,,Q2026860,wikidata,1,n/a
BY,Belarus,False,Polish People's University in Brest,,0,,Q13634468,wikidata,1,n/a
BY,Belarus,False,Polish People's University in Minsk,,0,,Q1250804,wikidata,1,n/a
BY,Belarus,False,Q108296812,,0,,Q108296812,wikidata,1,n/a
BY,Belarus,False,Q51543388,,0,,Q51543388,wikidata,1,n/a
BY,Belarus,False,Q51802406,,0,,Q51802406,wikidata,1,n/a
BY,Belarus,False,Republican Institute for Vocational Education,http://ripo.unibel.by,0,,Q1963759,wikidata,1,n/a
BY,Belarus,False,School of Business BSU,http://www.sbmt.bsu.by/eng,0,,Q7263712,wikidata,1,n/a
BY,Belarus,False,Tadeusz Kosciuszko Polish Open University,,0,,Q13766180,wikidata,1,n/a
BY,Belarus,False,Viciebsk State Medical University,http://www.vsmu.by,0,,Q3919286,wikidata,1,n/a
BY,Belarus,False,Viciebsk State University,https://vsu.by,0,,Q2043205,wikidata,1,n/a
CA,Canada,True,University of Toronto,https://www.utoronto.ca,601810,I185261750,,openalex,2,True
CA,Canada,True,University of British Columbia,https://www.ubc.ca/,396992,I141945490,,openalex,2,True
CA,Canada,True,McGill University,https://www.mcgill.ca,316176,I5023651,,openalex,2,True
CA,Canada,True,University of Alberta,https://www.ualberta.ca,275163,I154425047,,openalex,2,True
CA,Canada,True,University of Calgary,https://www.ucalgary.ca,205519,I168635309,,openalex,2,True
CA,Canada,True,Université de Montréal,https://www.umontreal.ca,198490,I70931966,,openalex,2,True
CA,Canada,True,McMaster University,https://www.mcmaster.ca,192430,I98251732,,openalex,2,True
CA,Canada,True,Western University,https://uwo.ca,179026,I125749732,,openalex,2,True
CA,Canada,True,University of Ottawa,https://www.uottawa.ca,173138,I153718931,,openalex,2,True
CA,Canada,True,University of Waterloo,https://uwaterloo.ca/,160306,I151746483,,openalex,2,True
CA,Canada,True,Université Laval,https://www.ulaval.ca,139835,I43406934,,openalex,2,True
CA,Canada,True,Queen's University,https://www.queensu.ca/,125459,I204722609,,openalex,2,True
CA,Canada,True,University of Manitoba,https://umanitoba.ca,124242,I46247651,,openalex,2,True
CA,Canada,True,Dalhousie University,https://www.dal.ca,111548,I129902397,,openalex,2,True
CA,Canada,True,University of Saskatchewan,https://www.usask.ca/,98782,I32625721,,openalex,2,True
CA,Canada,True,University of Guelph,https://www.uoguelph.ca,97770,I79817857,,openalex,2,True
CA,Canada,True,York University,https://www.yorku.ca,93787,I192455969,,openalex,2,True
CA,Canada,True,Simon Fraser University,https://www.sfu.ca,90446,I18014758,,openalex,2,True
CA,Canada,True,Carleton University,https://carleton.ca,79326,I67031392,,openalex,2,True
CA,Canada,True,University of Victoria,https://www.uvic.ca,77092,I212119943,,openalex,2,True
CA,Canada,True,Concordia University,https://www.concordia.ca/,74625,I60158472,,openalex,2,True
CA,Canada,True,Université du Québec à Montréal,https://uqam.ca,65952,I159129438,,openalex,2,True
CA,Canada,True,Université de Sherbrooke,https://www.usherbrooke.ca,60949,I135117807,,openalex,2,True
CA,Canada,True,Memorial University of Newfoundland,https://mun.ca,59847,I130438778,,openalex,2,True
CA,Canada,True,Toronto Metropolitan University,https://www.torontomu.ca,53774,I530967,,openalex,2,True
CA,Canada,True,University of Windsor,https://www.uwindsor.ca,39555,I74413500,,openalex,2,True
CA,Canada,True,Polytechnique Montréal,https://polymtl.ca,39552,I45683168,,openalex,2,True
CA,Canada,True,University of New Brunswick,https://unb.ca,36444,I106938459,,openalex,2,True
CA,Canada,True,Institut National de la Recherche Scientifique,https://inrs.ca,26093,I39481719,,openalex,2,True
CA,Canada,True,University of Regina,https://www.uregina.ca,25120,I194028371,,openalex,2,True
CA,Canada,True,Brock University,https://brocku.ca,24441,I186803428,,openalex,2,True
CA,Canada,True,Wilfrid Laurier University,https://wlu.ca,22798,I75381157,,openalex,2,True
CA,Canada,True,Université du Québec à Trois-Rivières,https://www.uqtr.ca,20351,I63341726,,openalex,2,True
CA,Canada,True,École de Technologie Supérieure,https://www.etsmtl.ca,17973,I9736820,,openalex,2,True
CA,Canada,True,"University of British Columbia, Okanagan Campus",https://ok.ubc.ca,16864,I4405260628,,openalex,2,True
CA,Canada,True,Lakehead University,https://www.lakeheadu.ca,16751,I72541430,,openalex,2,True
CA,Canada,True,University of Lethbridge,https://www.ulethbridge.ca,16436,I107949126,,openalex,2,True
CA,Canada,True,Ontario Tech University,https://ontariotechu.ca,16184,I39470171,,openalex,2,True
CA,Canada,True,Trent University,https://www.trentu.ca,14599,I662221,,openalex,2,True
CA,Canada,True,Université du Québec,https://reseau.uquebec.ca/,14128,I49663120,,openalex,2,True
CA,Canada,True,Laurentian University,https://laurentian.ca/,13788,I52353378,,openalex,2,True
CA,Canada,True,HEC Montréal,https://www.hec.ca,13354,I108192572,,openalex,2,True
CA,Canada,True,Saint Mary's University,https://www.smu.ca,12447,I66890659,,openalex,2,True
CA,Canada,True,University of Northern British Columbia,https://www.unbc.ca,12443,I151934421,,openalex,2,True
CA,Canada,True,University of Toronto Scarborough,https://www.utsc.utoronto.ca,11752,I4405278283,,openalex,2,True
CA,Canada,True,Université du Québec à Chicoutimi,https://www.uqac.ca,11351,I104914703,,openalex,2,True
CA,Canada,True,The University of Winnipeg,https://www.uwinnipeg.ca,10510,I872945872,,openalex,2,True
CA,Canada,True,University of Prince Edward Island,https://www.upei.ca/,9639,I22188714,,openalex,2,True
CA,Canada,True,Institut universitaire de cardiologie et de pneumologie de Québec,https://www.iucpq.ca,9362,I4210135357,,openalex,2,True
CA,Canada,True,St. Francis Xavier University,https://www.stfx.ca,9219,I197191942,,openalex,2,True
CA,Canada,True,Université de Moncton,https://www.umoncton.ca/,9101,I154799132,,openalex,2,True
CA,Canada,True,Université du Québec à Rimouski,https://www.uqar.ca,8893,I182451676,,openalex,2,True
CA,Canada,True,Université du Québec en Outaouais,https://uqo.ca,8428,I33217400,,openalex,2,True
CA,Canada,True,Acadia University,https://www2.acadiau.ca/,7416,I92688161,,openalex,2,True
CA,Canada,True,Athabasca University,https://www.athabascau.ca,6470,I86897205,,openalex,2,True
CA,Canada,True,Mount Royal University,https://www.mtroyal.ca,5160,I870124129,,openalex,2,True
CA,Canada,True,St. Boniface Hospital,https://stbonifacehospital.ca/,5128,I2800567748,,openalex,2,True
CA,Canada,True,Université du Québec en Abitibi-Témiscamingue,https://www.uqat.ca,5075,I190270569,,openalex,2,True
CA,Canada,True,Mount Allison University,https://mta.ca,4938,I163902620,,openalex,2,True
CA,Canada,True,Trinity College,https://www.trinity.utoronto.ca/,4742,I204442077,,openalex,2,True
CA,Canada,True,MacEwan University,https://www.macewan.ca,4520,I924318406,,openalex,2,True
CA,Canada,True,Thompson Rivers University,https://www.tru.ca,4516,I160262251,,openalex,2,True
CA,Canada,True,Mount Saint Vincent University,https://www.msvu.ca,4446,I179301192,,openalex,2,True
CA,Canada,True,Brandon University,https://www.brandonu.ca/,4352,I48890080,,openalex,2,True
CA,Canada,True,Nipissing University,https://www.nipissingu.ca,3587,I138900291,,openalex,2,True
CA,Canada,True,Cape Breton University,https://www.cbu.ca/,3460,I10213569,,openalex,2,True
CA,Canada,True,Bishop's University,https://www.ubishops.ca,3234,I113281461,,openalex,2,True
CA,Canada,True,Université TÉLUQ,https://www.teluq.ca,2731,I200745827,,openalex,2,True
CA,Canada,True,École Nationale d'Administration Publique,https://enap.ca,2598,I31571312,,openalex,2,True
CA,Canada,True,University of the Fraser Valley,https://ufv.ca,2530,I170606269,,openalex,2,True
CA,Canada,True,Royal Roads University,https://www.royalroads.ca,2082,I65595360,,openalex,2,True
CA,Canada,True,Trinity Western University,https://www.twu.ca,2030,I24370400,,openalex,2,True
CA,Canada,True,Vancouver Island University,https://www.viu.ca/,1981,I28638086,,openalex,2,True
CA,Canada,True,Canadian Memorial Chiropractic College,http://www.cmcc.ca/,1723,I193365419,,openalex,2,True
CA,Canada,True,St. Thomas University,https://www.stu.ca/,1697,I235120680,,openalex,2,True
CA,Canada,True,British Columbia Institute of Technology,https://www.bcit.ca,1674,I174167972,,openalex,2,True
CA,Canada,True,New York Institute of Technology,http://nyit.edu/vancouver,1609,I135364568,,openalex,2,True
CA,Canada,True,Ontario College of Art and Design,https://www.ocadu.ca,1591,I74753095,,openalex,2,True
CA,Canada,True,McGill University and Génome Québec Innovation Centre,http://gqinnovationcenter.com/index.aspx,1498,I4210148969,,openalex,2,True
CA,Canada,True,Algoma University,https://algomau.ca,1487,I86519414,,openalex,2,True
CA,Canada,True,King’s University College,https://www.kings.uwo.ca,1464,I4405252684,,openalex,2,True
CA,Canada,True,Kwantlen Polytechnic University,https://www.kpu.ca,1421,I30108710,,openalex,2,True
CA,Canada,True,St. Mary's University,https://stmu.ca,1323,I4210163729,,openalex,2,True
CA,Canada,True,Québec-Océan,https://www.quebec-ocean.ulaval.ca,1212,I4405257146,,openalex,2,True
CA,Canada,True,Redeemer University,https://www.redeemer.ca,1137,I177485205,,openalex,2,True
CA,Canada,True,Centre de recherche en santé publique,https://www.cresp.ca,1038,I4405259870,,openalex,2,True
CA,Canada,True,Concordia University of Edmonton,https://concordia.ab.ca/,1036,I131564278,,openalex,2,True
CA,Canada,True,UBC Centre for Health Services and Policy Research,https://chspr.ubc.ca,960,I4405274529,,openalex,2,True
CA,Canada,True,University Canada West,https://www.ucanwest.ca,904,I214977574,,openalex,2,True
CA,Canada,True,Bruyere Health Research Institute,https://www.bruyere.org/en/bruyere-research-institute,892,I4405262235,,openalex,2,True
CA,Canada,True,Canadian Centre for Vaccinology,https://centerforvaccinology.ca,788,I4405267200,,openalex,2,True
CA,Canada,True,The King's University,https://www.kingsu.ca/,763,I61614213,,openalex,2,True
CA,Canada,True,Royal College of Physicians and Surgeons of Canada,http://www.royalcollege.ca/,756,I92389990,,openalex,2,True
CA,Canada,True,Université de Saint-Boniface,https://ustboniface.ca,706,I65447124,,openalex,2,True
CA,Canada,True,Bamfield Marine Sciences Centre,http://www.bamfieldmsc.com/,632,I2802902549,,openalex,2,True
CA,Canada,True,Capilano University,https://www.capilanou.ca/,566,I198014706,,openalex,2,True
CA,Canada,True,Centre de la science de la biodiversité du Québec,https://qcbs.ca,556,I4405261226,,openalex,2,True
CA,Canada,True,Cégep de Chicoutimi,https://cchic.ca,550,I3129292944,,openalex,2,True
CA,Canada,True,St. Thomas More College,https://stmcollege.ca,547,I4405268955,,openalex,2,True
CA,Canada,True,Northern Alberta Institute of Technology,https://www.nait.ca/nait/home,528,I199932263,,openalex,2,True
CA,Canada,True,Yorkville University,https://www.yorkvilleu.ca/,518,I4210139955,,openalex,2,True
CA,Canada,True,Université Sainte-Anne,https://www.usainteanne.ca/,512,I107566223,,openalex,2,True
CA,Canada,True,Centre de recherche sur l'aluminium – REGAL,https://regal-aluminium.ca,444,I4405260011,,openalex,2,True
CA,Canada,True,Columbia College,https://www.columbiacollege.ca/,434,I4210163064,,openalex,2,True
CA,Canada,True,University of Sudbury,https://www.usudbury.ca/,404,I19970341,,openalex,2,True
CA,Canada,True,Saskatchewan Polytechnic,https://saskpolytech.ca,390,I2799652382,,openalex,2,True
CA,Canada,True,Yukon University,https://www.yukonu.ca/,371,I170481763,,openalex,2,True
CA,Canada,True,Alberta University of the Arts,https://www.auarts.ca,354,I26916880,,openalex,2,True
CA,Canada,True,Programs for Assessment of Technology in Health Research Institute,http://www.path-hta.ca/Home.aspx,350,I4210104192,,openalex,2,True
CA,Canada,True,McMaster Divinity College,https://www.mcmasterdivinity.ca/,349,I163387037,,openalex,2,True
CA,Canada,True,Crandall University,https://www.crandallu.ca/,329,I216906400,,openalex,2,True
CA,Canada,True,Tyndale University,https://www.tyndale.ca,323,I341072040,,openalex,2,True
CA,Canada,True,Quest University Canada,https://questu.ca/,316,I232906412,,openalex,2,True
CA,Canada,True,University of King's College,https://ukings.ca,310,I114947406,,openalex,2,True
CA,Canada,True,University of Guelph-Humber,https://www.guelphhumber.ca/,310,I164142322,,openalex,2,True
CA,Canada,True,Centre de recherche en aménagement et développement,https://www.crad.ulaval.ca,286,I4405256218,,openalex,2,True
CA,Canada,True,Lethbridge College,http://www.lethbridgecollege.ca/,257,I928653953,,openalex,2,True
CA,Canada,True,Ambrose University,https://ambrose.edu/,256,I32551121,,openalex,2,True
CA,Canada,True,Niagara College,http://www.niagaracollege.ca/content/,249,I112532030,,openalex,2,True
CA,Canada,True,Canadian Mennonite University,http://www.cmu.ca/,233,I54088770,,openalex,2,True
CA,Canada,True,Nova Scotia Community College,http://www.nscc.ca/,231,I210997871,,openalex,2,True
CA,Canada,True,Canadian Forces College,http://www.cfc.forces.gc.ca/221-eng.html,230,I71046468,,openalex,2,True
CA,Canada,True,Cégep de Sherbrooke,http://cegepsherbrooke.qc.ca/,227,I188801361,,openalex,2,True
CA,Canada,True,Emily Carr University of Art and Design,https://www.ecuad.ca/,226,I309607013,,openalex,2,True
CA,Canada,True,First Nations University of Canada,http://fnuniv.ca/,223,I243312964,,openalex,2,True
CA,Canada,True,Cegep de Sainte Foy,http://www.cegep-ste-foy.qc.ca/csf4/index.php,196,I123269071,,openalex,2,True
CA,Canada,True,Canadian Institute of Fisheries Technology,https://www.dal.ca/faculty/engineering/cift.html,194,I4405268126,,openalex,2,True
CA,Canada,True,Cégep du Vieux Montréal,http://www.cvm.qc.ca/Pages/index.aspx,186,I49847498,,openalex,2,True
CA,Canada,True,Burman University,https://burmanu.ca,182,I191661494,,openalex,2,True
CA,Canada,True,Vancouver Community College,https://www.vcc.ca,161,I143662934,,openalex,2,True
CA,Canada,True,"Centre de recherche de Montréal sur les inégalités sociales, les discriminations et les pratiques alternatives de citoyenneté",https://cremis.ca,161,I4405258293,,openalex,2,True
CA,Canada,True,College of the North Atlantic,http://www.cna.nl.ca/,154,I46983600,,openalex,2,True
CA,Canada,True,Centre de recherche interuniversitaire sur la littérature et la culture québécoises,https://crilcq.org,148,I4405258688,,openalex,2,True
CA,Canada,True,Justice Institute of British Columbia,https://www.jibc.ca,141,I4405262592,,openalex,2,True
CA,Canada,True,New Brunswick Community College,https://nbcc.ca,134,I2802026036,,openalex,2,True
CA,Canada,True,University College of the North,https://www.ucn.ca/,127,I103716689,,openalex,2,True
CA,Canada,True,Cégep de l'Outaouais,http://www.cegepoutaouais.qc.ca/,114,I319074055,,openalex,2,True
CA,Canada,True,University of Niagara Falls Canada,https://www.unfc.ca,114,I4405265894,,openalex,2,True
CA,Canada,True,Bow Valley College,https://www.bowvalleycollege.ca,99,I2802661039,,openalex,2,True
CA,Canada,True,Northern College,http://www.northernc.on.ca/,95,I888106322,,openalex,2,True
CA,Canada,True,College of Physicians and Surgeons of Ontario,http://www.cpso.on.ca/docsearch/,94,I2802625927,,openalex,2,True
CA,Canada,True,North Island College,https://www.nic.bc.ca,88,I50721301,,openalex,2,True
CA,Canada,True,Association of Universities and Colleges of Canada,https://www.univcan.ca,84,I4210116051,,openalex,2,True
CA,Canada,True,Cegep de Trois-Rivieres,http://www.cegeptr.qc.ca/,82,I323585489,,openalex,2,True
CA,Canada,True,College of Physicians and Surgeons of Alberta,https://cpsa.ca,82,I4405273061,,openalex,2,True
CA,Canada,True,Cégep de Rimouski,http://www.cegep-rimouski.qc.ca/,78,I3129380945,,openalex,2,True
CA,Canada,True,Booth University College,https://www.boothuc.ca/,78,I325960478,,openalex,2,True
CA,Canada,True,The North South Institute,http://www.nsi-ins.ca/,75,I3130433077,,openalex,2,True
CA,Canada,True,Ontario Council of University Libraries,https://ocul.on.ca/,74,I4210117609,,openalex,2,True
CA,Canada,True,Cégep de l'Abitibi Témiscamingue,http://www.cegepat.qc.ca/accueil,70,I201182033,,openalex,2,True
CA,Canada,True,Canadian Institute for International Peace and Security,http://cepsi-cipss.ca/en/,70,I4210088084,,openalex,2,True
CA,Canada,True,Upper Canada College,https://www.ucc.on.ca,69,I4405276429,,openalex,2,True
CA,Canada,True,Université de Hearst,http://www.uhearst.ca/english,66,I306551341,,openalex,2,True
CA,Canada,True,National Circus School,http://ecolenationaledecirque.ca/en,64,I4210160093,,openalex,2,True
CA,Canada,True,St. Stephen's University,https://ssu.ca/,48,I4210139076,,openalex,2,True
CA,Canada,True,Canadian Institute for Energy Training,http://cietcanada.com/,38,I4210129824,,openalex,2,True
CA,Canada,True,Alberta College of Family Physicians,https://acfp.ca,38,I4405265984,,openalex,2,True
CA,Canada,True,"Pacific Institute on Pathogens, Pandemics and Society",https://www.sfu.ca/pipps.html,34,I4405269517,,openalex,2,True
CA,Canada,True,Canadian College of Integrative Medicine,https://ccimcollege.com,27,I4405258523,,openalex,2,True
CA,Canada,True,Institut de Technologie Agroalimentaire,http://www.ita.qc.ca/fr/Pages/Accueil.aspx,26,I4210136136,,openalex,2,True
CA,Canada,True,Collège Communautaire du Nouveau-Brunswick,https://ccnb.ca,25,I4210141456,,openalex,2,True
CA,Canada,True,Institut sur le vieillissement et la participation sociale des ainés de l’Université Laval,https://www.ivpsa.ulaval.ca,24,I4405266741,,openalex,2,True
CA,Canada,True,University of Fredericton,https://ufred.ca,22,I3129222093,,openalex,2,True
CA,Canada,True,Agricultural Institute of Canada,http://www.aic.ca/,22,I4210126095,,openalex,2,True
CA,Canada,True,Kingswood University,https://www.kingswood.edu,21,I3129441270,,openalex,2,True
CA,Canada,True,Artificial Insemination Center of Quebec,http://www.ciaq.com/,20,I4210090899,,openalex,2,True
CA,Canada,True,Summit Pacific College,https://www.summitpacific.ca/,16,I2799530222,,openalex,2,True
CA,Canada,True,Commission Scolaire des Hautes Rivières,http://www.csdhr.qc.ca/,16,I3129349140,,openalex,2,True
CA,Canada,True,Imperial College of Toronto,http://www.imperialcollege.org/,12,I4210154034,,openalex,2,True
CA,Canada,True,Centre for Transformative Nursing and Health Research,https://www.dal.ca/faculty/health/nursing/research/CTNHR.html,11,I4405267212,,openalex,2,True
CA,Canada,True,Northern Lakes College,https://www.northernlakescollege.ca/,10,I2799672316,,openalex,2,True
CA,Canada,True,College of Veterinarians of British Columbia,https://www.cvbc.ca/,10,I4210131700,,openalex,2,True
CA,Canada,True,Séminaire de Sherbrooke,https://www.seminaire-sherbrooke.qc.ca,9,I4405259378,,openalex,2,True
CA,Canada,True,Collège d'Études Ostéopathiques de Montréal,https://www.osteopathie-canada.ca/,8,I4210091248,,openalex,2,True
CA,Canada,True,Fondation du Barreau du Québec,https://fondationdubarreau.qc.ca,7,I4405258746,,openalex,2,True
CA,Canada,True,Dalhousie Health Justice Institute,https://www.dal.ca/faculty/law/dhji.html,5,I4405268125,,openalex,2,True
CA,Canada,True,Canadian College of Osteopathy,http://www.osteopathy-canada.com/,4,I4210123332,,openalex,2,True
CA,Canada,True,Centre for Global Mental Health,https://medicine.dal.ca/departments/department-sites/psychiatry/research/centre-global-mental-health.html,4,I4405267531,,openalex,2,True
CA,Canada,True,Groupe de Recherche Interuniversitaire sur la Normativité,https://grin.normativity.ca,2,I4405258796,,openalex,2,True
CA,Canada,True,U15 Group of Canadian Research Universities,https://u15.ca/,1,I4210094681,,openalex,2,True
CA,Canada,True,Canadian College of Massage and Hydrotherapy,http://collegeofmassage.com/toronto/,1,I4210113418,,openalex,2,True
CA,Canada,True,Ontario Universities’ Application Centre,https://www.ouac.on.ca/,1,I4210153850,,openalex,2,True
CA,Canada,True,Canadian Association for Co-operative Education,http://www.cafce.ca/,0,I4210088170,,openalex,2,True
CA,Canada,True,Canadian Fasteners Institute,http://www.cfi-fasteners.org/,0,I4210091624,,openalex,2,True
CA,Canada,True,Canadian Precast Prestressed Concrete Institute,http://www.cpci.ca/,0,I4210101323,,openalex,2,True
CA,Canada,True,Association of Canadian Universities for Northern Studies,https://acuns.ca,0,I4210107516,,openalex,2,True
CA,Canada,True,Association of Canadian College and University Teachers of English,http://accute.ca/contact-information/,0,I4210147897,,openalex,2,True
CA,Canada,True,Eastern Ontario Training Board,http://eotb-cfeo.on.ca/,0,I4210150263,,openalex,2,True
CA,Canada,True,Centre de recherche sur les innovations et les transformations sociales,https://innovationsocialeusp.ca/crits/,0,I4405258671,,openalex,2,True
CA,Canada,True,Niagara College Teaching Winery,http://www.nctwinery.ca,0,,Q7023604,wikidata,2,True
CA,Canada,True,McMaster School of Nursing,http://fhs.mcmaster.ca/nursing,0,,Q6802325,wikidata,2,True
CA,Canada,True,Northern Lights College,https://www.nlc.bc.ca,0,,Q7058654,wikidata,2,True
CA,Canada,True,Laval University,https://www.ulaval.ca,0,,Q1067935,wikidata,2,True
CA,Canada,True,McMaster Integrated Science,http://www.science.mcmaster.ca/isci,0,,Q6802317,wikidata,2,True
CA,Canada,True,Ontario Veterinary College,https://www.uoguelph.ca/ovc,0,,Q7094936,wikidata,2,True
CA,Canada,True,Nicola Valley Institute of Technology,https://nvit.ca,0,,Q7029133,wikidata,2,True
CA,Canada,True,Network in Canadian History and Environment,http://niche-canada.org,0,,Q7001038,wikidata,2,True
CA,Canada,True,University of Western Ontario,https://www.uwo.ca,0,,Q1144262,wikidata,2,True
CA,Canada,True,Institute of Theological Formation of Montreal,https://ifti.ca,0,,Q125097091,wikidata,2,True
CA,Canada,True,"Le Petit Séminaire de Québec, campus de l'Outaouais",http://www.psqco.qc.ca,0,,Q6507442,wikidata,2,True
CA,Canada,True,Séminaire de Québec,https://www.seminairedequebec.org,0,,Q3296532,wikidata,2,True
CA,Canada,True,Victoria University,https://vicu.utoronto.ca,0,,Q3551503,wikidata,2,True
CA,Canada,True,Southern Alberta Institute of Technology,http://www.sait.ca,0,,Q4456884,wikidata,2,True
CA,Canada,True,Saskatchewan Indian Institute of Technologies,http://www.siit.ca,0,,Q7425577,wikidata,2,True
CA,Canada,True,Canadian Coast Guard Academy,http://www.ccg-gcc.gc.ca/College,0,,Q5029874,wikidata,2,True
CA,Canada,True,Polytechnic School of Montreal,https://www.polymtl.ca,0,,Q273619,wikidata,2,True
CA,Canada,True,University of Winnipeg,https://uwinnipeg.ca,0,,Q472167,wikidata,2,True
CA,Canada,True,Carleton University's School of Public Policy and Administration,https://carleton.ca/sppa,0,,Q5041254,wikidata,2,True
CA,Canada,True,University of Sherbrooke,https://www.usherbrooke.ca,0,,Q2579532,wikidata,2,True
CA,Canada,True,Great Northern Concrete Toboggan Race,https://www.gnctr.ca,0,,Q5599655,wikidata,2,True
CA,Canada,True,Institut Biblique VIE,http://www.etem.ca,0,,Q6038963,wikidata,2,True
CA,Canada,True,Canada Christian College,http://www.canadachristiancollege.com,0,,Q5029327,wikidata,2,True
CA,Canada,True,université du Québec à Rimouski - Campus de Lévis,http://www.uqar.ca/campuslevis/index.asp,0,,Q3551764,wikidata,2,True
CA,Canada,True,Canadian Payroll Association,http://www.payroll.ca,0,,Q5030460,wikidata,2,True
CA,Canada,True,Higher Education Quality Council of Ontario,http://www.heqco.ca,0,,Q5758102,wikidata,2,True
CA,Canada,True,Canadian Securities Institute,https://www.csi.ca,0,,Q5030550,wikidata,2,True
CA,Canada,True,École de Théologie Évangélique de Montréal,http://www.etem.ca,0,,Q8077968,wikidata,2,True
CA,Canada,True,Canadian Virtual University,http://www.cvu-uvc.ca,0,,Q5030666,wikidata,2,True
CA,Canada,True,"Rocky Mountain College, Calgary",https://www.rockymountaincollege.ca,0,,Q7355883,wikidata,2,True
CA,Canada,True,University of British Columbia Graduate School of Journalism,http://www.journalism.ubc.ca,0,,Q7895140,wikidata,2,True
CA,Canada,True,National Institute of Scientific Research,https://inrs.ca,0,,Q3152403,wikidata,2,True
CA,Canada,True,Faculté de théologie et de sciences religieuses de l'Université Laval,https://www.ftsr.ulaval.ca,0,,Q104663986,wikidata,2,True
CA,Canada,True,University of Toronto School of Public Policy and Governance,http://www.publicpolicy.utoronto.ca,0,,Q7896497,wikidata,2,True
CA,Canada,True,Acsenda School of Management - Vancouver,http://www.acsenda.com,0,,Q16205360,wikidata,2,True
CA,Canada,True,Thompson Rivers University Faculty of Law,https://www.tru.ca/law.html,0,,Q7795775,wikidata,2,True
CA,Canada,True,"St. John's College, Manitoba",http://www.umanitoba.ca/colleges/st_johns/anglican/index.html,0,,Q7588649,wikidata,2,True
CA,Canada,True,York University Markham Centre Campus,https://www.yorku.ca/markham,0,,Q106530229,wikidata,2,True
CA,Canada,True,New Brunswick College of Craft and Design,http://www.nbccd.ca,0,,Q17110663,wikidata,2,True
CA,Canada,True,University of Alberta Faculty of Rehabilitation Medicine,https://www.ualberta.ca/rehabilitation,0,,Q29561232,wikidata,2,True
CA,Canada,True,"Thompson Rivers University, Open Learning",https://www.tru.ca/distance,0,,Q7795772,wikidata,2,True
CA,Canada,True,"York University (Department of Theatre, Dance and Performance)",https://ampd.yorku.ca/department-of-theatre-dance-and-performance,0,,Q137778698,wikidata,2,True
CA,Canada,True,Northeastern University Toronto,https://toronto.northeastern.edu,0,,Q124545477,wikidata,2,True
CA,Canada,True,"St. Mark's College, Vancouver",http://stmarkscollege.ca,0,,Q16900589,wikidata,2,True
CA,Canada,True,Université de l'Ontario français,https://uontario.ca,0,,Q83804736,wikidata,2,True
CA,Canada,True,University of York,https://york.ac.uk,0,,Q967165,wikidata,2,True
CA,Canada,True,Vancouver Career College,https://www.career.college,0,,Q7914132,wikidata,2,True
CH,Switzerland,True,University of Bern,https://www.unibe.ch,304254,I118564535,Q659080,openalex;wikidata,3,True
CH,Switzerland,True,ETH Zurich,https://ethz.ch,302858,I35440088,Q11942,openalex;wikidata,3,True
CH,Switzerland,True,University of Zurich,https://uzh.ch/de.html,227808,I202697423,Q206702,openalex;wikidata,3,True
CH,Switzerland,True,École Polytechnique Fédérale de Lausanne,https://www.epfl.ch/,157541,I5124864,Q262760,openalex;wikidata,3,True
CH,Switzerland,True,University of Geneva,https://www.unige.ch/,150664,I114457229,Q503473,openalex;wikidata,3,True
CH,Switzerland,True,University of Basel,https://www.unibas.ch,126400,I1850255,Q372608,openalex;wikidata,3,True
CH,Switzerland,True,University of Lausanne,https://www.unil.ch,106937,I97565354,Q658975,openalex;wikidata,3,True
CH,Switzerland,True,University of Fribourg,https://www.unifr.ch,40439,I154338468,Q36188,openalex;wikidata,3,True
CH,Switzerland,True,University of Neuchâtel,https://unine.ch,28957,I57825437,Q541548,openalex;wikidata,3,True
CH,Switzerland,True,University of St.Gallen,https://www.unisg.ch/,19864,I202963720,Q673354,openalex;wikidata,3,True
CH,Switzerland,True,Università della Svizzera italiana,https://www.usi.ch/,18575,I57201433,Q689617,openalex;wikidata,3,True
CH,Switzerland,True,ZHAW Zurich University of Applied Sciences,https://www.zhaw.ch,13315,I858936495,Q2605554,openalex;wikidata,3,True
CH,Switzerland,True,Bern University of Applied Sciences,https://www.bfh.ch/,9543,I130692619,,openalex,2,True
CH,Switzerland,True,University of Lucerne,https://www.unilu.ch,8544,I161941770,Q673308,openalex;wikidata,2,False
CH,Switzerland,True,Zurich University of Teacher Education,https://phzh.ch,2525,I4210111868,,openalex,2,True
CH,Switzerland,True,Zurich University of the Arts,https://www.zhdk.ch/,2166,I64152125,Q222450,openalex;wikidata,3,True
CH,Switzerland,True,International Institute for Management Development,http://www.imd.org/,1695,I130154697,Q667972,openalex;wikidata,2,False
CH,Switzerland,True,HES-SO Fribourg,https://www.hefr.ch/,1574,I4210109379,,openalex,2,True
CH,Switzerland,True,Graduate Institute of International Studies,,1193,I4405271827,Q1502191,openalex;wikidata,2,False
CH,Switzerland,True,University of Applied Sciences of the Grisons,https://www.fhgr.ch/en/,1042,I4210120439,Q1622220,openalex;wikidata,2,False
CH,Switzerland,True,University of Applied Sciences St. Gallen,https://www.fhsg.ch/en/,955,I4210145378,,openalex,2,True
CH,Switzerland,True,Pädagogische Hochschule Bern,https://www.phbern.ch,862,I4210160491,,openalex,2,True
CH,Switzerland,True,School of Engineering and Architecture of Fribourg,https://www.heia-fr.ch/,703,I4210095958,,openalex,2,True
CH,Switzerland,True,Swiss Federal University for Vocational Education and Training SFUVET,https://www.sfuvet.swiss/,656,I4210097053,,openalex,2,True
CH,Switzerland,True,Life Science Zurich,http://www.lifesciencezurich.ch/index.php?id=11&L=1,527,I4210118307,,openalex,2,True
CH,Switzerland,True,St.Gallen University of Teacher Education,https://www.phsg.ch/en,513,I4210158813,,openalex,2,True
CH,Switzerland,True,Webster University Geneva,http://www.webster.ch/,451,I157347489,,openalex,2,True
CH,Switzerland,True,"Haute école de travail social Lausanne - HETSL, HES-SO",https://www.hetsl.ch,395,I4401200365,,openalex,2,True
CH,Switzerland,True,Interstate University of Applied Sciences of Technology Buchs,https://www.ntb.ch/en/,342,I4210143180,,openalex,2,True
CH,Switzerland,True,Geneva Academy of International Humanitarian Law and Human rights,https://geneva-academy.ch,338,I4405273322,,openalex,2,True
CH,Switzerland,True,Allgemeine Gewerbeschule Basel,https://www.agsbs.ch/,285,I4210135578,,openalex,2,True
CH,Switzerland,True,Zurich University of Applied Sciences in Business Administration,https://fh-hwz.ch/,252,I197141962,,openalex,2,True
CH,Switzerland,True,Haute École Pédagogique Fribourg,https://www.hepfr.ch/,172,I4210137605,,openalex,2,True
CH,Switzerland,True,Pädagogische Hochschule Wallis,http://www.hepvs.ch/de,166,I4210141884,Q1001137,openalex;wikidata,2,False
CH,Switzerland,True,Monarch Business School,https://umonarch.ch,150,I4405279369,Q141185644,openalex;wikidata,2,False
CH,Switzerland,True,Haute École Pédagogique BEJUNE,http://www.hep-bejune.ch/,145,I4210101117,Q1591389,openalex;wikidata,2,False
CH,Switzerland,True,Business School Lausanne,http://www.bsl-lausanne.ch/,142,I2801290870,,openalex,2,True
CH,Switzerland,True,Facoltà di Teologia di Lugano,http://www.teologialugano.ch/,96,I4210116657,,openalex,2,True
CH,Switzerland,True,César Ritz Colleges,https://www.cesarritzcolleges.edu,95,I2800144687,Q5065463,openalex;wikidata,2,False
CH,Switzerland,True,Glion Institute of Higher Education,http://www.glion.edu/,90,I2802806793,Q949406,openalex;wikidata,2,False
CH,Switzerland,True,"EU Business School, Geneva",https://www.euruni.edu/Discover-EU-Geneva.html,77,I94179979,,openalex,2,True
CH,Switzerland,True,International University in Geneva,https://www.iun.ch,71,I4210155132,Q1304512,openalex;wikidata,3,True
CH,Switzerland,True,Musik Akademie Basel,http://www.musik-akademie.ch/de/home.html,70,I2801068065,,openalex,2,True
CH,Switzerland,True,Staatsunabhängige Theologische Hochschule Basel,http://www.sthbasel.ch/,63,I4210116588,,openalex,2,True
CH,Switzerland,True,Formation Continue UNIL-EPFL,http://www.formation-continue-unil-epfl.ch/en/,39,I4210100659,,openalex,2,True
CH,Switzerland,True,BFF Bern,http://www.bffbern.ch/de/,17,I4210122756,,openalex,2,True
CH,Switzerland,True,Geneva College of Longevity Science,https://www.gcls.study,14,I4405275371,,openalex,2,True
CH,Switzerland,True,PH NMS Bern,https://www.phnmsbern.ch,13,I4405257009,,openalex,2,True
CH,Switzerland,True,Museum of Fine Arts Bern,"http://www.kunstmuseumbern.ch/index.cfm?nav=1245,1332&SID=2&DID=9",10,I4210122050,,openalex,2,True
CH,Switzerland,True,Gymnase de La Cité Lausanne,http://www.gymnasecite.ch/,6,I4210136934,,openalex,2,True
CH,Switzerland,True,Allgemeine Berufsschule Zürich,https://www.a-b-z.ch/,1,I4210105534,,openalex,2,True
CH,Switzerland,True,Basel School of Business,http://www.bsob.ch,0,,Q17005112,wikidata,2,True
CH,Switzerland,True,Biozentrum University of Basel,http://www.biozentrum.unibas.ch,0,,Q864916,wikidata,2,True
CH,Switzerland,True,Carolinum Zürich,,0,,Q16061290,wikidata,2,True
CH,Switzerland,True,ETH Zurich Faculty of Architecture,http://www.arch.ethz.ch,0,,Q5324466,wikidata,2,True
CH,Switzerland,True,Geneva Business School,http://www.gbs-ge.ch,0,,Q2605456,wikidata,2,True
CH,Switzerland,True,Geneva Graduate Institute,https://www.graduateinstitute.ch,0,,Q691686,wikidata,2,True
CH,Switzerland,True,Geneva Institute for Democracy and Development,http://gidd.eu.org,0,,Q17076683,wikidata,2,True
CH,Switzerland,True,Geneva School of Diplomacy and International Relations,http://www.genevadiplomacy.com,0,,Q1250291,wikidata,2,True
CH,Switzerland,True,Lausanne campus,,0,,Q17064145,wikidata,2,True
CH,Switzerland,True,Leman University Geneva,,0,,Q6521004,wikidata,2,True
CH,Switzerland,True,Lucerne School of Computer Science and Information Technology,,0,,Q109534200,wikidata,2,True
CH,Switzerland,True,Pedagogical University of Fribourg,https://hepfr.ch,0,,Q2120191,wikidata,2,True
CH,Switzerland,True,Schaffhausen Institute of Technology,https://sit.org,0,,Q107223245,wikidata,2,True
CH,Switzerland,True,State-independent Theological University of Basel,https://sthbasel.ch,0,,Q2325341,wikidata,2,True
CH,Switzerland,True,Technische Fachschule Bern,http://www.tfbern.ch/u,0,I4210109201,,openalex,2,True
CH,Switzerland,True,University of Music Lausanne,http://www.hemu.ch/index.php?id=4&L=1,0,I4210104544,,openalex,2,True
CH,Switzerland,True,Webster Geneva Campus,http://www.webster.ch,0,,Q2553607,wikidata,2,True
CY,Cyprus,False,University of Cyprus,https://www.ucy.ac.cy,29044,I34771391,Q1520608,openalex;wikidata,3,True
CY,Cyprus,False,Near East University,http://www.neu.edu.tr/en,17024,I69050122,,openalex,2,True
CY,Cyprus,False,Eastern Mediterranean University,https://www.emu.edu.tr/,10368,I36515993,,openalex,2,True
CY,Cyprus,False,University of Nicosia,https://www.unic.ac.cy,10209,I17389662,Q338645,openalex;wikidata,3,True
CY,Cyprus,False,Cyprus University of Technology,https://www.cut.ac.cy,9716,I163151358,Q1518320,openalex;wikidata,3,True
CY,Cyprus,False,European University Cyprus,https://euc.ac.cy/,5710,I201118511,Q1377090,openalex;wikidata,3,True
CY,Cyprus,False,Cyprus International University,https://ciu.edu.tr/,4457,I16197041,Q1667496,openalex;wikidata,3,True
CY,Cyprus,False,Frederick University,https://frederick.ac.cy,3092,I38552033,Q1453031,openalex;wikidata,3,True
CY,Cyprus,False,Open University of Cyprus,https://www.ouc.ac.cy,2659,I59746437,Q1473115,openalex;wikidata,3,True
CY,Cyprus,False,Girne American University,http://www.gau.edu.tr/,1695,I73621328,,openalex,2,True
CY,Cyprus,False,University of Kyrenia,https://kyrenia.edu.tr,1407,I4210165134,Q13573771,openalex;wikidata,3,True
CY,Cyprus,False,Neapolis University Pafos,https://www.nup.ac.cy/,1245,I4210122463,Q15261440,openalex;wikidata,3,True
CY,Cyprus,False,University of Central Lancashire Cyprus,https://www.uclancyprus.ac.cy/,876,I4210108889,,openalex,2,True
CY,Cyprus,False,Final International University,https://final.edu.tr/,700,I4210149650,,openalex,2,True
CY,Cyprus,False,Cyprus Aydin University,https://cau.edu.tr,459,I4387153990,,openalex,2,True
CY,Cyprus,False,University of Limassol,https://www.uol.ac.cy,401,I915211651,Q16820667,openalex;wikidata,2,False
CY,Cyprus,False,University of Mediterranean Karpasia,https://www.akun.edu.tr,342,I319272996,Q890428,openalex;wikidata,3,True
CY,Cyprus,False,Cyprus College,http://www.cycollege.ac.cy/,173,I45746246,Q5200447,openalex;wikidata,3,True
CY,Cyprus,False,American College,https://ac.ac.cy,162,I4210165091,,openalex,2,True
CY,Cyprus,False,American University of Cyprus,https://aucy.ac.cy,130,I4405268580,Q140226022,openalex;wikidata,3,True
CY,Cyprus,False,Mediterranean Institute of Management,https://mim.ac.cy/mim/mim.nsf/home2/home2?opendocument,80,I4210162178,,openalex,2,True
CY,Cyprus,False,American University of Beirut – Mediterraneo,https://www.aubmed.ac.cy,51,I4405261819,,openalex,2,True
CY,Cyprus,False,KES College,http://www.kes.ac.cy/,45,I2802154762,Q16852684,openalex;wikidata,2,False
CY,Cyprus,False,Philips College,http://www.thephilipscollege.com/,30,I4210119134,,openalex,2,True
CY,Cyprus,False,Theological School of the Church of Cyprus,https://www.theo.ac.cy,25,I4405273064,,openalex,2,True
CY,Cyprus,False,Cyprus Institute of Marketing,https://cima.ac.cy/,24,I3132960018,Q5200458,openalex;wikidata,3,True
CY,Cyprus,False,Cyprus College of Art,http://www.artcyprus.org/,1,I4210109216,,openalex,2,True
CY,Cyprus,False,Dublin Metropolitan University,,1,I4210167219,Q5310941,openalex;wikidata,2,False
CY,Cyprus,False,Bahçeşehir Cyprus University,https://baucyprus.edu.tr,0,,Q55669420,wikidata,2,True
CY,Cyprus,False,British University of Nicosia,http://www.bun.edu.tr,0,,Q19611809,wikidata,2,True
CY,Cyprus,False,Cyprus Forestry College,https://www.moa.gov.cy/moa/fc/Forestry.nsf,0,,Q135489953,wikidata,2,True
CY,Cyprus,False,Higher Technical Institute of Cyprus,http://www.hti.ac.cy,0,,Q3152013,wikidata,2,True
CY,Cyprus,False,Middle East Technical University Northern Cyprus Campus,http://ncc.metu.edu.tr,0,,Q6103191,wikidata,2,True
CY,Cyprus,False,Philips University,,0,,Q110254269,wikidata,2,True
CZ,Czechia,False,Charles University,https://www.cuni.cz,164889,I21250087,Q31519,openalex;wikidata,2,n/a
CZ,Czechia,False,Masaryk University,https://www.muni.cz,63468,I21449261,Q763586,openalex;wikidata,2,n/a
CZ,Czechia,False,Czech Technical University in Prague,https://www.cvut.cz,52751,I44504214,Q1329478,openalex;wikidata,2,n/a
CZ,Czechia,False,Palacký University Olomouc,https://www.upol.cz,39278,I70703428,Q1637611,openalex;wikidata,2,n/a
CZ,Czechia,False,Brno University of Technology,https://www.vut.cz,34220,I60587646,Q1122171,openalex;wikidata,2,n/a
CZ,Czechia,False,Czech University of Life Sciences Prague,https://www.czu.cz,29376,I205984670,Q1460141,openalex;wikidata,2,n/a
CZ,Czechia,False,"University of Chemistry and Technology, Prague",https://www.vscht.cz,28929,I9073902,,openalex,1,n/a
CZ,Czechia,False,VSB - Technical University of Ostrava,https://www.vsb.cz,25891,I142208455,Q1247543,openalex;wikidata,2,n/a
CZ,Czechia,False,University of South Bohemia in České Budějovice,https://www.jcu.cz,22274,I3124161356,Q1428711,openalex;wikidata,2,n/a
CZ,Czechia,False,Mendel University in Brno,https://mendelu.cz,18461,I56081889,Q1783765,openalex;wikidata,2,n/a
CZ,Czechia,False,University of West Bohemia in Pilsen,https://www.zcu.cz,15520,I92715842,,openalex,1,n/a
CZ,Czechia,False,University of Ostrava,https://www.osu.cz,12000,I187293425,Q1783294,openalex;wikidata,2,n/a
CZ,Czechia,False,University of Pardubice,https://www.upce.cz,11744,I140744787,Q728840,openalex;wikidata,2,n/a
CZ,Czechia,False,University of Hradec Králové,https://www.uhk.cz,9863,I75092371,Q1712507,openalex;wikidata,2,n/a
CZ,Czechia,False,Tomas Bata University in Zlín,https://www.utb.cz,9041,I165737746,Q1267725,openalex;wikidata,2,n/a
CZ,Czechia,False,Technical University of Liberec,https://www.tul.cz,8111,I147009085,Q1291752,openalex;wikidata,2,n/a
CZ,Czechia,False,Prague University of Economics and Business,https://www.vse.cz,8074,I35913352,Q1063665,openalex;wikidata,2,n/a
CZ,Czechia,False,Central European Institute of Technology,https://www.ceitec.eu,7368,I1310815967,,openalex,1,n/a
CZ,Czechia,False,University of Veterinary Sciences Brno,https://www.vetuni.cz,7251,I113254221,Q7896530,openalex;wikidata,2,n/a
CZ,Czechia,False,Central European Institute of Technology – Masaryk University,http://muni.ceitec.cz/en/,6465,I4210090417,,openalex,1,n/a
CZ,Czechia,False,University of Defence,https://www.unob.cz,5640,I96415178,,openalex,1,n/a
CZ,Czechia,False,Jan Evangelista Purkyně University in Ústí nad Labem,https://www.ujep.cz,5140,I3122934890,Q637099,openalex;wikidata,2,n/a
CZ,Czechia,False,Silesian University in Opava,https://www.slu.cz,3515,I32366509,Q354333,openalex;wikidata,2,n/a
CZ,Czechia,False,Center for Economic Research and Graduate Education – Economics Institute,http://www.cerge-ei.cz/,2330,I151321946,,openalex,1,n/a
CZ,Czechia,False,Institute of Technology and Business,http://www.vstecb.cz/en/Institute-1308.html,2064,I4210159643,,openalex,1,n/a
CZ,Czechia,False,Military University Hospital Prague,https://www.uvn.cz,1641,I4210130875,,openalex,1,n/a
CZ,Czechia,False,Metropolitan University Prague,https://www.mup.cz,706,I180498684,Q1814883,openalex;wikidata,2,n/a
CZ,Czechia,False,College of Polytechnics Jihlava,https://www.vspj.cz,647,I4210159020,,openalex,1,n/a
CZ,Czechia,False,University of Finance and Administration,https://www.vsfs.cz,642,I105410415,Q7771618,openalex;wikidata,2,n/a
CZ,Czechia,False,Institute for Postgraduate Medical Education,https://www.ipvz.cz/,640,I4210095912,,openalex,1,n/a
CZ,Czechia,False,Škoda Auto University,https://www.savs.cz/,413,I44930506,Q391945,openalex;wikidata,2,n/a
CZ,Czechia,False,University of New York in Prague,https://www.unyp.cz/,355,I249332916,Q7895929,openalex;wikidata,2,n/a
CZ,Czechia,False,Jan Evangelista Purkyně Military Medical Academy,,340,I4210152114,,openalex,1,n/a
CZ,Czechia,False,Pan-European University,https://www.peuni-international.eu,336,I4210109866,,openalex,1,n/a
CZ,Czechia,False,Výzkumný Ústav Mlékárenský,http://www.vumlekarensky.cz/,256,I4210117626,,openalex,1,n/a
CZ,Czechia,False,Anglo-American University,https://www.aauni.edu/,253,I304688913,Q4763585,openalex;wikidata,2,n/a
CZ,Czechia,False,University of Economics and Management,https://en.vsem.cz/,241,I4210130357,,openalex,1,n/a
CZ,Czechia,False,Moravská Vysoká Skola Olomouc,https://www.mvso.cz,177,I4210094628,,openalex,1,n/a
CZ,Czechia,False,Academy of Performing Arts in Prague,https://www.amu.cz,173,I2801072731,,openalex,1,n/a
CZ,Czechia,False,College of Physical Education and Sport Palestra,http://vstvs.palestra.cz/en/,133,I4210116503,,openalex,1,n/a
CZ,Czechia,False,University of Business in Prague,http://www.vso.cz/,131,I2801355324,Q11947381,openalex;wikidata,2,n/a
CZ,Czechia,False,Prague Business School,https://www.pbs-education.cz,125,I4405263066,,openalex,1,n/a
CZ,Czechia,False,Prague College of Psychosocial Studies,https://www.pvsps.cz,114,I4210123137,,openalex,1,n/a
CZ,Czechia,False,CEVRO University,https://www.cevro.cz,111,I2799591525,,openalex,1,n/a
CZ,Czechia,False,NEWTON University,https://www.newton.university,98,I4210132918,,openalex,1,n/a
CZ,Czechia,False,Unicorn University,https://unicornuniversity.net,84,I4210089062,Q2090107,openalex;wikidata,2,n/a
CZ,Czechia,False,Centre for Higher Education Studies,http://www.csvs.cz/_en/,78,I4210090211,,openalex,1,n/a
CZ,Czechia,False,Vysoká Skola Logistiky,http://vslg.cz/,77,I4210123966,,openalex,1,n/a
CZ,Czechia,False,Jan Amos Komensky University,http://www.ujak.cz/english/,75,I4210092394,,openalex,1,n/a
CZ,Czechia,False,Institute of Hospitality Management in Prague,https://www.vsh.cz/,73,I4210118082,,openalex,1,n/a
CZ,Czechia,False,Karel Englis College,http://www.vske.cz/,60,I4210157186,,openalex,1,n/a
CZ,Czechia,False,"Vysoká škola evropských a regionálních studií, z. ú.",https://vsers.cz/,55,I4210149776,,openalex,1,n/a
CZ,Czechia,False,College of Regional Development,http://www.vsrr.info/en,52,I4210105023,,openalex,1,n/a
CZ,Czechia,False,BIVŠ Vysoká škola v Praze a v Brně,https://www.bivs.cz,49,I4210100384,,openalex,1,n/a
CZ,Czechia,False,University of International and Public Relations Prague,https://vsmvv.cz/,42,I4210165702,Q7895549,openalex;wikidata,2,n/a
CZ,Czechia,False,Private College of Economic Studies Znojmo,http://www.svse.cz/,39,I4210151510,,openalex,1,n/a
CZ,Czechia,False,College of Business and Hotel Management,http://www.hotskolabrno.cz/?stranka=126&nix=college-of-business-and-hotel-management#obsah,38,I4210140955,,openalex,1,n/a
CZ,Czechia,False,College of Applied Psychology,http://www.vsaps.cz/,34,I4210087167,,openalex,1,n/a
CZ,Czechia,False,Evropský Polytechnický Institut,http://www.edukomplex.cz/,33,I4210160177,,openalex,1,n/a
CZ,Czechia,False,Janáček Academy of Performing Arts,https://www.jamu.cz,31,I3133125233,,openalex,1,n/a
CZ,Czechia,False,Business School Ostrava,http://www.vsp.cz/,28,I4210086555,,openalex,1,n/a
CZ,Czechia,False,Brno International Business School,http://www.bibs.cz/en/,22,I4210125669,,openalex,1,n/a
CZ,Czechia,False,Sting Academy,http://www.sting.cz/,22,I4210091853,,openalex,1,n/a
CZ,Czechia,False,Jan Palach Private High School,http://www.gjp1.cz/new/index2.php?l=60,12,I4210150704,,openalex,1,n/a
CZ,Czechia,False,Vysoká škola kreativní komunikace,https://www.vskk.cz/cz/,10,I4405261527,,openalex,1,n/a
CZ,Czechia,False,Czech Botanical Society,https://botanospol.cz,9,I4210122936,,openalex,1,n/a
CZ,Czechia,False,Laboratoře Behaviorálních Studií,https://labs.ujep.cz,8,I4405261164,,openalex,1,n/a
CZ,Czechia,False,Private University College of Economic Studies,http://www.svses.cz/international/engl/,8,I4210137354,,openalex,1,n/a
CZ,Czechia,False,Národní pedagogický institut České republiky,https://www.npi.cz,7,I4405265087,,openalex,1,n/a
CZ,Czechia,False,Vysoká Skola Aplikovaného Práva,http://www.vsap.cz/,7,I4210158315,,openalex,1,n/a
CZ,Czechia,False,Czech Christian Academy,http://www.krestanskaakademie.cz/,5,I4210125582,,openalex,1,n/a
CZ,Czechia,False,Národní Ústav pro Vzdělávání,http://www.nuv.cz/,5,I4210129307,,openalex,1,n/a
CZ,Czechia,False,Základní Škola Vachkova,http://www.vachkova941.cz/,5,I4210108105,,openalex,1,n/a
CZ,Czechia,False,Akcent International House Prague,http://akcent.cz/en/,4,I4210097495,,openalex,1,n/a
CZ,Czechia,False,College of Karlovy Vary,http://www.vskv.cz/,3,I4210143359,,openalex,1,n/a
CZ,Czechia,False,Prague Film School,https://www.filmstudies.cz/,3,I3131692037,,openalex,1,n/a
CZ,Czechia,False,Toulcův Dvůr,http://www.toulcuvdvur.cz/,2,I4210092795,,openalex,1,n/a
CZ,Czechia,False,Základní škola Brno,http://www.zslastuvkova.cz/,2,I4210102274,,openalex,1,n/a
CZ,Czechia,False,Academia Rerum Civilium - Vysoká Skola Politických a Společenských Věd,https://www.vspsv.cz/,1,I4210159684,,openalex,1,n/a
CZ,Czechia,False,International Prague University,http://www.interpragueuniver.cz/,1,I4210145667,,openalex,1,n/a
CZ,Czechia,False,Obchodní Akademie,https://soavoshk.cz/,1,I4210147511,,openalex,1,n/a
CZ,Czechia,False,Westmoravian College Třebíč,http://www.zmvs.cz/,1,I4210134630,Q7989262,openalex;wikidata,2,n/a
CZ,Czechia,False,ZD Krásná Hora Nad Vltavou (Czechia),http://www.zdkh.cz/index.php/en/,1,I4210096058,,openalex,1,n/a
CZ,Czechia,False,Základní Škola a Mateřská Škola Angel,http://www.zsangel.cz/,1,I4210115450,,openalex,1,n/a
CZ,Czechia,False,Základní škola a Praktická škola Svítání,http://svitani.cz/,1,I4210131048,,openalex,1,n/a
CZ,Czechia,False,Ambis University,https://www.ambis.cz,0,,Q11046731,wikidata,1,n/a
CZ,Czechia,False,ARCHIP,http://www.archip.eu,0,,Q4653605,wikidata,1,n/a
CZ,Czechia,False,Architectural Institute in Prague,http://www.archip.eu//,0,I4210114074,,openalex,1,n/a
CZ,Czechia,False,Catholic Theological Faculty of Charles University,http://www.ktf.cuni.cz,0,,Q12028998,wikidata,1,n/a
CZ,Czechia,False,Center for Geosphere Dynamics,https://cgd.natur.cuni.cz,0,I4405269879,,openalex,1,n/a
CZ,Czechia,False,College of Information Management Business Administration and Law,http://old.vsmiep.cz/about-vsmie,0,I4210104773,,openalex,1,n/a
CZ,Czechia,False,Cyrilometodějská teologická fakulta Univerzity Palackého,,0,,Q38040441,wikidata,1,n/a
CZ,Czechia,False,Czech Society for Oriental Studies,http://www.cski.cz/,0,I4210107919,,openalex,1,n/a
CZ,Czechia,False,Diagnostický Ústav pro Mládež,http://dius.cz/,0,I4210135639,,openalex,1,n/a
CZ,Czechia,False,Dětský domov a Mateřská škola Beroun,http://www.ddmsberoun.cz/,0,I4210105691,,openalex,1,n/a
CZ,Czechia,False,Film Academy of Miroslav Ondříček,http://www.filmovka.cz/en/home-page,0,I4210093881,,openalex,1,n/a
CZ,Czechia,False,Gymnázium Žamberk,https://www.gyzamb.cz,0,I4210135557,,openalex,1,n/a
CZ,Czechia,False,Horní 152 (Český Krumlov),,0,,Q31205175,wikidata,1,n/a
CZ,Czechia,False,International Art Campus Prague,,0,I4210163373,,openalex,1,n/a
CZ,Czechia,False,Jesuit collegium,,0,,Q93434634,wikidata,1,n/a
CZ,Czechia,False,Jesuitenkolleg Klattau (Klatovy),,0,,Q37343145,wikidata,1,n/a
CZ,Czechia,False,Jesuitenkolleg Olmütz,,0,,Q63570643,wikidata,1,n/a
CZ,Czechia,False,Jesuitenkolleg Troppau,,0,,Q13360253,wikidata,1,n/a
CZ,Czechia,False,Jezuitská kolej Karlovo náměstí,,0,,Q48621698,wikidata,1,n/a
CZ,Czechia,False,Mateřská školka Sokolovská,http://www.mssokolovska.cz/,0,I4210133974,,openalex,1,n/a
CZ,Czechia,False,Military University of the Ground Forces in Vyškov,,0,,Q51884711,wikidata,1,n/a
CZ,Czechia,False,MŠ Na Smetance,http://www.msnasmetance.cz/index.html,0,I4210092260,,openalex,1,n/a
CZ,Czechia,False,Neisse University,https://www.neisse-uni.org/,0,I4210130250,Q368271,openalex;wikidata,2,n/a
CZ,Czechia,False,Q116490612,,0,,Q116490612,wikidata,1,n/a
CZ,Czechia,False,Q12029800,,0,,Q12029800,wikidata,1,n/a
CZ,Czechia,False,Q12039000,,0,,Q12039000,wikidata,1,n/a
CZ,Czechia,False,Q139495937,,0,,Q139495937,wikidata,1,n/a
CZ,Czechia,False,Q30103134,,0,,Q30103134,wikidata,1,n/a
CZ,Czechia,False,Q38137073,,0,,Q38137073,wikidata,1,n/a
CZ,Czechia,False,Q53235215,,0,,Q53235215,wikidata,1,n/a
CZ,Czechia,False,"Saints Cyril and Methodius Faculty of Theology of Palacký University, Olomouc",http://www.cmtf.upol.cz,0,,Q13221599,wikidata,1,n/a
CZ,Czechia,False,Střední Průmyslová škola a Obchodní Akademie Uherský Brod,http://www.spsoa-ub.cz/,0,I4210110206,,openalex,1,n/a
CZ,Czechia,False,Střední uměleckoprůmyslová škola sklářská Valašské Meziříčí,http://www.sklarskaskola.cz/,0,I4210153889,,openalex,1,n/a
CZ,Czechia,False,Tiffin University Prague,http://tiffinprague.cz/,0,I4210120195,,openalex,1,n/a
CZ,Czechia,False,University of Chemistry and Technology,http://www.vscht.cz,0,,Q1476341,wikidata,1,n/a
CZ,Czechia,False,University of West Bohemia,https://www.zcu.cz,0,,Q1973888,wikidata,1,n/a
CZ,Czechia,False,Vojenská akademie ve Vyskove,https://www.vavyskov.cz,0,,Q94251310,wikidata,1,n/a
CZ,Czechia,False,Vysoká Škola Realitní Institut Franka Dysona,http://www.fdyson.cz/,0,I4210106410,,openalex,1,n/a
CZ,Czechia,False,Vysoká Škola Sociálně Správní,http://www.vsss.cz/,0,I4210103358,,openalex,1,n/a
CZ,Czechia,False,Vyšší Odborná Škola Informačních Služeb,http://www.vosis.cz/,0,I4210113387,,openalex,1,n/a
CZ,Czechia,False,Vyšší Odborná Škola Pedagogická a Sociální Střední Odborná Škola Pedagogická a Gymnázium Praha 6,http://www.pedevropska.cz/,0,I4210087321,,openalex,1,n/a
CZ,Czechia,False,Vyšší Odborná Škola Střední Průmyslová Škola,http://www.vos-kh.cz/,0,I4210118640,,openalex,1,n/a
DE,Germany,True,Ludwig-Maximilians-Universität München,https://www.lmu.de,343733,I8204097,Q55044,openalex;wikidata,2,n/a
DE,Germany,True,Technical University of Munich,https://www.tum.de,283054,I62916508,Q157808,openalex;wikidata,2,n/a
DE,Germany,True,Heidelberg University,https://www.uni-heidelberg.de,262657,I223822909,Q151510,openalex;wikidata,2,n/a
DE,Germany,True,RWTH Aachen University,https://www.rwth-aachen.de/,230340,I887968799,Q273263,openalex;wikidata,2,n/a
DE,Germany,True,University of Göttingen,http://www.uni-goettingen.de/en/1.html,204262,I74656192,Q152838,openalex;wikidata,2,n/a
DE,Germany,True,University of Bonn,https://www.uni-bonn.de,201001,I135140700,Q152171,openalex;wikidata,2,n/a
DE,Germany,True,Karlsruhe Institute of Technology,https://www.kit.edu,195019,I102335020,Q309988,openalex;wikidata,2,n/a
DE,Germany,True,University of Tübingen,https://uni-tuebingen.de/,182075,I8087733,Q153978,openalex;wikidata,2,n/a
DE,Germany,True,University of Freiburg,https://www.uni-freiburg.de,181629,I161046081,Q153987,openalex;wikidata,2,n/a
DE,Germany,True,Friedrich Schiller University Jena,https://www.uni-jena.de/en,176484,I76198965,,openalex,1,n/a
DE,Germany,True,Friedrich-Alexander-Universität Erlangen-Nürnberg,https://www.fau.de/,170077,I181369854,,openalex,1,n/a
DE,Germany,True,Goethe University Frankfurt,https://www.uni-frankfurt.de,165234,I114090438,Q50662,openalex;wikidata,2,n/a
DE,Germany,True,University of Stuttgart,https://www.uni-stuttgart.de/,164350,I100066346,Q122453,openalex;wikidata,2,n/a
DE,Germany,True,Freie Universität Berlin,https://www.fu-berlin.de,154645,I75951250,Q153006,openalex;wikidata,2,n/a
DE,Germany,True,University of Münster,https://www.uni-muenster.de/,154007,I22465464,Q168426,openalex;wikidata,2,n/a
DE,Germany,True,Technische Universität Dresden,https://tu-dresden.de,151633,I78650965,,openalex,1,n/a
DE,Germany,True,Universität Hamburg,https://www.uni-hamburg.de/,150888,I159176309,,openalex,1,n/a
DE,Germany,True,University of Cologne,https://uni-koeln.de/,149422,I180923762,Q54096,openalex;wikidata,2,n/a
DE,Germany,True,Leipzig University,https://www.uni-leipzig.de/,144124,I926574661,Q154804,openalex;wikidata,2,n/a
DE,Germany,True,Humboldt-Universität zu Berlin,https://www.hu-berlin.de/?set_language=en&cl=en,142791,I39343248,Q152087,openalex;wikidata,2,n/a
DE,Germany,True,University of Würzburg,https://www.uni-wuerzburg.de/,137615,I25974101,Q161976,openalex;wikidata,2,n/a
DE,Germany,True,Ruhr University Bochum,https://www.ruhr-uni-bochum.de,136371,I904495901,Q309948,openalex;wikidata,2,n/a
DE,Germany,True,Johannes Gutenberg University Mainz,https://www.uni-mainz.de,132793,I197323543,Q161982,openalex;wikidata,2,n/a
DE,Germany,True,Technische Universität Berlin,https://www.tu.berlin,119366,I4577782,Q17403358;Q51985,openalex;wikidata,2,n/a
DE,Germany,True,Heinrich Heine University Düsseldorf,https://www.hhu.de/,111827,I44260953,,openalex,1,n/a
DE,Germany,True,Christian-Albrechts-Universität zu Kiel,https://www.uni-kiel.de,108567,I32021983,,openalex,1,n/a
DE,Germany,True,Justus-Liebig-Universität Gießen,https://www.uni-giessen.de,104982,I200763008,,openalex,1,n/a
DE,Germany,True,Philipps University of Marburg,https://www.uni-marburg.de/,99485,I161103922,,openalex,1,n/a
DE,Germany,True,University of Duisburg-Essen,https://www.uni-due.de,99331,I62318514,Q696757,openalex;wikidata,2,n/a
DE,Germany,True,Universität Ulm,https://www.uni-ulm.de,97760,I196349391,,openalex,1,n/a
DE,Germany,True,Technische Universität Darmstadt,https://www.tu-darmstadt.de,97660,I31512782,,openalex,1,n/a
DE,Germany,True,Medizinische Hochschule Hannover,https://www.mhh.de,95029,I34809795,,openalex,1,n/a
DE,Germany,True,Martin Luther University Halle-Wittenberg,https://www.uni-halle.de/,86991,I68956291,Q32120,openalex;wikidata,2,n/a
DE,Germany,True,Leibniz University Hannover,https://www.uni-hannover.de,82122,I114112103,Q678982,openalex;wikidata,2,n/a
DE,Germany,True,University of Bremen,https://www.uni-bremen.de/,78369,I180437899,Q500692,openalex;wikidata,2,n/a
DE,Germany,True,Saarland University,https://www.uni-saarland.de/,75621,I91712215,Q700758,openalex;wikidata,2,n/a
DE,Germany,True,University of Regensburg,https://www.uni-regensburg.de,73504,I60668342,Q574571,openalex;wikidata,2,n/a
DE,Germany,True,TU Dortmund University,https://www.tu-dortmund.de/en/,67619,I200332995,,openalex,1,n/a
DE,Germany,True,Bielefeld University,https://www.uni-bielefeld.de,66435,I20121455,Q24382,openalex;wikidata,2,n/a
DE,Germany,True,Technische Universität Braunschweig,https://www.tu-braunschweig.de/,66264,I94509681,,openalex,1,n/a
DE,Germany,True,University of Potsdam,https://www.uni-potsdam.de/en/,63610,I176453806,Q153012,openalex;wikidata,2,n/a
DE,Germany,True,University of Rostock,https://www.uni-rostock.de/,62334,I4665924,Q159895,openalex;wikidata,2,n/a
DE,Germany,True,Otto-von-Guericke-Universität Magdeburg,https://www.ovgu.de,57060,I95793202,,openalex,1,n/a
DE,Germany,True,University of Bayreuth,https://www.uni-bayreuth.de,52070,I54009628,Q702482,openalex;wikidata,2,n/a
DE,Germany,True,Carl von Ossietzky Universität Oldenburg,https://uol.de,51496,I129877168,,openalex,1,n/a
DE,Germany,True,University of Konstanz,https://www.uni-konstanz.de,50666,I189712700,Q835440,openalex;wikidata,2,n/a
DE,Germany,True,Universität Greifswald,https://www.uni-greifswald.de,49526,I36522303,,openalex,1,n/a
DE,Germany,True,University of Lübeck,https://www.uni-luebeck.de/,46517,I9341345,Q317087,openalex;wikidata,2,n/a
DE,Germany,True,University of Kaiserslautern,http://www.uni-kl.de/no_cache/en/home/,39235,I153267046,Q678965,openalex;wikidata,2,n/a
DE,Germany,True,Paderborn University,https://www.uni-paderborn.de/,36674,I206945453,,openalex,1,n/a
DE,Germany,True,University of Hohenheim,https://www.uni-hohenheim.de,33791,I110079840,Q690912,openalex;wikidata,2,n/a
DE,Germany,True,University of Kassel,https://www.uni-kassel.de/uni,33080,I106157433,Q833822,openalex;wikidata,2,n/a
DE,Germany,True,University of Wuppertal,https://www.uni-wuppertal.de,32897,I167360494,Q447953,openalex;wikidata,2,n/a
DE,Germany,True,University of Augsburg,https://www.uni-augsburg.de,32696,I179225836,Q616905,openalex;wikidata,2,n/a
DE,Germany,True,Chemnitz University of Technology,https://www.tu-chemnitz.de/index.html.en,32093,I2610724,Q159630,openalex;wikidata,2,n/a
DE,Germany,True,University of Siegen,https://www.uni-siegen.de,30683,I206895457,Q504723,openalex;wikidata,2,n/a
DE,Germany,True,University of Mannheim,https://www.uni-mannheim.de/en/,29699,I177802217,Q317070,openalex;wikidata,2,n/a
DE,Germany,True,Osnabrück University,https://www.uni-osnabrueck.de/,28268,I170658231,Q702499,openalex;wikidata,2,n/a
DE,Germany,True,Witten/Herdecke University,https://www.uni-wh.de,27233,I155976169,Q314305,openalex;wikidata,2,n/a
DE,Germany,True,Hamburg University of Technology,https://www.tuhh.de,22373,I884043246,Q1060,openalex;wikidata,2,n/a
DE,Germany,True,TU Bergakademie Freiberg,https://tu-freiberg.de/,21084,I61893789,,openalex,1,n/a
DE,Germany,True,Technische Universität Ilmenau,https://www.tu-ilmenau.de/,20392,I119449181,Q129195,openalex;wikidata,2,n/a
DE,Germany,True,Clausthal University of Technology,https://www.tu-clausthal.de,20192,I43980791,Q447354,openalex;wikidata,2,n/a
DE,Germany,True,Universität Trier,https://www.uni-trier.de/,19524,I89864525,,openalex,1,n/a
DE,Germany,True,"University of Veterinary Medicine Hannover, Foundation",https://www.tiho-hannover.de/,18516,I189991,,openalex,1,n/a
DE,Germany,True,Universität der Bundeswehr München,https://www.unibw.de,16443,I40527276,,openalex,1,n/a
DE,Germany,True,Brandenburg University of Technology Cottbus-Senftenberg,https://www.b-tu.de,15425,I51783024,Q149433,openalex;wikidata,2,n/a
DE,Germany,True,University of Bamberg,https://www.uni-bamberg.de/,14560,I94626330,Q707272,openalex;wikidata,2,n/a
DE,Germany,True,Leuphana University of Lüneburg,https://www.leuphana.de,13108,I113456305,Q505170,openalex;wikidata,2,n/a
DE,Germany,True,FernUniversität in Hagen,https://www.fernuni-hagen.de,12976,I120691247,Q687017,openalex;wikidata,2,n/a
DE,Germany,True,Constructor University,https://constructor.university,12500,I193619901,Q132853201,openalex;wikidata,2,n/a
DE,Germany,True,Helmut Schmidt University,https://www.hsu-hh.de/,11311,I190134885,Q530991,openalex;wikidata,2,n/a
DE,Germany,True,University of Koblenz and Landau,http://www.uni-koblenz-landau.de/en,10969,I2802076133,Q448590,openalex;wikidata,2,n/a
DE,Germany,True,University of Passau,https://www.uni-passau.de/,10958,I186354981,Q704468,openalex;wikidata,2,n/a
DE,Germany,True,German Sport University Cologne,https://www.dshs-koeln.de,9543,I137533716,Q315229,openalex;wikidata,2,n/a
DE,Germany,True,Rheinland-Pfälzische Technische Universität Kaiserslautern-Landau,https://rptu.de,9531,I4387152675,,openalex,1,n/a
DE,Germany,True,HAW Hamburg,https://www.haw-hamburg.de,9298,I70451448,,openalex,1,n/a
DE,Germany,True,Leibniz Institute for the Analysis of Biodiversity Change,https://leibniz-lib.de,8758,I4387155279,,openalex,1,n/a
DE,Germany,True,Universität Koblenz,https://www.uni-koblenz.de,7710,I4387153937,,openalex,1,n/a
DE,Germany,True,University of Hildesheim,https://www.uni-hildesheim.de,7512,I155765044,Q319333,openalex;wikidata,2,n/a
DE,Germany,True,Bauhaus-Universität Weimar,https://www.uni-weimar.de/,7387,I51441396,Q573975,openalex;wikidata,2,n/a
DE,Germany,True,Catholic University of Eichstätt-Ingolstadt,https://www.ku.de,6851,I199417121,Q315161,openalex;wikidata,2,n/a
DE,Germany,True,Hochschule Osnabrück,https://www.hs-osnabrueck.de/,6033,I4210159638,,openalex,1,n/a
DE,Germany,True,University of Erfurt,https://www.uni-erfurt.de/index.php?id=1&L=1,5853,I20431382,Q702524,openalex;wikidata,2,n/a
DE,Germany,True,Munich University of Applied Sciences,https://www.hm.edu,5764,I174004417,Q314089,openalex;wikidata,2,n/a
DE,Germany,True,Medizinische Hochschule Brandenburg Theodor Fontane,https://www.mhb-fontane.de,5441,I4210145679,Q16320336,openalex;wikidata,2,n/a
DE,Germany,True,TH Köln - University of Applied Sciences,https://www.th-koeln.de/,5349,I102520234,Q54166,openalex;wikidata,2,n/a
DE,Germany,True,Darmstadt University of Applied Sciences,https://h-da.de/,5167,I107257983,Q284992,openalex;wikidata,2,n/a
DE,Germany,True,Institute for Chemistry and Biology of the Marine Environment,https://uol.de/en/icbm,4970,I4405252970,,openalex,1,n/a
DE,Germany,True,Max Planck Institute for Multidisciplinary Sciences,https://www.mpinat.mpg.de/,4774,I4387154714,,openalex,1,n/a
DE,Germany,True,European University Viadrina,https://www.europa-uni.de,4713,I254029264,Q149481,openalex;wikidata,2,n/a
DE,Germany,True,FH Aachen,https://www.fh-aachen.de/en/,4568,I99977706,Q1388301,openalex;wikidata,2,n/a
DE,Germany,True,FH Münster,https://www.fh-muenster.de/,4488,I63274643,Q554425,openalex;wikidata,2,n/a
DE,Germany,True,Hochschule Bonn-Rhein-Sieg,https://www.h-brs.de/,4476,I155417937,,openalex,1,n/a
DE,Germany,True,Berliner Hochschule für Technik,https://www.bht-berlin.de,4470,I129643931,,openalex,1,n/a
DE,Germany,True,Pathologisches Institut,https://www.med.lmu.de/pathologie/de/index.html,4420,I4405259543,,openalex,1,n/a
DE,Germany,True,Paracelsus Medizinische Privatuniversität,https://www.pmu.ac.at/,4380,I4210116085,,openalex,1,n/a
DE,Germany,True,WHU – Otto Beisheim School of Management,https://www.whu.edu/,4361,I84340266,Q316595,openalex;wikidata,2,n/a
DE,Germany,True,Karlsruhe University of Applied Sciences,https://www.h-ka.de,4310,I70886390,Q761708,openalex;wikidata,2,n/a
DE,Germany,True,HTW Berlin - University of Applied Sciences,https://www.htw-berlin.de/,4274,I122228004,,openalex,1,n/a
DE,Germany,True,"Institut für Medizinische Informationsverarbeitung, Biometrie und Epidemiologie",https://www.ibe.med.uni-muenchen.de/index.html,4088,I4405260893,,openalex,1,n/a
DE,Germany,True,Furtwangen University,https://www.hs-furtwangen.de/,4040,I882953328,Q529572,openalex;wikidata,2,n/a
DE,Germany,True,Esslingen University of Applied Sciences,https://www.hs-esslingen.de,3684,I134656947,Q1622101,openalex;wikidata,2,n/a
DE,Germany,True,MSH Medical School Hamburg – University of Applied Sciences and Medical University,https://www.medicalschool-hamburg.de,3662,I4210088462,,openalex,1,n/a
DE,Germany,True,OTH Regensburg,https://www.oth-regensburg.de,3605,I120163777,,openalex,1,n/a
DE,Germany,True,Hochschule Hannover,https://www.hs-hannover.de,3547,I140025399,Q224514,openalex;wikidata,2,n/a
DE,Germany,True,Max-von-Pettenkofer-Institut für Hygiene und Medizinische Mikrobiologie,https://www.mvp.uni-muenchen.de,3502,I4405261663,,openalex,1,n/a
DE,Germany,True,Berlin School of Economics and Law,https://www.hwr-berlin.de/,3496,I205892228,Q464443,openalex;wikidata,2,n/a
DE,Germany,True,Frankfurt University of Applied Sciences,https://www.frankfurt-university.de/en/,3490,I5237613,Q812648,openalex;wikidata,2,n/a
DE,Germany,True,Fulda University of Applied Sciences,https://www.hs-fulda.de/,3468,I201850948,Q453821,openalex;wikidata,2,n/a
DE,Germany,True,Hochschule Mittweida,https://www.hs-mittweida.de,3439,I116397343,Q202952,openalex;wikidata,2,n/a
DE,Germany,True,Hochschule Aalen,https://www.hs-aalen.de,3433,I4210136950,,openalex,1,n/a
DE,Germany,True,FOM University of Applied Sciences for Economics and Management,https://www.fom.de,3427,I2801697266,,openalex,1,n/a
DE,Germany,True,Reutlingen University,https://www.reutlingen-university.de,3392,I57589565,Q317125,openalex;wikidata,2,n/a
DE,Germany,True,Europa-Universität Flensburg,https://www.uni-flensburg.de,3337,I200252411,,openalex,1,n/a
DE,Germany,True,Technische Hochschule Mittelhessen,https://www.thm.de,3286,I45155027,,openalex,1,n/a
DE,Germany,True,Frankfurt School of Finance & Management,http://www.frankfurt-school.de/content/de,3227,I71675930,,openalex,1,n/a
DE,Germany,True,Hertie School,http://www.hertie-school.org,3226,I24830596,Q317156,openalex;wikidata,2,n/a
DE,Germany,True,Hochschule Bielefeld,https://www.hsbi.de,3123,I203082224,,openalex,1,n/a
DE,Germany,True,Baden-Wuerttemberg Cooperative State University,http://www.dhbw.de/english/home.html,3011,I108806672,,openalex,1,n/a
DE,Germany,True,Hochschule Niederrhein,https://www.hs-niederrhein.de,2989,I4210113269,Q1318081,openalex;wikidata,2,n/a
DE,Germany,True,Merseburg University of Applied Sciences,https://www.hs-merseburg.de/,2967,I2802534935,Q1622126,openalex;wikidata,2,n/a
DE,Germany,True,RheinMain University of Applied Sciences,http://www.hs-rm.de/de/,2955,I4829542,Q542415,openalex;wikidata,2,n/a
DE,Germany,True,University of Education Freiburg,https://www.ph-freiburg.de/,2946,I4210122148,Q1441203,openalex;wikidata,2,n/a
DE,Germany,True,Universities of Giessen and Marburg Lung Center,https://ugmlc.de,2855,I4210131615,,openalex,1,n/a
DE,Germany,True,Ostfalia University of Applied Sciences,https://ostfalia.de,2798,I2799859273,Q2035460,openalex;wikidata,2,n/a
DE,Germany,True,IU International University of Applied Sciences,https://www.iu.org,2778,I4210148941,Q1667281,openalex;wikidata,2,n/a
DE,Germany,True,Anatomische Anstalt,https://www.anatomie.med.uni-muenchen.de/index.html,2732,I4405260209,,openalex,1,n/a
DE,Germany,True,University of Vechta,https://www.uni-vechta.de,2728,I167277809,Q2496174,openalex;wikidata,2,n/a
DE,Germany,True,Dortmund University of Applied Sciences and Arts,http://www.fh-dortmund.de/,2726,I159743108,Q1324675,openalex;wikidata,2,n/a
DE,Germany,True,Offenburg University of Applied Sciences,https://www.hs-offenburg.de,2725,I913140155,,openalex,1,n/a
DE,Germany,True,Technische Hochschule Ingolstadt,https://www.thi.de,2651,I4210106192,,openalex,1,n/a
DE,Germany,True,Physiologisches Institut,https://www.physiol.med.uni-muenchen.de/index.html,2648,I4405258533,,openalex,1,n/a
DE,Germany,True,Pforzheim University of Applied Sciences,https://www.hs-pforzheim.de/,2620,I27469343,,openalex,1,n/a
DE,Germany,True,ESCP Business School,https://escp.eu/berlin,2604,I94271068,,openalex,1,n/a
DE,Germany,True,Excellence Cluster Universe,https://universe-cluster.de,2600,I4210144898,,openalex,1,n/a
DE,Germany,True,Georg Simon Ohm University of Applied Sciences Nuremberg,https://www.th-nuernberg.de/,2525,I4210100612,,openalex,1,n/a
DE,Germany,True,Ludwigsburg University of Education,https://www.ph-ludwigsburg.de,2486,I32592955,Q2120211,openalex;wikidata,2,n/a
DE,Germany,True,Heilbronn University,https://www.hs-heilbronn.de,2462,I41121874,,openalex,1,n/a
DE,Germany,True,Munich Center for Quantum Science and Technology,https://www.mcqst.de/,2445,I4210142743,,openalex,1,n/a
DE,Germany,True,Stuttgart Technical University of Applied Sciences,https://www.hft-stuttgart.de,2440,I31582689,,openalex,1,n/a
DE,Germany,True,Hochschule Bremen,https://www.hs-bremen.de/,2409,I166433441,,openalex,1,n/a
DE,Germany,True,Max Planck Institute for Political and Social Science,https://www.ips.mpg.de,2409,I4210095684,,openalex,1,n/a
DE,Germany,True,Technische Hochschule Mannheim,https://www.hs-mannheim.de,2397,I112756935,,openalex,1,n/a
DE,Germany,True,Zeppelin Universität gemeinnützige GmbH,https://www.zeppelin-university.com/,2383,I161104310,,openalex,1,n/a
DE,Germany,True,Hochschule Magdeburg-Stendal,https://www.hs-magdeburg.de/en/home.html,2353,I4210151080,,openalex,1,n/a
DE,Germany,True,Eberswalde University for Sustainable Development,https://www.hnee.de,2312,I4210114884,Q1622244,openalex;wikidata,2,n/a
DE,Germany,True,Hochschule für Technik und Wirtschaft Dresden – University of Applied Sciences,https://www.htw-dresden.de,2298,I4210165059,,openalex,1,n/a
DE,Germany,True,Center for Behavioral Brain Sciences,http://www.cbbs.eu,2291,I4210126587,,openalex,1,n/a
DE,Germany,True,Leipzig University of Applied Sciences,https://www.htwk-leipzig.de,2288,I147765834,Q1622216,openalex;wikidata,2,n/a
DE,Germany,True,Deggendorf Institute of Technology,https://www.th-deg.de,2283,I83041830,Q468553,openalex;wikidata,2,n/a
DE,Germany,True,Ernst Abbe University of Applied Sciences Jena,https://www.eah-jena.de,2271,I4210107832,,openalex,1,n/a
DE,Germany,True,Institut für Schlaganfall- und Demenzforschung,https://www.lmu-klinikum.de/isd,2230,I4405259612,,openalex,1,n/a
DE,Germany,True,EBS University of Business and Law,https://www.ebs.edu,2224,I90697900,,openalex,1,n/a
DE,Germany,True,"Institut und Poliklinik für Arbeits-, Sozial- und Umweltmedizin",https://www.lmu-klinikum.de/arb,2164,I4405260790,,openalex,1,n/a
DE,Germany,True,University of Applied Sciences and Arts Hildesheim/Holzminden/Göttingen,https://www.hawk.de,2151,I4210089959,,openalex,1,n/a
DE,Germany,True,Technical University of Applied Sciences Würzburg-Schweinfurt,https://www.thws.de,2150,I3130074995,Q1622239,openalex;wikidata,2,n/a
DE,Germany,True,Heidelberg University of Education,https://www.ph-heidelberg.de,2117,I4210086570,Q1429906,openalex;wikidata,2,n/a
DE,Germany,True,Anhalt University of Applied Sciences,https://www.hs-anhalt.de/en/start-page.html,2110,I4210089758,,openalex,1,n/a
DE,Germany,True,Bochum University of Applied Sciences,https://www.hochschule-bochum.de,2102,I4210141069,Q1622078,openalex;wikidata,2,n/a
DE,Germany,True,South Westphalia University of Applied Sciences,http://www4.fh-swf.de/de/home/internationales/index.php,2087,I3130920692,Q1259168,openalex;wikidata,2,n/a
DE,Germany,True,Institute of Computational Biology,https://www.helmholtz-munich.de/en/icb,2068,I4405263983,,openalex,1,n/a
DE,Germany,True,Center for Scalable Data Analytics and Artificial Intelligence,https://scads.ai,2051,I4401726909,,openalex,1,n/a
DE,Germany,True,Technical University of Applied Sciences Wildau,http://www.th-wildau.de/,2033,I38517508,Q686171,openalex;wikidata,2,n/a
DE,Germany,True,Hochschule Fresenius,https://www.hs-fresenius.com,1921,I4210135900,,openalex,1,n/a
DE,Germany,True,Weihenstephan-Triesdorf University of Applied Sciences,https://www.hswt.de,1905,I309496635,,openalex,1,n/a
DE,Germany,True,Trier University of Applied Sciences,https://www.hochschule-trier.de,1869,I137932638,,openalex,1,n/a
DE,Germany,True,Ostwestfalen-Lippe University of Applied Sciences and Arts,https://www.th-owl.de/,1865,I5209920,,openalex,1,n/a
DE,Germany,True,University of Applied Sciences Mainz,https://www.hs-mainz.de/,1815,I164387090,,openalex,1,n/a
DE,Germany,True,Coburg University of Applied Sciences,https://www.hs-coburg.de/,1810,I157413458,Q1622234,openalex;wikidata,2,n/a
DE,Germany,True,Institut für Immunologie,https://www.immunologie.med.uni-muenchen.de/index.html,1806,I4405259207,,openalex,1,n/a
DE,Germany,True,Loewe Center for Synthetic Microbiology,http://www.synmikro.com/en/,1784,I4210144801,,openalex,1,n/a
DE,Germany,True,HHL Leipzig Graduate School of Management,https://www.hhl.de,1764,I27963644,,openalex,1,n/a
DE,Germany,True,Hochschule Geisenheim University,http://www.hs-geisenheim.de/startseite.html,1745,I4210165358,Q2718928,openalex;wikidata,2,n/a
DE,Germany,True,University of Applied Sciences Potsdam,https://www.fh-potsdam.de,1741,I2800638415,Q896706,openalex;wikidata,2,n/a
DE,Germany,True,"Adolf-Butenandt-Institut für Physiologische Chemie, Physikalische Biochemie und Zellbiologie",https://www.abi.med.uni-muenchen.de,1720,I4405260761,,openalex,1,n/a
DE,Germany,True,Technische Hochschule Augsburg,https://www.tha.de,1705,I142270456,,openalex,1,n/a
DE,Germany,True,Jade University of Applied Sciences,https://www.jade-hs.de,1673,I10889393,Q982400,openalex;wikidata,2,n/a
DE,Germany,True,Hochschule Düsseldorf University of Applied Sciences,https://www.hs-duesseldorf.de,1667,I75356249,,openalex,1,n/a
DE,Germany,True,Wismar University of Applied Sciences,https://www.hs-wismar.de,1646,I162015237,,openalex,1,n/a
DE,Germany,True,Koblenz University of Applied Sciences,https://www.hs-koblenz.de/,1635,I16264642,,openalex,1,n/a
DE,Germany,True,Institut für Neuropathologie,https://www.neuropathologie.med.uni-muenchen.de/index.html,1612,I4405260960,,openalex,1,n/a
DE,Germany,True,Medizinische Akademie Erfurt,http://www.erfurt-web.de/Medizinische_Akademie_Erfurt,1593,I4210154835,,openalex,1,n/a
DE,Germany,True,MSB Medical School Berlin,https://www.medicalschool-berlin.de,1592,I4210091434,Q1916267,openalex;wikidata,2,n/a
DE,Germany,True,Institut für Rechtsmedizin,https://www.rechtsmedizin.med.uni-muenchen.de/index.html,1585,I4405259119,,openalex,1,n/a
DE,Germany,True,Zittau/Görlitz University of Applied Sciences,https://www.hszg.de,1577,I4210148079,Q1622147,openalex;wikidata,2,n/a
DE,Germany,True,Mannheim Centre for European Social Research,http://www.mzes.uni-mannheim.de,1575,I57233200,,openalex,1,n/a
DE,Germany,True,HafenCity University Hamburg,https://www.hcu-hamburg.de/en/,1561,I2801160284,Q1567759,openalex;wikidata,2,n/a
DE,Germany,True,Stuttgart Media University,https://www.hdm-stuttgart.de/english,1546,I1283220839,Q1233544,openalex;wikidata,2,n/a
DE,Germany,True,Rhine-Waal University of Applied Sciences,https://www.hochschule-rhein-waal.de/en,1543,I70865968,Q1622138,openalex;wikidata,2,n/a
DE,Germany,True,Brandenburg University of Applied Sciences,https://www.th-brandenburg.de,1515,I4210146756,,openalex,1,n/a
DE,Germany,True,Hochschule für Technik und Wirtschaft des Saarlandes,https://www.htwsaar.de,1513,I4210120512,,openalex,1,n/a
DE,Germany,True,Institut für Medizinische Psychologie,https://www.med.lmu.de/imp/de/,1502,I4405258781,,openalex,1,n/a
DE,Germany,True,University of Applied Sciences Ravensburg-Weingarten,https://www.rwu.de,1498,I24227732,,openalex,1,n/a
DE,Germany,True,Walther-Straub-Institut für Pharmakologie und Toxikologie,https://www.med.lmu.de/wsi/,1492,I4405255325,,openalex,1,n/a
DE,Germany,True,Westsächsische Hochschule Zwickau,https://www.fh-zwickau.de,1473,I4210150056,,openalex,1,n/a
DE,Germany,True,Hamm-Lippstadt University of Applied Sciences,https://www.hshl.de,1471,I4210088033,Q1505130,openalex;wikidata,2,n/a
DE,Germany,True,Karlsruhe University of Education,https://www.ph-karlsruhe.de/,1470,I4210119349,Q1310061,openalex;wikidata,2,n/a
DE,Germany,True,Berlin University of the Arts,https://www.udk-berlin.de/en/home/,1452,I46043019,Q55038,openalex;wikidata,2,n/a
DE,Germany,True,"HTWG Hochschule Konstanz - Technik, Wirtschaft und Gestaltung",https://www.htwg-konstanz.de,1419,I9649716,,openalex,1,n/a
DE,Germany,True,Alice-Salomon-Hochschule Berlin,https://www.ash-berlin.eu,1398,I3131365647,,openalex,1,n/a
DE,Germany,True,University of Applied Sciences Emden Leer,http://www.hs-emden-leer.de/,1397,I4210104665,,openalex,1,n/a
DE,Germany,True,Kempten University of Applied Sciences,https://www.hs-kempten.de,1385,I2802623092,Q1622115,openalex;wikidata,2,n/a
DE,Germany,True,European School of Management and Technology,https://esmt.berlin,1383,I894557895,Q569528,openalex;wikidata,2,n/a
DE,Germany,True,Hochschule für Angewandte Wissenschaften Kiel,https://www.haw-kiel.de,1360,I3133086891,,openalex,1,n/a
DE,Germany,True,Neubrandenburg University of Applied Sciences,https://www.hs-nb.de/,1335,I4210132631,Q1622130,openalex;wikidata,2,n/a
DE,Germany,True,Stuttgart Center for Simulation Science,https://www.simtech.uni-stuttgart.de/sc/,1315,I4405268297,,openalex,1,n/a
DE,Germany,True,Hanover University of Music Drama and Media,https://www.hmtm-hannover.de/de/start/,1312,I4210099119,Q455331,openalex;wikidata,2,n/a
DE,Germany,True,Flensburg University of Applied Sciences,https://hs-flensburg.de/,1294,I88713005,Q328274,openalex;wikidata,2,n/a
DE,Germany,True,German University of Administrative Sciences,https://uni-speyer.de,1283,I96195991,,openalex,1,n/a
DE,Germany,True,Ostbayerische Technische Hochschule Amberg-Weiden,https://www.oth-aw.de,1281,I4210091978,Q1622072,openalex;wikidata,2,n/a
DE,Germany,True,University of Applied Sciences Kaiserslautern,http://www.fh-kl.de/fh/intl.html,1255,I73114660,Q1391198,openalex;wikidata,2,n/a
DE,Germany,True,Aschaffenburg University of Applied Sciences,https://www.th-ab.de,1235,I4210158205,Q1523703,openalex;wikidata,2,n/a
DE,Germany,True,Rosenheim Technical University of Applied Sciences,https://www.th-rosenheim.de,1196,I4210142109,,openalex,1,n/a
DE,Germany,True,University of Education Schwaebisch Gmuend,https://www.ph-gmuend.de/,1179,I4210130087,Q2120205,openalex;wikidata,2,n/a
DE,Germany,True,Institut für Laboratoriumsmedizin,https://www.lmu-klinikum.de/labmed,1178,I4405261557,,openalex,1,n/a
DE,Germany,True,Technical University of Applied Sciences Lübeck,https://www.th-luebeck.de/,1154,I4210127057,,openalex,1,n/a
DE,Germany,True,Harz University of Applied Sciences,https://www.hs-harz.de/en/,1145,I94575722,Q1622105,openalex;wikidata,2,n/a
DE,Germany,True,International University Institute (IHI) Zittau,https://tu-dresden.de/ihi-zittau,1118,I4210149070,,openalex,1,n/a
DE,Germany,True,Institut für Prophylaxe und Epidemiologie der Kreislaufkrankheiten,https://www.lmu-klinikum.de/ipek/,1104,I4405260267,,openalex,1,n/a
DE,Germany,True,Ruhr West University of Applied Sciences,http://en.hochschule-ruhr-west.de/,1100,I4210123225,Q1622141,openalex;wikidata,2,n/a
DE,Germany,True,International Max Planck Research School on Earth System Modelling,https://mpimet.mpg.de/en/career/imprs-esm,1077,I4405271453,,openalex,1,n/a
DE,Germany,True,University of Applied Sciences Erfurt,http://www.fh-erfurt.de/fhe/,1038,I4210106641,Q1391189,openalex;wikidata,2,n/a
DE,Germany,True,Bucerius Law School,http://www.law-school.de/,1018,I90523175,,openalex,1,n/a
DE,Germany,True,Nürtingen-Geislingen University of Applied Science,https://www.hfwu.de,1006,I3129846546,Q1622229,openalex;wikidata,2,n/a
DE,Germany,True,University of Applied Sciences Landshut,https://www.haw-landshut.de/en,1004,I202671389,Q1622121,openalex;wikidata,2,n/a
DE,Germany,True,University of Education Weingarten,https://www.ph-weingarten.de,1003,I4210126364,,openalex,1,n/a
DE,Germany,True,Neu-Ulm University of Applied Sciences,https://www.hnu.de,997,I4210124377,,openalex,1,n/a
DE,Germany,True,Duale Hochschule Baden Württemberg Mannheim,https://www.mannheim.dhbw.de,980,I4405261162,,openalex,1,n/a
DE,Germany,True,Ludwigshafen University of Business and Society,https://www.hwg-lu.de,971,I230073098,,openalex,1,n/a
DE,Germany,True,Hochschule für Gesundheit - University of Applied Sciences,https://www.hs-gesundheit.de/,957,I4210131861,,openalex,1,n/a
DE,Germany,True,University of Applied Sciences Stralsund,http://www.fh-stralsund.de/,944,I4210148663,,openalex,1,n/a
DE,Germany,True,Kühne Logistics University,https://www.the-klu.org/,911,I186044516,,openalex,1,n/a
DE,Germany,True,University of Applied Sciences Worms,https://www.hs-worms.de/en/,897,I151001649,Q1391239,openalex;wikidata,2,n/a
DE,Germany,True,International Psychoanalytic University Berlin,http://www.ipu-berlin.de/en,894,I4210091510,Q1666832,openalex;wikidata,2,n/a
DE,Germany,True,SRH University of Applied Sciences Heidelberg,https://www.srh-university.de,886,I4210091948,Q136490501,openalex;wikidata,2,n/a
DE,Germany,True,Nordhausen University of Applied Sciences,https://www.hs-nordhausen.de,864,I2802945567,,openalex,1,n/a
DE,Germany,True,International School of Management,http://en.ism.de/,858,I4210149487,Q1665159,openalex;wikidata,2,n/a
DE,Germany,True,Catholic University of Applied Sciences of North Rhine – Westphalia,https://katho-nrw.de,854,I4210124334,,openalex,1,n/a
DE,Germany,True,Steinbeis University Berlin,http://www.steinbeis.de/en/experts/steinbeis-university-berlin-shb.html,851,I90812881,,openalex,1,n/a
DE,Germany,True,Hochschule Bremerhaven,https://www.hs-bremerhaven.de,850,I4210091436,,openalex,1,n/a
DE,Germany,True,Landesinstitut für Lehrerbildung und Schulentwicklung,https://li.hamburg.de/,844,I4210162437,,openalex,1,n/a
DE,Germany,True,Berufskolleg Am Wasserturm,http://www.bk-amwasserturm.de/,835,I4210153887,,openalex,1,n/a
DE,Germany,True,Psychologische Hochschule Berlin,https://www.psychologische-hochschule.de/,816,I4210118884,Q2115997,openalex;wikidata,2,n/a
DE,Germany,True,Else Kröner Fresenius Center for Digital Health,https://digitalhealth.tu-dresden.de,784,I4405269091,,openalex,1,n/a
DE,Germany,True,Albstadt-Sigmaringen University,http://www.hs-albsig.de/,774,I4210124927,Q1441039,openalex;wikidata,2,n/a
DE,Germany,True,SRH University Berlin,http://www.srh-hochschule-berlin.de/,766,I249157770,,openalex,1,n/a
DE,Germany,True,"Fakultät Verkehrswissenschaften ""Friedrich List""",https://tu-dresden.de/bu/verkehr,742,I4405276967,,openalex,1,n/a
DE,Germany,True,Hochschule Macromedia,https://www.macromedia.de/,742,I4210127724,,openalex,1,n/a
DE,Germany,True,Hof University of Applied Sciences,https://www.hof-university.de/,735,I4210138088,,openalex,1,n/a
DE,Germany,True,Cologne Institute for Economic Research,https://www.iwkoeln.de/,726,I1335487337,,openalex,1,n/a
DE,Germany,True,Westfälische Hochschule,https://www.w-hs.de/,726,I4210145899,,openalex,1,n/a
DE,Germany,True,Forschungsinstitut für Kinderernährung,http://www.fke-do.de/,725,I4210115750,,openalex,1,n/a
DE,Germany,True,Campus-Institut Data Science (CIDAS),https://www.uni-goettingen.de/en/690135.html,719,I4405263634,,openalex,1,n/a
DE,Germany,True,TH Bingen University of Applied Sciences,https://www.th-bingen.de,713,I143910747,,openalex,1,n/a
DE,Germany,True,Ansbach University of Applied Sciences,https://www.hs-ansbach.de/en/index.html,681,I4210102060,Q1622076,openalex;wikidata,2,n/a
DE,Germany,True,HMU Health and Medical University,https://www.health-and-medical-university.de,674,I4392021211,Q84941339,openalex;wikidata,2,n/a
DE,Germany,True,Hochschule für Polizei und Öffentliche Verwaltung Nordrhein-Westfalen,https://www.hspv.nrw.de/,666,I4210127976,Q1391293,openalex;wikidata,2,n/a
DE,Germany,True,Munich School of Philosophy,https://www.hfph.de/,631,I292141241,Q881849,openalex;wikidata,2,n/a
DE,Germany,True,Schmalkalden University of Applied Sciences,https://www.hs-schmalkalden.de,626,I4210128802,Q1391222,openalex;wikidata,2,n/a
DE,Germany,True,Technische Hochschule Ulm,https://www.thu.de,621,I4210163522,,openalex,1,n/a
DE,Germany,True,Aachen Institute for Advanced Study in Computational Engineering Science,https://www.rwth-aachen.de/cms/root/wir/exzellenzinitiative/~clko/aices/?lidx=1,599,I4405270956,,openalex,1,n/a
DE,Germany,True,University of Applied Sciences Biberach,https://www.hochschule-biberach.de/web/english,595,I21028945,Q1622079,openalex;wikidata,2,n/a
DE,Germany,True,Ravensburg University of Cooperative Education,https://www.ravensburg.dhbw.de,552,I4210097841,Q1262617,openalex;wikidata,2,n/a
DE,Germany,True,Katholische Stiftungshochschule München,https://www.ksh-muenchen.de,509,I4210109483,Q1632429,openalex;wikidata,2,n/a
DE,Germany,True,"Institut für Ethik, Geschichte und Theorie der Medizin",https://www.egt.med.uni-muenchen.de/index.html,508,I4405260264,,openalex,1,n/a
DE,Germany,True,University of Applied Management,http://www.fham.de/en/,488,I2802394218,Q1280712,openalex;wikidata,2,n/a
DE,Germany,True,"Zentrum für Medien-, Kommunikations- und Informationsforschung",https://zemki.uni-bremen.de,481,I4405254782,,openalex,1,n/a
DE,Germany,True,Protestant University of Applied Sciences Rhineland-Westphalia-Lippe,https://www.evh-bochum.de,480,I4210132750,,openalex,1,n/a
DE,Germany,True,Filmuniversität Babelsberg KONRAD WOLF,https://www.filmuniversitaet.de,460,I4210135180,,openalex,1,n/a
DE,Germany,True,German Police University,http://www.dhpol.de/en/index.php,455,I4210094921,,openalex,1,n/a
DE,Germany,True,Catholic University of Applied Sciences,https://www.kh-mz.de/en/home/,451,I4210157514,Q1736345,openalex;wikidata,2,n/a
DE,Germany,True,Federal University of Applied Administrative Sciences,http://www.fhbund.de/EN/00__Home/homepage__node.html?__nnn=true,446,I4210127654,,openalex,1,n/a
DE,Germany,True,Institute for Integrated Management of Material Fluxes and of Resources,https://flores.unu.edu/en/,438,I4210139168,,openalex,1,n/a
DE,Germany,True,Folkwang University of the Arts,https://www.folkwang-uni.de/home,433,I2800742272,Q521612,openalex;wikidata,2,n/a
DE,Germany,True,BRIQ Institute on Behavior and Inequality,https://www.briq-institute.org/,428,I4210109087,,openalex,1,n/a
DE,Germany,True,Nordakademie,https://www.nordakademie.de,420,I4210088491,,openalex,1,n/a
DE,Germany,True,Mainzer Zentrum für Digitalität in den Geistes- und Kulturwissenschaften,https://mainzed.org/,419,I4210117931,,openalex,1,n/a
DE,Germany,True,Rottenburg University of Applied Forest Sciences,https://www.hs-rottenburg.net/startseite/,407,I3133234801,Q1622175,openalex;wikidata,2,n/a
DE,Germany,True,West Coast University of Applied Sciences,http://eng.fh-westkueste.de/1/home/,396,I4210131906,,openalex,1,n/a
DE,Germany,True,Catholic University of Applied Sciences Freiburg,https://www.kh-freiburg.de,394,I2799429177,Q1736342,openalex;wikidata,2,n/a
DE,Germany,True,PFH Private University of Applied Sciences,https://www.pfh-university.com/,391,I4210109289,,openalex,1,n/a
DE,Germany,True,Munich Business School,https://www.munich-business-school.de/,388,I37101380,Q1311824,openalex;wikidata,2,n/a
DE,Germany,True,Alanus University of Arts and Social Sciences,https://www.alanus.edu/de/home/,379,I3132303376,,openalex,1,n/a
DE,Germany,True,CBS University of Applied Sciences,https://www.cbs.de,379,I197487182,,openalex,1,n/a
DE,Germany,True,Dresden International University,http://www.di-uni.de/index.php?id=20,376,I4210108298,Q1258462,openalex;wikidata,2,n/a
DE,Germany,True,Lutheran University of Applied Sciences Nuremberg,https://www.evhn.de,369,I3130238102,Q475312,openalex;wikidata,2,n/a
DE,Germany,True,Protestant University of Applied Sciences Freiburg,https://www.eh-freiburg.de,368,I4210139880,Q880440,openalex;wikidata,2,n/a
DE,Germany,True,Rheinische Hochschule Köln,https://rh-koeln.de,364,I4210094725,Q1245583,openalex;wikidata,2,n/a
DE,Germany,True,Berlin School of Business and Innovation GmbH,https://www.berlinsbi.com,348,I4405258384,,openalex,1,n/a
DE,Germany,True,European University of Applied Sciences,https://www.eufh.de/,342,I4210090743,Q1377296,openalex;wikidata,2,n/a
DE,Germany,True,University of Applied Sciences for Public Administration and Management,https://www.fhoev.nrw.de/en.html,341,I4210122778,,openalex,1,n/a
DE,Germany,True,Technische Hochschule Georg Agricola,https://www.thga.de/,338,I4210126259,Q2399066,openalex;wikidata,2,n/a
DE,Germany,True,Institut für Notfallmedizin und Medizinmanagement,https://www.inm-online.de/de/,335,I4405259625,,openalex,1,n/a
DE,Germany,True,Hamburg School of Business Administration,https://www.hsba.de/,334,I256606533,,openalex,1,n/a
DE,Germany,True,Interdisziplinäres Zentrum für Nanostrukturierte Filme,https://www.iznf.fau.de,331,I4405268894,,openalex,1,n/a
DE,Germany,True,Evangelische Hochschule Hessen,https://www.eh-hessen.de,330,I4210136778,,openalex,1,n/a
DE,Germany,True,University of Music FRANZ LISZT Weimar,https://www.hfm-weimar.de/de/start.html,323,I4210086760,,openalex,1,n/a
DE,Germany,True,University of Applied Sciences FHDW Hannover,https://www.fhdw-hannover.de/en,319,I4210131765,,openalex,1,n/a
DE,Germany,True,Acatech,https://en.acatech.de/,314,I210804748,,openalex,1,n/a
DE,Germany,True,Hamburger Fern-Hochschule,http://www.hamburger-fh.de/,313,I4210147049,,openalex,1,n/a
DE,Germany,True,Fliedner Fachhochschule Düsseldorf,https://www.fliedner-fachhochschule.de,305,I4210115444,,openalex,1,n/a
DE,Germany,True,SRH Hochschule für Gesundheit Gera,https://www.gesundheitshochschule.de/en/,299,I4210114296,,openalex,1,n/a
DE,Germany,True,German Research School for Simulation Sciences,http://www.grs-sim.de/,298,I4210106877,,openalex,1,n/a
DE,Germany,True,Bard College Berlin,http://www.berlin.bard.edu/,297,I235627473,Q666828,openalex;wikidata,2,n/a
DE,Germany,True,Parmenides Foundation,https://www.parmenides-foundation.org/,296,I295934401,,openalex,1,n/a
DE,Germany,True,Hochschule für Telekommunikation Leipzig,https://www.hft-leipzig.de/en.html,294,I4210158023,Q1622226,openalex;wikidata,2,n/a
DE,Germany,True,Sankt Georgen Graduate School of Philosophy and Theology,https://www.sankt-georgen.de,292,I4210114542,Q895645,openalex;wikidata,2,n/a
DE,Germany,True,Vinzenz Pallotti University,https://vp-uni.de,291,I4210129681,Q1619104,openalex;wikidata,2,n/a
DE,Germany,True,SRH Fernhochschule Riedlingen,https://www.fh-riedlingen.de/,279,I4210157833,,openalex,1,n/a
DE,Germany,True,University of Applied Sciences Appollon,https://www.apollon-hochschule.de,271,I4210149361,Q619201,openalex;wikidata,2,n/a
DE,Germany,True,Evangelische Hochschule Dresden,https://ehs-dresden.de,270,I4210123567,,openalex,1,n/a
DE,Germany,True,Catholic University of Applied Social Sciences,http://www.khsb-berlin.de/,269,I4210090701,Q1736348,openalex;wikidata,2,n/a
DE,Germany,True,Charlotte Fresenius Hochschule,https://www.charlotte-fresenius-uni.de,265,I4405261570,,openalex,1,n/a
DE,Germany,True,University of Applied Labour Studies of the Federal Employment Agency,http://www.hdba.de/,261,I4210116926,,openalex,1,n/a
DE,Germany,True,University of Applied Sciences - Public Administration and Finance Ludwigsburg,https://www.hs-ludwigsburg.de/,261,I4210134455,,openalex,1,n/a
DE,Germany,True,Diploma Hochschule,http://diploma.de/,255,I4210150976,Q1153856,openalex;wikidata,2,n/a
DE,Germany,True,Hochschule für Politik München,https://www.hfp.tum.de,253,I4405265300,Q1622215,openalex;wikidata,2,n/a
DE,Germany,True,Staatliche Hochschule für Gestaltung Karlsruhe,https://hfg-karlsruhe.de,253,I4210155650,,openalex,1,n/a
DE,Germany,True,SRH Fernhochschule – The Mobile University,https://www.mobile-university.de,252,I4210099272,,openalex,1,n/a
DE,Germany,True,HMU Health and Medical University Erfurt,https://www.health-and-medical-university-erfurt.de,250,I4392021109,,openalex,1,n/a
DE,Germany,True,University of the Arts Bremen,https://www.hfk-bremen.de,249,I4210121425,Q466664,openalex;wikidata,2,n/a
DE,Germany,True,"Cluster of Excellence ""Matters of Activity. Image Space Material""",https://www.matters-of-activity.de/en/,247,I4210167353,,openalex,1,n/a
DE,Germany,True,Institut für Kardiovaskuläre Physiologie und Pathophysiologie,https://cv.physiol.med.uni-muenchen.de/index.html,245,I4405260491,,openalex,1,n/a
DE,Germany,True,HSD Hochschule Döpfer,https://www.hs-doepfer.de/,243,I4210136771,Q15818931,openalex;wikidata,2,n/a
DE,Germany,True,Fachhochschule des Mittelstands,http://www.fh-mittelstand.de/,239,I4210105257,Q1391258,openalex;wikidata,2,n/a
DE,Germany,True,Centre for East European and International Studies,https://www.zois-berlin.de/,238,I4210088789,,openalex,1,n/a
DE,Germany,True,German Graduate School of Management and Law,http://www.ggs.de/en/,237,I4210160797,,openalex,1,n/a
DE,Germany,True,BSP Business & Law School – Hochschule für Management und Recht,https://www.businessschool-berlin.de,231,I4210101884,,openalex,1,n/a
DE,Germany,True,Evangelische Hochschule Berlin,https://www.eh-berlin.de/startseite.html,231,I4210094528,,openalex,1,n/a
DE,Germany,True,Hamburg University of Music and Drama,https://www.hfmt-hamburg.de,229,I4210092713,Q700824,openalex;wikidata,2,n/a
DE,Germany,True,Hochschule für Musik Freiburg,http://www.mh-freiburg.de/en/home/,227,I3131433586,Q650345,openalex;wikidata,2,n/a
DE,Germany,True,University of Applied Sciences for Media Communication and Business,http://www.hmkw.de/en/,226,I4210100386,Q1622198,openalex;wikidata,2,n/a
DE,Germany,True,University of Applied Sciences Wedel,https://www.fh-wedel.de/,225,I113463164,Q976984,openalex;wikidata,2,n/a
DE,Germany,True,University of Applied Sciences Europe,https://www.ue-germany.com/,222,I54738626,,openalex,1,n/a
DE,Germany,True,Hochschule für Musik Dresden,https://www.hfmdd.de,218,I4210114553,,openalex,1,n/a
DE,Germany,True,Braunschweig University of Art,http://www.hbk-bs.de/,217,I4210125722,Q879216,openalex;wikidata,2,n/a
DE,Germany,True,International University in Germany,http://i-u.de/,216,I4210087065,Q1408542,openalex;wikidata,2,n/a
DE,Germany,True,Whitecliffe University of Applied Sciences,https://whitecliffe.de,216,I4405254481,Q21040611,openalex;wikidata,2,n/a
DE,Germany,True,Hochschule für bildende Künste,http://www.hfbk-hamburg.de/en/,214,I4210126860,,openalex,1,n/a
DE,Germany,True,Institute of Functional Epigenetics,https://www.helmholtz-munich.de/en/ife,209,I4405265670,,openalex,1,n/a
DE,Germany,True,Göttingen Campus Institut für Dynamic biologischer Netzwerke,https://www.uni-goettingen.de/cidbn,204,I4405259601,,openalex,1,n/a
DE,Germany,True,Institute of Epigenetics and Stem Cells,https://www.helmholtz-munich.de/en/ies,198,I4405263978,,openalex,1,n/a
DE,Germany,True,University of Applied Sciences Kehl,https://www.hs-kehl.de,196,I4210114897,Q1622113,openalex;wikidata,2,n/a
DE,Germany,True,Münchner Zentrum für Gesundheitswissenschaften,,192,I4405281680,,openalex,1,n/a
DE,Germany,True,Cologne University of Music,https://www.hfmt-koeln.de/,191,I4210153242,,openalex,1,n/a
DE,Germany,True,Duale Hochschule Sachsen,https://www.dhsn.de,191,I4405256648,,openalex,1,n/a
DE,Germany,True,Academy of Media Arts Cologne,https://www.khm.de,189,I102451721,Q827038,openalex;wikidata,2,n/a
DE,Germany,True,Akkon Hochschule für Humanwissenschaften,https://www.akkon-hochschule.de,189,I4405256116,,openalex,1,n/a
DE,Germany,True,Wilhelm Büchner Hochschule,http://www.wb-fernstudium.de/,182,I4210097094,Q2572209,openalex;wikidata,2,n/a
DE,Germany,True,Europa-Institut,https://europainstitut.de/,181,I4210116825,,openalex,1,n/a
DE,Germany,True,Sigmund Freud Privatuniversität - Standort Berlin,https://www.sfu-berlin.de,173,I4405255383,Q48756211,openalex;wikidata,2,n/a
DE,Germany,True,Theologische Fakultät Paderborn,https://www.thf-paderborn.de/,173,I4210092574,,openalex,1,n/a
DE,Germany,True,Center for Art and Media Karlsruhe,https://zkm.de/en,171,I3131541502,,openalex,1,n/a
DE,Germany,True,Institute of Empirical Health Economics,http://www.ifeg.de/en/,171,I4210123420,,openalex,1,n/a
DE,Germany,True,Max Planck School of Photonics,https://photonics.maxplanckschools.org/en/home,171,I4405263723,,openalex,1,n/a
DE,Germany,True,Karlshochschule International University,https://karlshochschule.de/en/,162,I50691698,Q1733921,openalex;wikidata,2,n/a
DE,Germany,True,University of Music Detmold,https://www.hfm-detmold.de,159,I4210145737,,openalex,1,n/a
DE,Germany,True,Ukrainian Free University,https://www.ufu-muenchen.de/uk,158,I3129552643,Q646136,openalex;wikidata,2,n/a
DE,Germany,True,Deutsche Hochschule für Prävention und Gesundheitsmanagement,http://www.dhfpg.de/,156,I4210136966,Q1203121,openalex;wikidata,2,n/a
DE,Germany,True,IST-Hochschule für Management,https://www.ist-hochschule.de/,154,I4210117856,Q15819802,openalex;wikidata,2,n/a
DE,Germany,True,Akademie für Gesundheitsberufe,http://www.afg-heidelberg.de/wir-ueber-uns/,153,I4210129480,,openalex,1,n/a
DE,Germany,True,Hochschule Fresenius Heidelberg,https://www.hs-fresenius.de/standort/heidelberg/,152,I4387155827,,openalex,1,n/a
DE,Germany,True,Curculio Institute,https://curci.de/institute/index.php,151,I4210092625,,openalex,1,n/a
DE,Germany,True,Institute of Early Childhood Research,http://www.ifp.bayern.de/english,150,I4210128353,,openalex,1,n/a
DE,Germany,True,Musikwissenschaftliches Seminar Detmold/Paderborn,https://www.muwi-detmold-paderborn.de/,150,I4210123279,,openalex,1,n/a
DE,Germany,True,Evangelische Stiftung Volmarstein,https://www.esv.de/,145,I4210087581,,openalex,1,n/a
DE,Germany,True,Bayerische Akademie für Naturschutz und Landschaftspflege,https://www.anl.bayern.de,139,I4405253053,,openalex,1,n/a
DE,Germany,True,Hochschule Weserbergland,http://www.hsw-hameln.de/,138,I4210127020,Q1400766,openalex;wikidata,2,n/a
DE,Germany,True,Evangelische Hochschule Ludwigsburg,http://www.eh-ludwigsburg.de/homepage.html,135,I4210126575,,openalex,1,n/a
DE,Germany,True,Hamburg Media School,https://www.hamburgmediaschool.com,134,I4405252813,,openalex,1,n/a
DE,Germany,True,Hochschule für Jüdische Studien,http://www.hfjs.eu/,134,I4210142047,,openalex,1,n/a
DE,Germany,True,University of Art and Design Offenbach,http://www.hfg-offenbach.de/en#feature_and_news,130,I4210127576,,openalex,1,n/a
DE,Germany,True,Hochschule für Musik und Theater München,http://website.musikhochschule-muenchen.de/de/index.php,128,I4210129464,,openalex,1,n/a
DE,Germany,True,Allensbach University,https://www.allensbach-hochschule.de/,127,I4210097630,,openalex,1,n/a
DE,Germany,True,Akademie für Technikfolgenabschätzung,http://afta-bw.de/,126,I4210105721,,openalex,1,n/a
DE,Germany,True,Wilhelm Löhe University for Applied Sciences,https://www.wlh-fuerth.de,126,I4210137142,,openalex,1,n/a
DE,Germany,True,Europäische Fernhochschule Hamburg,http://www.euro-fh.de/,125,I4210112975,,openalex,1,n/a
DE,Germany,True,Institut für Museumsforschung,https://ifm.smb.museum,124,I4405264064,,openalex,1,n/a
DE,Germany,True,Munich Center for Neurosciences – Brain and Mind,https://www.mcn.uni-muenchen.de,124,I4405268457,,openalex,1,n/a
DE,Germany,True,Staatliche Hochschule für Musik und Darstellende Kunst Stuttgart,https://www.hmdk-stuttgart.de,121,I2801085421,,openalex,1,n/a
DE,Germany,True,Hochschule für Polizei Baden-Württemberg,http://www.hfpol-bw.de/index.php,120,I4210160459,,openalex,1,n/a
DE,Germany,True,Naturkundemuseum Bamberg,https://www.naturkundemuseum-bamberg.de,120,I4405253958,,openalex,1,n/a
DE,Germany,True,Frankfurt University of Music and Performing Arts,https://www.hfmdk-frankfurt.info/en/,119,I4210143752,Q317796,openalex;wikidata,2,n/a
DE,Germany,True,Leibniz University of Applied Sciences,https://leibniz-fh.de,118,I4210133528,Q30263706,openalex;wikidata,2,n/a
DE,Germany,True,Fachhochschule der Diakonie,http://www.fh-diakonie.de/,115,I4210106060,,openalex,1,n/a
DE,Germany,True,Health Innovation University of Applied Sciences,https://www.hi-university.de,110,I4210161645,,openalex,1,n/a
DE,Germany,True,Duale Hochschule Gera-Eisenach,https://www.dhge.de,109,I4210127655,Q27973252,openalex;wikidata,2,n/a
DE,Germany,True,Fachhochschule der Wirtschaft,http://www.fhdw.de/de/about-fhdw.html,109,I4210136117,Q1391254,openalex;wikidata,2,n/a
DE,Germany,True,Hessische Hochschule für Polizei und Verwaltung,https://www.hfpv.de/,109,I4210113535,,openalex,1,n/a
DE,Germany,True,Institut für Experimentelle Pneumologie,https://www.lmu-klinikum.de/experimental-pneumology,109,I4405260646,,openalex,1,n/a
DE,Germany,True,bbw University of Applied Sciences,http://www.bbw-hochschule.de/Start_English.html,108,I4210130529,Q812777,openalex;wikidata,2,n/a
DE,Germany,True,University of Applied Management Studies,http://www.hdwm.de/en,107,I4210125354,,openalex,1,n/a
DE,Germany,True,Hochschule der Polizei des Landes Brandenburg,https://hpolbb.de,106,I4210165710,Q1391247,openalex;wikidata,2,n/a
DE,Germany,True,AKAD University,http://www.bildungskompass.akad.de/,102,I4210124604,Q30263681,openalex;wikidata,2,n/a
DE,Germany,True,Friedensau Adventist University,https://www.thh-friedensau.de/en/,102,I222620865,Q538520,openalex;wikidata,2,n/a
DE,Germany,True,Theologische Fakultät Trier,http://www.theo.uni-trier.de,102,I4387154400,Q1714370,openalex;wikidata,2,n/a
DE,Germany,True,Provadis School of International Management and Technology,https://www.provadis-hochschule.de/top-menu/englisch/,101,I4210102035,Q2113846,openalex;wikidata,2,n/a
DE,Germany,True,EBZ Business School,http://www.ebz-business-school.de/,100,I4210120233,Q1274007,openalex;wikidata,2,n/a
DE,Germany,True,Fachhochschule für Rechtspflege Nordrhein Westfalen,http://www.fhr.nrw.de/,100,I4210127451,,openalex,1,n/a
DE,Germany,True,EBC Hochschule,http://www.ebc-hochschule.de/en/,97,I328576895,Q1262310,openalex;wikidata,2,n/a
DE,Germany,True,Sprachen & Dolmetscher Institut München,https://www.sdi-muenchen.de,96,I3131276712,,openalex,1,n/a
DE,Germany,True,Berlin Mathematical School,https://www.math-berlin.de/,95,I2800345347,,openalex,1,n/a
DE,Germany,True,Christiani,http://www.christiani.de/,95,I4210119840,,openalex,1,n/a
DE,Germany,True,"Hochschule für Gesundheit & Sport, Technik & Kunst",http://www.my-campus-berlin.com/de/,94,I4210154257,,openalex,1,n/a
DE,Germany,True,Kunsthochschule Berlin-Weißensee,http://www.kh-berlin.de/,92,I4210099589,,openalex,1,n/a
DE,Germany,True,University of Music and Theatre Leipzig,https://www.hmt-leipzig.de,92,I2801999730,Q312578,openalex;wikidata,2,n/a
DE,Germany,True,Saxon Police Force,https://www.polizei.sachsen.de/eng/index.htm,89,I4210108608,,openalex,1,n/a
DE,Germany,True,Forschungsinstitut Gesellschaftlicher Zusammenhalt,https://fgz-risc.de,88,I4405256357,,openalex,1,n/a
DE,Germany,True,University of Design Schwäbisch Gmünd,https://www.hfg-gmuend.de/,87,I4210109500,,openalex,1,n/a
DE,Germany,True,Accadis Hochschule Bad Homburg,http://international-students.accadis.com/,86,I4210097856,,openalex,1,n/a
DE,Germany,True,Hochschule 21,http://www.hs21.de/startseite/,85,I4210099779,,openalex,1,n/a
DE,Germany,True,Salomon Ludwig Steinheim-Institut,http://www.steinheim-institut.de/wiki/index.php/English,85,I2799342142,,openalex,1,n/a
DE,Germany,True,LMU Open Science Center,https://www.osc.lmu.de,84,I4405254827,,openalex,1,n/a
DE,Germany,True,Theologische Fakultät Fulda,https://www.thf-fulda.de/de/index.html,83,I4210145007,,openalex,1,n/a
DE,Germany,True,Private Hochschule für Wirtschaft und Technik,http://www.fhwt.de/home.html,81,I4210157428,Q1391278,openalex;wikidata,2,n/a
DE,Germany,True,Philosophisch-Theologische Hochschule Münster,http://www.pth-muenster.de/,79,I4210094522,Q2088268,openalex;wikidata,2,n/a
DE,Germany,True,German University of Digital Science,https://german-uds.de,76,I4405255507,Q133538136,openalex;wikidata,2,n/a
DE,Germany,True,International YMCA University of Applied Sciences,http://www.cvjm-hochschule.de/index.php?id=1107,76,I4210151999,,openalex,1,n/a
DE,Germany,True,Mediadesign Hochschule für Design und Informatik,http://www.mediadesign.de/,76,I4210139113,,openalex,1,n/a
DE,Germany,True,Hochschule der Deutschen Bundesbank,https://www.hochschule-bundesbank.de/,75,I4210164051,Q1622151,openalex;wikidata,2,n/a
DE,Germany,True,Lübeck Academy of Music,http://www.mh-luebeck.de/en/home/,75,I4210112334,Q513622,openalex;wikidata,2,n/a
DE,Germany,True,Bochum University of Applied Sciences Health Campus,https://gesundheitscampus.hochschule-bochum.de,74,I4405253344,,openalex,1,n/a
DE,Germany,True,Augustana-Hochschule Neuendettelsau,http://augustana.de/english.html,70,I2801438235,,openalex,1,n/a
DE,Germany,True,DGUV Hochschule - Hochschule der Gesetzlichen Unfallversicherung (HGU),https://www.dguv.de/hochschule/index.jsp,69,I4405256029,,openalex,1,n/a
DE,Germany,True,University of Music Würzburg,http://www.hfm-wuerzburg.de/en/,69,I4210148155,,openalex,1,n/a
DE,Germany,True,Hanseatic University Rostock,http://www.hanseuni.de,68,I4210098611,Q251214,openalex;wikidata,2,n/a
DE,Germany,True,Hochschule für Grafik und Buchkunst Leipzig,http://www.hgb-leipzig.de/index.php?a=aktuell&js=2,66,I3131710501,,openalex,1,n/a
DE,Germany,True,University of Television and Film Munich,https://www.hff-muc.de/,65,I4210103811,Q569350,openalex;wikidata,2,n/a
DE,Germany,True,Hochschule für Künste im Sozialen,http://www.hks-ottersberg.de/EN/,64,I4210097589,,openalex,1,n/a
DE,Germany,True,International University of Cooperative Education,https://www.ibadual.com,64,I4210106901,Q1667074,openalex;wikidata,2,n/a
DE,Germany,True,Rostock University of Music and Theatre,https://www.hmt-rostock.de/,62,I4210127219,,openalex,1,n/a
DE,Germany,True,Hochschule für Musik Karlsruhe,http://www.hfm-karlsruhe.de/,61,I4210129429,Q448324,openalex;wikidata,2,n/a
DE,Germany,True,Erich-Brost-Institut,https://brost.ifj.tu-dortmund.de/,59,I4210148506,,openalex,1,n/a
DE,Germany,True,Nuremberg University of Music,http://www.hfm-nuernberg.de/studium-und-lehre/nuremberg-university-of-music/,59,I4210150700,,openalex,1,n/a
DE,Germany,True,Hochschule der Bildenden Künste Saar,http://www.hbksaar.de/,58,I4210154050,,openalex,1,n/a
DE,Germany,True,Hanns Eisler College or Academy of Music,http://www.hfm-berlin.de/en/,57,I4210090130,,openalex,1,n/a
DE,Germany,True,Hessische Hochschule für öffentliches Management und Sicherheit,https://www.hoems.hessen.de,57,I4405253732,,openalex,1,n/a
DE,Germany,True,Evangelische Hochschule für Soziale Arbeit & Diakonie,http://www.ev-hochschule-hh.de/,56,I4210164004,,openalex,1,n/a
DE,Germany,True,Faurecia (Germany),http://www.faurecia.de/,56,I144588462,,openalex,1,n/a
DE,Germany,True,Cooperative Clinical Drug Research and Development,http://www.ccdrdag.com/,53,I4210145112,,openalex,1,n/a
DE,Germany,True,Institut für Nachhaltiges Management,http://www.ifnm.net/,52,I4210096325,,openalex,1,n/a
DE,Germany,True,International Max Planck Research School for Advanced Methods in Process and Systems Engineering,https://www.mpi-magdeburg.mpg.de/1275751/structure,51,I4210148283,,openalex,1,n/a
DE,Germany,True,Comenius-Institut,https://comenius.de/,50,I4210117110,,openalex,1,n/a
DE,Germany,True,GrandEdu Research School,https://www.grandedu.info/pages/grandedu-research-school,50,I4405265859,,openalex,1,n/a
DE,Germany,True,SB Science Management,https://sb-sciencemanagement.com,49,I4210147967,,openalex,1,n/a
DE,Germany,True,Hochschule für den öffentlichen Dienst in Bayern,http://www.fhvr.bayern.de/de/startseite.html,48,I4210120236,,openalex,1,n/a
DE,Germany,True,Center for Psychobiology and Behavioral Medicine,https://www.uni-giessen.de/faculties/f06/psy/other-inst/center-for-psychobiology-and-behavioral-medicine?set_language=en,47,I4210150550,,openalex,1,n/a
DE,Germany,True,Schiller International University,http://heidelberg.schiller.edu/,47,I4210089978,,openalex,1,n/a
DE,Germany,True,Akademie Mode & Design,http://www.amdnet.de/,44,I2890826285,,openalex,1,n/a
DE,Germany,True,"EU Business School, Munich",https://www.euruni.edu/Discover-EU-Munich.html,42,I4405261758,,openalex,1,n/a
DE,Germany,True,Kunsthochschule Kassel,https://kunsthochschulekassel.de,42,I4405273202,,openalex,1,n/a
DE,Germany,True,GISMA Business School,http://www.gisma.com/,41,I2802912561,,openalex,1,n/a
DE,Germany,True,Burg Giebichenstein University of Art and Design Halle,https://www.burg-halle.de/,40,I4210164107,Q1011953,openalex;wikidata,2,n/a
DE,Germany,True,Robert Schumann University of Music and Media,http://www.rsh-duesseldorf.de/,40,I3130033953,,openalex,1,n/a
DE,Germany,True,SRH Hochschule der Populären Künste,https://www.hdpk.de/de/startseite/,39,I4210121695,Q1622160,openalex;wikidata,2,n/a
DE,Germany,True,Staatliche Lehr- und Versuchsanstalt für Gartenbau,http://www.lvg-bw.de,39,I4210129215,,openalex,1,n/a
DE,Germany,True,Trossingen University of Music,http://www.mh-trossingen.de/english/home.html,39,I4210114072,,openalex,1,n/a
DE,Germany,True,University of Maryland University College Europe,https://www.europe.umuc.edu/,39,I97061514,,openalex,1,n/a
DE,Germany,True,Abnoba (Germany),http://www.abnoba.de/en/,38,I4210118430,,openalex,1,n/a
DE,Germany,True,Muthesius University of Fine Arts and Design,https://muthesius-kunsthochschule.de,38,I4210086993,,openalex,1,n/a
DE,Germany,True,UNESCO-UNEVOC International Centre for Technical and Vocational Education and Training,http://www.unevoc.unesco.org/,38,I2800144454,,openalex,1,n/a
DE,Germany,True,Université franco-allemande,https://www.dfh-ufa.org/startseite/,38,I4210151025,,openalex,1,n/a
DE,Germany,True,Carl Remigius Medical School,https://www.carl-remigius.de,37,I4405254231,,openalex,1,n/a
DE,Germany,True,Internationale Hochschule Liebenzell,https://ihl.eu,37,I4405259449,Q1667283,openalex;wikidata,2,n/a
DE,Germany,True,Maschinenbauschule Ansbach,http://www.maschinenbauschule.de/,37,I4210123699,,openalex,1,n/a
DE,Germany,True,Else Kröner Fresenius Center for Optogenetic Therapies,https://ekfz.uni-goettingen.de,36,I4405262530,,openalex,1,n/a
DE,Germany,True,Landesinstitut für Pädagogik und Medien,http://www.lpm.uni-sb.de,36,I4210141236,,openalex,1,n/a
DE,Germany,True,Natural Science and Technical Academy Isny,http://www.nta-isny.de/home.html,36,I4210154931,Q569899,openalex;wikidata,2,n/a
DE,Germany,True,University of Applied Police Sciences Saxony Anhalt,http://www.fh-polizei.sachsen-anhalt.de/startseite-fachhochschule/,36,I4210139785,Q1391214,openalex;wikidata,2,n/a
DE,Germany,True,University of Cooperative Education,https://ba-nord.de,34,I4405263035,,openalex,1,n/a
DE,Germany,True,Hochschuldidaktischen Zentrum Sachsen,http://www.hd-sachsen.de,32,I4210119236,,openalex,1,n/a
DE,Germany,True,DBU Digital Business University of Applied Sciences,https://dbuas.de,31,I4405265942,,openalex,1,n/a
DE,Germany,True,Staatsinstitut für Schulqualität und Bildungsforschung,http://www.isb.bayern.de,31,I4210097280,,openalex,1,n/a
DE,Germany,True,German Adult Education Association,https://www.dvv-international.de/en/,30,I4210163345,,openalex,1,n/a
DE,Germany,True,Hochschule Meißen (FH) und Fortbildungszentrum,https://www.hsf.sachsen.de,30,I4210141393,,openalex,1,n/a
DE,Germany,True,SRH Hochschule für Wirtschaft und Medien Calw,http://www.hochschule-calw.de/de/,30,I4210156051,Q2207713,openalex;wikidata,2,n/a
DE,Germany,True,Deutsch Amerikanisches Institut Saarland,https://www.dai-saarland.de/,29,I4210146471,,openalex,1,n/a
DE,Germany,True,Fachhochschule für Verwaltung und Dienstleistung,http://www.fhvd.de/fhvd_we/html/aktuell/index-aktuell.html,29,I4210086716,,openalex,1,n/a
DE,Germany,True,Hochschule für Musik Saar,http://www.hfm.saarland.de/,28,I3131180187,,openalex,1,n/a
DE,Germany,True,Institut für vergleichende Städtegeschichte,https://www.uni-muenster.de/Staedtegeschichte/,28,I4405263004,,openalex,1,n/a
DE,Germany,True,Fachhochschule Clara Hoffbauer Potsdam,https://www.fhchp.de/,27,I4210103683,Q61943383,openalex;wikidata,2,n/a
DE,Germany,True,Hochschule der Polizei Rheinland Pfalz,http://www.polizei.rlp.de/,26,I4210163919,,openalex,1,n/a
DE,Germany,True,Dekra Hochschule für Medien,https://www.dekra-hochschule.de/hochschule/,25,I4210155907,,openalex,1,n/a
DE,Germany,True,FIVE - Forschungs- und Innovationsverbund an der Evangelischen Hochschule Freiburg,http://www.five-freiburg.de/de.htm,25,I4210131100,,openalex,1,n/a
DE,Germany,True,Hochschule für Öffentliche Verwaltung Bremen,http://www.hfoev.bremen.de/sixcms/detail.php?gsid=bremen02.c.730.de,25,I4210166443,,openalex,1,n/a
DE,Germany,True,SRH University Campus Dresden,https://www.srh-university.de/en/our-campuses/dresden,25,I4405272906,,openalex,1,n/a
DE,Germany,True,Westfalen-Kolleg,https://www.wkpb.de/,25,I4210110467,,openalex,1,n/a
DE,Germany,True,Mannheim University of Music and Performing Arts,http://www.muho-mannheim.de/,22,I4210106819,Q1413500,openalex;wikidata,2,n/a
DE,Germany,True,Duale Hochschule Schleswig-Holstein,https://www.dhsh.de,19,I4405258664,Q80805367,openalex;wikidata,2,n/a
DE,Germany,True,Ostkirchliches Institut Regensburg,http://www.oki-regensburg.de/,19,I4210138384,,openalex,1,n/a
DE,Germany,True,Institut für deutsche Kultur und Geschichte Südosteuropas,https://www.ikgs.de/,18,I4405261922,,openalex,1,n/a
DE,Germany,True,Philosophisch-Theologische Hochschule Benediktbeuern,http://www.pth-bb.de/ital/index.htm,18,I4210097815,,openalex,1,n/a
DE,Germany,True,Ernst Busch Academy of Dramatic Arts,http://www.hfs-berlin.de/,17,I2886912321,Q895796,openalex;wikidata,2,n/a
DE,Germany,True,Hochschule für Kunsttherapie Nürtingen,http://www.hkt-nuertingen.de/,17,I4210106729,,openalex,1,n/a
DE,Germany,True,Merz Akademie,http://www.merz-akademie.de/,17,I4210102616,Q1922219,openalex;wikidata,2,n/a
DE,Germany,True,Bonn-Cologne Graduate School of Physics and Astronomy,http://www.gradschool.physics.uni-bonn.de/,16,I2801596561,,openalex,1,n/a
DE,Germany,True,Universitätsverlag Potsdam,https://www.ub.uni-potsdam.de/en/publishing/university-press,16,I4405258946,,openalex,1,n/a
DE,Germany,True,Europäische Hochschule für Innovation und Perspektive,https://www.ehip.eu,14,I4405253242,Q118258797,openalex;wikidata,2,n/a
DE,Germany,True,Hamburg Institute for Vocational Education and Training,https://hibb.hamburg.de/,14,I4210102114,,openalex,1,n/a
DE,Germany,True,ICN Business School - Berlin,https://www.icn-artem.com/en/berlin-campus/,14,I4405263436,,openalex,1,n/a
DE,Germany,True,BTK University of Arts & Design,http://www.btk-fh.de/en/,13,I4210163133,,openalex,1,n/a
DE,Germany,True,Niedersächsisches Institut für frühkindliche Bildung und Entwicklung,http://www.nifbe.de/,13,I4210114576,,openalex,1,n/a
DE,Germany,True,SRH Berlin School of Design and Communication,https://www.srh-berlin.de,13,I4210128135,,openalex,1,n/a
DE,Germany,True,Berufsbildungswerk Leipzig für Hör- und Sprachgeschädigte gGmbH,https://www.bbw-leipzig.de/ueber-uns/forschung-entwicklung/,12,I4405256814,,openalex,1,n/a
DE,Germany,True,Johann Adam Möhler Institute for Ecumenism,https://www.moehlerinstitut.de/,12,I4210111805,,openalex,1,n/a
DE,Germany,True,Landesinstitut für Schule und Medien Berlin-Brandenburg,http://lisum.berlin-brandenburg.de/lisum/,11,I4210154560,,openalex,1,n/a
DE,Germany,True,Philosophisch-Theologische Hochschule SVD St. Augustin,http://www.pth-augustin.eu/,11,I4210101841,,openalex,1,n/a
DE,Germany,True,Archives School Marburg,https://www.archivschule.de/,10,I4210135865,,openalex,1,n/a
DE,Germany,True,Education and Training Service for Hamburg Businesses,https://bwh-sh.de,10,I4210096153,,openalex,1,n/a
DE,Germany,True,European School of Materials,https://www.eusmat.net/,9,I4210087912,,openalex,1,n/a
DE,Germany,True,"Fachhochschule für öffentliche Verwaltung, Polizei und Rechtspflege des Landes Mecklenburg-Vorpommern",http://www.fh-guestrow.de/,9,I4210136005,,openalex,1,n/a
DE,Germany,True,Institut für Brand- und Katastrophenschutz Heyrothsberge,https://ibk-heyrothsberge.sachsen-anhalt.de/,9,I4210097289,,openalex,1,n/a
DE,Germany,True,Institut für Soziale Infrastruktur,http://isis-sozialforschung.de/en/,8,I4210140289,,openalex,1,n/a
DE,Germany,True,Hessische Lehrkräfteakademie,https://lehrkraefteakademie.hessen.de/,7,I4210095090,,openalex,1,n/a
DE,Germany,True,Humanistische Hochschule Berlin,https://humanistische-hochschule-berlin.de,7,I4405269669,Q115973023,openalex;wikidata,2,n/a
DE,Germany,True,Research Institute for Music Theater Studies,http://www.fimt.uni-bayreuth.de/en/,7,I4210120688,,openalex,1,n/a
DE,Germany,True,Schwetzingen Technical Institute & Graduate Court Registrars' College,"http://www.fh-schwetzingen.de/pb/,Lde/Startseite/Service/Information+in+English",7,I4210134231,Q1391225,openalex;wikidata,2,n/a
DE,Germany,True,Centre de Coopération Universitaire Franco-Bavarois,http://www.bayern-france.org/,6,I4210122527,,openalex,1,n/a
DE,Germany,True,European Centre for Community Education,http://www.ecce-net.eu/,6,I4210153404,,openalex,1,n/a
DE,Germany,True,Helmholtz Graduate School for Hadron and Ion Research,http://hgs-hire.de/,6,I4210108764,,openalex,1,n/a
DE,Germany,True,An-Institut für Transfer und Weiterbildung,https://www.tuced.de/,5,I4210143478,,openalex,1,n/a
DE,Germany,True,FiGD Akademie GmbH,https://figd-akademie.de,5,I4210127637,,openalex,1,n/a
DE,Germany,True,Hochschule für öffentliche Verwaltung Rheinland-Pfalz,http://www.hoev-rlp.de/,5,I4210117639,Q1391292,openalex;wikidata,2,n/a
DE,Germany,True,Institut für Berufliche Bildung,https://www.ibb.com/,5,I4210111225,,openalex,1,n/a
DE,Germany,True,Institut für Textoptimierung,https://www.ifto.de/,5,I4210097569,,openalex,1,n/a
DE,Germany,True,Universitätsverlag Kiel,https://www.universitaetsverlag.uni-kiel.de,5,I4405263332,,openalex,1,n/a
DE,Germany,True,Deutsche Angestellten-Akademie,https://daa.de/,4,I4210100196,,openalex,1,n/a
DE,Germany,True,Hanse Institut Oldenburg Bildung und Gesundheit,https://www.hanse-institut-ol.de/,4,I4210105823,,openalex,1,n/a
DE,Germany,True,Institut der Feuerwehr Nordrhein-Westfalen,https://www.idf.nrw.de/,4,I4210108904,,openalex,1,n/a
DE,Germany,True,Internationale Hochschule Nürnberg,https://www.iu.de/campus/nuernberg/,4,I4405266297,,openalex,1,n/a
DE,Germany,True,Kolping Hochschule,https://www.kolping-hochschule.de,4,I4405258883,Q108940696,openalex;wikidata,2,n/a
DE,Germany,True,Medien Management Institut,http://www.memi-koeln.de/,4,I4210095498,,openalex,1,n/a
DE,Germany,True,Cluster of Excellence Cross-Cultural Philology,https://www.lmu.de/crossculturalphilology/,3,I4405263804,,openalex,1,n/a
DE,Germany,True,Control Union Academy,http://www.cu-academy.de/,3,I4210114864,,openalex,1,n/a
DE,Germany,True,German open Business School,http://www.go-bs.de/,3,I4210102714,Q1514069,openalex;wikidata,2,n/a
DE,Germany,True,Hochschule für Gesundheitsorientierte Wissenschaften Rhein-Neckar,https://www.hgwr.de/,3,I4210141876,,openalex,1,n/a
DE,Germany,True,Wirtschaftsakademie Schleswig-Holstein,http://www.wak-sh.de,3,I4405258916,,openalex,1,n/a
DE,Germany,True,Berufsförderungszentrum Essen,http://www.bfz-essen.de/,2,I4210133761,,openalex,1,n/a
DE,Germany,True,Döpfer Schulen Regensburg,https://www.doepfer-regensburg.de/,2,I4210147838,,openalex,1,n/a
DE,Germany,True,Fachhochschule für Finanzen Nordrhein Westfalen,http://www.fhf-nordkirchen.de/,2,I4210161508,,openalex,1,n/a
DE,Germany,True,Fachhochschule für Verwaltung des Saarlandes,http://www.saarland.de/fhsv.htm,2,I4210103348,,openalex,1,n/a
DE,Germany,True,Holbein-Gymnasium Augsburg,http://www.holbein-gymnasium.de/ueber-uk.htm,2,I4210147530,,openalex,1,n/a
DE,Germany,True,Institut für Berufs- und Sozialpädagogik,https://www.ibs-bremen.de/,2,I4210141462,,openalex,1,n/a
DE,Germany,True,"Internationales Institut für Nachhaltiges Energiemanagement, Politik, Risiko und Soziale Innovationen",https://www.inep-international.de,2,I4210148819,,openalex,1,n/a
DE,Germany,True,Palucca Hochschule für Tanz Dresden,http://www.palucca.eu/en.html,2,I4210110481,,openalex,1,n/a
DE,Germany,True,PECO-Institut,https://www.peco-ev.de/,2,I4210110643,,openalex,1,n/a
DE,Germany,True,Permakultur Institut,https://permakultur.de,2,I4210141810,,openalex,1,n/a
DE,Germany,True,SRH Hochschule für Logistik und Wirtschaft,https://www.fh-hamm.de/de/hochschule/,2,I4210115164,,openalex,1,n/a
DE,Germany,True,Bayerisches Hochschulzentrum für Lateinamerika,https://www.baylat.org,1,I4405272928,,openalex,1,n/a
DE,Germany,True,Edith-Stein-Schulstiftung des Bistums Magdeburg,https://www.edith-stein-schulstiftung.de/,1,I4210117410,,openalex,1,n/a
DE,Germany,True,German Foreign Trade and Transport Academy,https://www.dav-akademie.de/,1,I4210138373,,openalex,1,n/a
DE,Germany,True,Hessische Hochschule für Finanzen und Rechtspflege,https://studienzentrum-rotenburg.hessen.de/irj/Studienzentrum_Internet?uid=8106e869-0668-a01a-3b21-7197ccf4e69f,1,I4210126227,,openalex,1,n/a
DE,Germany,True,Hochschule für Finanzen Rheinland Pfalz,https://landesfinanzschule-edenkoben.fin-rlp.de/home/index.html,1,I4210162128,Q1391265,openalex;wikidata,2,n/a
DE,Germany,True,Institut Dr. Flad,https://www.chf.de/,1,I4210086815,,openalex,1,n/a
DE,Germany,True,Lebensmittelinstitut KIN,https://www.kin.de/,1,I4210138166,,openalex,1,n/a
DE,Germany,True,Progenius,https://www.progenius.org/,1,I4210130199,,openalex,1,n/a
DE,Germany,True,Aalen University of Applied Sciences,http://www.hs-aalen.de,0,,Q1622071,wikidata,1,n/a
DE,Germany,True,Academy for public administration Bremen,http://www.hfoev.bremen.de,0,,Q1622242,wikidata,1,n/a
DE,Germany,True,Accadis Business School Bad Homburg,http://www.accadis.com,0,,Q338514,wikidata,1,n/a
DE,Germany,True,Adam-Ries-Fachhochschule,,0,,Q348411,wikidata,1,n/a
DE,Germany,True,AKAD Bildungsgesellschaft,http://www.akad.de,0,,Q294098,wikidata,1,n/a
DE,Germany,True,"Akademie für Bildende Künste (Mainz, Germany)",http://www.kunsthochschule-mainz.de,0,,Q1792452,wikidata,1,n/a
DE,Germany,True,Akademie für digitale Medienproduktion,http://www.filmschool.de,0,,Q414353,wikidata,1,n/a
DE,Germany,True,Akkon University for Human Sciences,http://www.akkon-hochschule.de,0,,Q17122136,wikidata,1,n/a
DE,Germany,True,Alice Salomon University,https://www.ash-berlin.eu,0,,Q2646956,wikidata,1,n/a
DE,Germany,True,Allensbach Hochschule,http://www.allensbach-hochschule.de,0,,Q2586224,wikidata,1,n/a
DE,Germany,True,Alte Universität Kassel,,0,,Q62015828,wikidata,1,n/a
DE,Germany,True,Archivschule Marburg,https://www.archivschule.de,0,,Q636031,wikidata,1,n/a
DE,Germany,True,Archäologisches Institut,,0,,Q19259589,wikidata,1,n/a
DE,Germany,True,Army Officer Academy (Germany),https://www.bundeswehr.de/de/organisation/heer/organisation/ausbildungskommando/offizierschule-des-heeres,0,,Q2015896,wikidata,1,n/a
DE,Germany,True,Artillerieschule,https://www.bundeswehr.de/de/organisation/heer/organisation/ausbildungskommando/panzertruppenschule/artillerieschule,0,,Q712974,wikidata,1,n/a
DE,Germany,True,Augsburg Technical University of Applied Sciences,http://www.tha.de,0,,Q896468,wikidata,1,n/a
DE,Germany,True,Augustana Divinity School,http://www.augustana.de,0,,Q765928,wikidata,1,n/a
DE,Germany,True,Ausbildungszentrum Infanterie,https://www.bundeswehr.de/de/organisation/heer/organisation/ausbildungskommando/ausbildungszentrum-infanterie,0,,Q1662314,wikidata,1,n/a
DE,Germany,True,Ausbildungszentrum Uboote,https://www.bundeswehr.de/de/organisation/marine/organisation/einsatzflottille-1/ausbildungszentrum-uboote,0,,Q16054484,wikidata,1,n/a
DE,Germany,True,Baden-Wuerttemberg Cooperative State University Loerrach,http://www.dhbw-loerrach.de,0,,Q1001338,wikidata,1,n/a
DE,Germany,True,Baden-Württemberg Cooperative State University,http://www.dhbw.de/english.html,0,,Q1262605,wikidata,1,n/a
DE,Germany,True,Baltic University,,0,,Q565742,wikidata,1,n/a
DE,Germany,True,Barenboim–Said Akademie,https://barenboimsaid.de,0,,Q18356619,wikidata,1,n/a
DE,Germany,True,Bavarian University of Applied Sciences and Management,http://hdbw-hochschule.de,0,,Q21036325,wikidata,1,n/a
DE,Germany,True,Bergakademie Berlin,,0,,Q819312,wikidata,1,n/a
DE,Germany,True,Berliner Technische Kunsthochschule,,0,,Q821803,wikidata,1,n/a
DE,Germany,True,Berufsakademie Bautzen,,0,,Q49375801,wikidata,1,n/a
DE,Germany,True,Berufsakademie Glauchau,http://www.ba-glauchau.de,0,,Q828773,wikidata,1,n/a
DE,Germany,True,Berufsakademie Wilhelmshaven,https://www.berufsakademie-wilhelmshaven.de,0,,Q64355120,wikidata,1,n/a
DE,Germany,True,BEST-Sabel-Hochschule Berlin,http://www.bsb-hochschule.de,0,,Q795830,wikidata,1,n/a
DE,Germany,True,Bildungszentrum der Thüringer Landesverwaltung Gotha,https://bildungszentrum.thueringen.de,0,,Q1698934,wikidata,1,n/a
DE,Germany,True,BilSE - Institut für Bildung und Forschung,https://www.bilse.de,0,I4210103817,,openalex,1,n/a
DE,Germany,True,Bischöfliches Priesterseminar zu Trier,,0,,Q1420079,wikidata,1,n/a
DE,Germany,True,Bonn-Rhein-Sieg University of Applied Sciences,http://www.h-brs.de,0,,Q1622083,wikidata,1,n/a
DE,Germany,True,Brand Academy,http://www.brand-acad.de,0,,Q897742,wikidata,1,n/a
DE,Germany,True,Bremen University of Applied Sciences,http://www.hs-bremen.de,0,,Q1622092,wikidata,1,n/a
DE,Germany,True,BSBI School of Business and Innovation,https://www.berlinsbi.com,0,,Q107440148,wikidata,1,n/a
DE,Germany,True,BSP Business & Law School,https://www.businessschool-berlin.de,0,,Q1017599,wikidata,1,n/a
DE,Germany,True,Campus Künzelsau - Reinhold-Würth-Hochschule,http://www.hs-heilbronn.de/twk,0,,Q1431158,wikidata,1,n/a
DE,Germany,True,Cardinal Schulte House,,0,,Q15056949,wikidata,1,n/a
DE,Germany,True,Catholic Theological Faculty of the University of Erfurt,https://www.uni-erfurt.de/katholisch-theologische-fakultaet,0,,Q115917307,wikidata,1,n/a
DE,Germany,True,Catholic University of Applied Sciences Mainz,https://www.kh-mz.de/katholische-hochschule,0,,Q872180,wikidata,1,n/a
DE,Germany,True,Catholic University of Church Music St. Gregorius,http://www.khkstgregorius.de,0,,Q1287680,wikidata,1,n/a
DE,Germany,True,CBS International Business School,http://www.cbs-edu.de,0,,Q1110267,wikidata,1,n/a
DE,Germany,True,Center for Jewish Studies Heidelberg,http://www.hfjs.eu,0,,Q1622186,wikidata,1,n/a
DE,Germany,True,Charlotte Fresenius University,https://www.charlotte-fresenius-uni.de,0,,Q110624130,wikidata,1,n/a
DE,Germany,True,Clementine von Wallmenich University of Applied Sciences,,0,,Q1391296,wikidata,1,n/a
DE,Germany,True,CODE University of Applied Sciences,https://code.berlin,0,,Q40387612,wikidata,1,n/a
DE,Germany,True,Collegium Albertinum,,0,,Q1109165,wikidata,1,n/a
DE,Germany,True,Collegium Borromaeum,http://www.cb-freiburg.de,0,,Q1109185,wikidata,1,n/a
DE,Germany,True,Collegium Borromaeum Münster,,0,,Q1109187,wikidata,1,n/a
DE,Germany,True,Collegium Leoninum,,0,,Q1109235,wikidata,1,n/a
DE,Germany,True,Collegium Liborianum,,0,,Q1109239,wikidata,1,n/a
DE,Germany,True,Collegium Ludgerianum,,0,,Q1109249,wikidata,1,n/a
DE,Germany,True,Collegium St. Hieronymi,,0,,Q1109286,wikidata,1,n/a
DE,Germany,True,Collegium Willibaldicum,https://www.priesterseminar-eichstaett.de/startseite,0,,Q1109299,wikidata,1,n/a
DE,Germany,True,Cologne University of Catholic Theology,https://www.khkt.de,0,,Q2088271,wikidata,1,n/a
DE,Germany,True,Columbia International University Korntal,https://www.ciu.edu/ciu-korntal,0,,Q133304514,wikidata,1,n/a
DE,Germany,True,Constance University of Applied Sciences,http://www.htwg-konstanz.de/English.20.0.html,0,,Q1622118,wikidata,1,n/a
DE,Germany,True,Constructor University Bremen,http://www.jacobs-university.de,0,,Q59114,wikidata,1,n/a
DE,Germany,True,Dahlem Centre of Plant Sciences,,0,,Q31943212,wikidata,1,n/a
DE,Germany,True,"Design akademie berlin, SRH Hochschule für Kommunikation und Design",http://www.design-akademie-berlin.de,0,,Q1200666,wikidata,1,n/a
DE,Germany,True,Deutsche Fachschule für Blecharbeiter und Installateure,,0,,Q131349392,wikidata,1,n/a
DE,Germany,True,Deutsche Hochschule für Gesundheit und Sport,https://www.dhgs-hochschule.de,0,,Q1622185,wikidata,1,n/a
DE,Germany,True,DHBW Karlsruhe,https://www.karlsruhe.dhbw.de,0,,Q1262599,wikidata,1,n/a
DE,Germany,True,DHBW Mosbach,http://www.dhbw-mosbach.de,0,,Q1262616,wikidata,1,n/a
DE,Germany,True,DHBW Stuttgart,http://dhbw-stuttgart.de,0,,Q1262612,wikidata,1,n/a
DE,Germany,True,Divine Faculty of Fulda,http://en.thf-fulda.de,0,,Q2418934,wikidata,1,n/a
DE,Germany,True,DPFA Hochschule Sachsen,http://www.dpfa-hs.de,0,,Q15804334,wikidata,1,n/a
DE,Germany,True,Duale Hochschule Baden-Württemberg Heidenheim,http://www.dhbw-heidenheim.de,0,,Q1262602,wikidata,1,n/a
DE,Germany,True,Duale Hochschule Baden-Württemberg Heilbronn,http://www.heilbronn.dhbw.de,0,,Q18287426,wikidata,1,n/a
DE,Germany,True,Duale Hochschule Baden-Württemberg Villingen-Schwenningen,https://www.dhbw-vs.de,0,,Q1262615,wikidata,1,n/a
DE,Germany,True,Ducal Georgianum,http://www.herzoglichesgeorgianum.de,0,,Q533069,wikidata,1,n/a
DE,Germany,True,EBS Universität für Wirtschaft und Recht,http://www.ebs.edu,0,,Q316272,wikidata,1,n/a
DE,Germany,True,Eckert Schools International,https://www.eckert-schools-international.com/en/home.html,0,I4210149933,,openalex,1,n/a
DE,Germany,True,EDU.CON Hochschule Berlin,http://www.educon-university.de,0,,Q1249190,wikidata,1,n/a
DE,Germany,True,Einsatz- und Ausbildungsverband,,0,,Q20850916,wikidata,1,n/a
DE,Germany,True,Environment Campus Birkenfeld,http://www.umwelt-campus.de/ucb/index.php?id=home&L=1,0,,Q2478851,wikidata,1,n/a
DE,Germany,True,Erzbischöfliches Knabenseminar Freising,,0,,Q107510635,wikidata,1,n/a
DE,Germany,True,European Fernhochschule Hamburg,https://www.euro-fh.de,0,,Q1377302,wikidata,1,n/a
DE,Germany,True,European Open University,https://academyeurope.eu,0,,Q135930158,wikidata,1,n/a
DE,Germany,True,Evangelical School of Social Work & Diakonie,http://www.ev-hochschule-hh.de,0,,Q1380223,wikidata,1,n/a
DE,Germany,True,Evangelische Fachhochschule für Sozialwesen Reutlingen,http://www.eh-ludwigsburg.de,0,,Q1380174,wikidata,1,n/a
DE,Germany,True,Evangelische Fachhochschule Hannover,,0,,Q1333919,wikidata,1,n/a
DE,Germany,True,Evangelische Fachhochschule Ludwigshafen,,0,,Q1380175,wikidata,1,n/a
DE,Germany,True,Evangelische Hochschule Darmstadt,http://www.eh-darmstadt.de,0,,Q1380207,wikidata,1,n/a
DE,Germany,True,Evangelische Hochschule für Kirchenmusik Tübingen,https://www.kirchenmusikhochschule.de,0,,Q1380220,wikidata,1,n/a
DE,Germany,True,Fachhochschule Augsburg,,0,,Q32000608,wikidata,1,n/a
DE,Germany,True,Fachhochschule der Luftwaffe,,0,,Q1391244,wikidata,1,n/a
DE,Germany,True,Fachhochschule des Bundes für öffentliche Verwaltung,http://www.hsbund.de,0,,Q1391252,wikidata,1,n/a
DE,Germany,True,Fachhochschule des Heeres 1,,0,,Q1291328,wikidata,1,n/a
DE,Germany,True,Fachhochschule des Heeres 2,,0,,Q1391256,wikidata,1,n/a
DE,Germany,True,Fachhochschule Dresden,http://www.fh-dresden.eu,0,,Q1391187,wikidata,1,n/a
DE,Germany,True,Fachhochschule Frankfurt,,0,,Q32000610,wikidata,1,n/a
DE,Germany,True,Fachhochschule für Bergbau Saar,,0,,Q1391259,wikidata,1,n/a
DE,Germany,True,Fachhochschule für Bibliotheks- und Dokumentationswesen,,0,,Q111012341,wikidata,1,n/a
DE,Germany,True,Fachhochschule für das Öffentliche Bibliothekswesen Bonn,,0,,Q138315394,wikidata,1,n/a
DE,Germany,True,Fachhochschule für die Wirtschaft,http://www.fhdw-hannover.de,0,,Q1391282,wikidata,1,n/a
DE,Germany,True,Fachhochschule für Finanzen Brandenburg,http://www.fhf-kw.brandenburg.de/cms/detail.php/bb1.c.174029.de,0,I4210094211,Q1257534,openalex;wikidata,2,n/a
DE,Germany,True,Fachhochschule für Rechtspflege NRW,http://www.fhr.nrw.de,0,,Q1391267,wikidata,1,n/a
DE,Germany,True,Fachhochschule für Sport und Management Potsdam,https://www.fhsmp.de,0,,Q17123097,wikidata,1,n/a
DE,Germany,True,Fachhochschule für Verwaltung und Rechtspflege Berlin,http://www.fhvr-berlin.de,0,,Q1391276,wikidata,1,n/a
DE,Germany,True,Fachhochschule für Öffentliche Verwaltung Hamburg,,0,,Q1391286,wikidata,1,n/a
DE,Germany,True,Fachhochschule Kaiser-Wilhelm-Ring 23 in Amberg,,0,,Q98676164,wikidata,1,n/a
DE,Germany,True,Fachhochschule Nordostniedersachsen,,0,,Q1391208,wikidata,1,n/a
DE,Germany,True,Fachhochschule Oldenburg/Ostfriesland/Wilhelmshaven,,0,,Q1391210,wikidata,1,n/a
DE,Germany,True,Fachhochschule Ottersberg,http://www.hks-ottersberg.de,0,,Q1391213,wikidata,1,n/a
DE,Germany,True,Fachhochschule Schloss Hohenfels,http://www.fh-schloss-hohenfels.de,0,,Q1391220,wikidata,1,n/a
DE,Germany,True,Fachhochschule Schwäbisch Hall,http://www.fhsh.de,0,,Q1391224,wikidata,1,n/a
DE,Germany,True,Fachhochschule Suderburg,,0,,Q1391230,wikidata,1,n/a
DE,Germany,True,Fachhochschule Westküste,http://www.fh-westkueste.de,0,,Q1391235,wikidata,1,n/a
DE,Germany,True,Faculty for Catholic Theology Regensburg,,0,,Q104891415,wikidata,1,n/a
DE,Germany,True,Federal Academy for Security Policy,https://www.baks.bund.de,0,,Q466748,wikidata,1,n/a
DE,Germany,True,Felsenweg-Institut,https://www.felsenweginstitut.de/,0,I4210144822,,openalex,1,n/a
DE,Germany,True,"FH Diakonie, Bielefeld",https://www.fh-diakonie.de,0,,Q1391246,wikidata,1,n/a
DE,Germany,True,FH KUNST Arnstadt,,0,,Q1388309,wikidata,1,n/a
DE,Germany,True,Film Academy Baden-Württemberg,http://www.filmakademie.de,0,,Q880577,wikidata,1,n/a
DE,Germany,True,FOM University of Applied Sciences,https://www.fom-international.com,0,,Q55156,wikidata,1,n/a
DE,Germany,True,Franco-German Legal Centre,https://www.cjfa.eu,0,,Q118884,wikidata,1,n/a
DE,Germany,True,Frederick's University of Bützow,,0,,Q1671056,wikidata,1,n/a
DE,Germany,True,Freiberg University of Mining and Technology,https://tu-freiberg.de,0,,Q689854,wikidata,1,n/a
DE,Germany,True,Freie Hochschule für Grafik-Design & Bildende Kunst Freiburg,http://www.freie-hochschule-freiburg.de,0,,Q1453965,wikidata,1,n/a
DE,Germany,True,Freie Hochschule Stuttgart,http://www.freie-hochschule-stuttgart.de,0,,Q1453964,wikidata,1,n/a
DE,Germany,True,"Freie Universität Berlin, E-Medien",,0,,Q130548543,wikidata,1,n/a
DE,Germany,True,GA Hochschule,http://www.ga-hochschule.de,0,,Q15811164,wikidata,1,n/a
DE,Germany,True,Gerhard Mercator University Duisburg,,0,,Q20479676,wikidata,1,n/a
DE,Germany,True,German Imperial Naval Academy,,0,,Q280471,wikidata,1,n/a
DE,Germany,True,German International University,https://giu-berlin.de,0,,Q122865100,wikidata,1,n/a
DE,Germany,True,German University Association of Advanced Graduate Training,https://www.uniwind.org/ueber-uns,0,I4210150598,,openalex,1,n/a
DE,Germany,True,German University of Administrative Sciences Speyer,https://www.uni-speyer.de,0,,Q22963,wikidata,1,n/a
DE,Germany,True,German University of Applied Labour Studies,http://www.hdba.de,0,,Q1622148,wikidata,1,n/a
DE,Germany,True,Gesellschaft für Pädagogik und Information,https://www.gpi-online.eu/ueber-die-gpi/,0,I4210144593,,openalex,1,n/a
DE,Germany,True,"GISMA Business School, Campus Potsdam",,0,,Q122870890,wikidata,1,n/a
DE,Germany,True,Gisma University of Applied Sciences,https://www.gisma.com,0,,Q1485676,wikidata,1,n/a
DE,Germany,True,Graduate School Lübeck,http://www.gradschool.uni-luebeck.de,0,,Q5592027,wikidata,1,n/a
DE,Germany,True,Graduate School Rhein-Neckar,http://www.gsrn.de,0,,Q1541259,wikidata,1,n/a
DE,Germany,True,Großherzoglich-Sächsische Forstlehranstalt Eisenach,,0,,Q1549322,wikidata,1,n/a
DE,Germany,True,H da Campus Dieburg,,0,,Q21040671,wikidata,1,n/a
DE,Germany,True,Hamburg University of Applied Sciences,https://www.haw-hamburg.de,0,,Q913987,wikidata,1,n/a
DE,Germany,True,Hamburger Universität für Wirtschaft und Politik,,0,,Q1573181,wikidata,1,n/a
DE,Germany,True,Handelshochschule Leipzig,http://www.hhl.de,0,,Q679945,wikidata,1,n/a
DE,Germany,True,Hannover Medical School,https://www.mhh.de,0,,Q911561,wikidata,1,n/a
DE,Germany,True,Hanns Eisler Music School Berlin,https://www.hfm-berlin.de,0,,Q569460,wikidata,1,n/a
DE,Germany,True,HAWK University of Applied Sciences and Arts,https://www.hawk.de,0,,Q1562772,wikidata,1,n/a
DE,Germany,True,Heilbronn Business School,http://www.ggs.de,0,,Q1513916,wikidata,1,n/a
DE,Germany,True,Heilbronn University of Applied Sciences,http://www.hs-heilbronn.de,0,,Q327693,wikidata,1,n/a
DE,Germany,True,Hermann Staudinger Gymnasium,http://www.hsgerlenbach.de/,0,I4210134528,,openalex,1,n/a
DE,Germany,True,Hesse State University of Applied Sciences for Police and Public Administration Management,https://hoems.hessen.de,0,,Q1481465,wikidata,1,n/a
DE,Germany,True,HFH · Hamburger Fern-Hochschule,https://www.hfh-fernstudium.de,0,,Q1563580,wikidata,1,n/a
DE,Germany,True,Hochschule Anhalt,https://www.hs-anhalt.de,0,,Q1622074,wikidata,1,n/a
DE,Germany,True,Hochschule Bielefeld - University of Applied Sciences and Arts,https://www.hsbi.de,0,,Q1391181,wikidata,1,n/a
DE,Germany,True,Hochschule der bildenden Künste Essen,http://www.hbk-essen.de,0,,Q19964930,wikidata,1,n/a
DE,Germany,True,Hochschule der Deutschen Gesetzlichen Unfallversicherung,https://www.dguv.de/hochschule,0,,Q1622174,wikidata,1,n/a
DE,Germany,True,Hochschule Düsseldorf,https://www.hs-duesseldorf.de,0,,Q322886,wikidata,1,n/a
DE,Germany,True,Hochschule Emden / Leer,http://www.hs-emden-leer.de,0,,Q1622096,wikidata,1,n/a
DE,Germany,True,Hochschule Fresenius University of Applied Sciences,http://www.hs-fresenius.de/en,0,,Q1622099,wikidata,1,n/a
DE,Germany,True,Hochschule für angewandte Pädagogik,http://www.hsap.de,0,,Q21040612,wikidata,1,n/a
DE,Germany,True,Hochschule für angewandte Wissenschaften Bamberg,,0,,Q1622233,wikidata,1,n/a
DE,Germany,True,Hochschule für bildende Künste Hamburg,http://www.hfbk-hamburg.de,0,,Q1622237,wikidata,1,n/a
DE,Germany,True,Hochschule für evangelische Kirchenmusik Bayreuth,https://www.hfk-bayreuth.de,0,,Q1622241,wikidata,1,n/a
DE,Germany,True,Hochschule für Gesellschaftsgestaltung,https://www.hfgg.de,0,,Q20828998,wikidata,1,n/a
DE,Germany,True,Hochschule für Gestaltung Offenbach,http://www.hfg-offenbach.de/en#feature_and_news,0,,Q1622179,wikidata,1,n/a
DE,Germany,True,Hochschule für Gestaltung Schwäbisch Gmünd,http://www.hfg-gmuend.de,0,,Q248702,wikidata,1,n/a
DE,Germany,True,Hochschule für internationale Wirtschaft und Logistik,http://www.iubh-dualesstudium.de,0,,Q1545954,wikidata,1,n/a
DE,Germany,True,Hochschule für Katholische Kirchenmusik und Musikpädagogik Regensburg,http://www.hfkm-regensburg.de,0,,Q1622189,wikidata,1,n/a
DE,Germany,True,Hochschule für Kirchenmusik der Evangelischen Kirche der schlesischen Oberlausitz,,0,,Q1622193,wikidata,1,n/a
DE,Germany,True,Hochschule für Kirchenmusik der Evangelischen Kirche von Westfalen,https://www.hochschule-kirchenmusik.de,0,I4387155275,Q1622191,openalex;wikidata,2,n/a
DE,Germany,True,Hochschule für Kirchenmusik Heidelberg,http://www.hfk-heidelberg.de,0,,Q946968,wikidata,1,n/a
DE,Germany,True,Hochschule für Kommunikation und Gestaltung,http://www.hfk-bw.de,0,,Q21040608,wikidata,1,n/a
DE,Germany,True,Hochschule für Musik Carl Maria von Weber,http://www.hfmdd.de,0,,Q468181,wikidata,1,n/a
DE,Germany,True,Hochschule für Musik Detmold,https://www.hfm-detmold.de,0,,Q317855,wikidata,1,n/a
DE,Germany,True,Hochschule für Musik Franz Liszt Weimar,http://www.hfm-weimar.de,0,,Q536163,wikidata,1,n/a
DE,Germany,True,Hochschule für Musik Mainz,http://www.hfm-mainz.de,0,,Q1622203,wikidata,1,n/a
DE,Germany,True,Hochschule für Musik und Tanz Köln,http://www.hfmt-koeln.de,0,,Q55021,wikidata,1,n/a
DE,Germany,True,Hochschule für Musik Würzburg,https://www.hfm-wuerzburg.de,0,,Q260107,wikidata,1,n/a
DE,Germany,True,Hochschule für Verwaltung in Niedersachsen,https://www.nsi-hsvn.de,0,,Q53869248,wikidata,1,n/a
DE,Germany,True,Hochschule Lausitz,http://www.hs-lausitz.de,0,,Q1622120,wikidata,1,n/a
DE,Germany,True,Hochschule Stralsund,https://www.hochschule-stralsund.de,0,,Q1391231,wikidata,1,n/a
DE,Germany,True,"Hochschule Wismar, University of Applied Sciences: Technology, Business and Design",http://www.hs-wismar.de,0,,Q883036,wikidata,1,n/a
DE,Germany,True,Holzbau Deutschland-Institut,https://www.institut-holzbau.de/,0,I4210155626,,openalex,1,n/a
DE,Germany,True,HR Nord,http://www.fhr-nord.niedersachsen.de,0,,Q1997776,wikidata,1,n/a
DE,Germany,True,HTW Berlin,https://www.htw-berlin.de,0,,Q875138,wikidata,1,n/a
DE,Germany,True,htw saar | Saarland University of Applied Sciences,https://www.htwsaar.de,0,,Q884111,wikidata,1,n/a
DE,Germany,True,Humboldt-Viadrina School of Governance,http://www.humboldt-viadrina.org,0,,Q1636934,wikidata,1,n/a
DE,Germany,True,IB-Hochschule Berlin,http://www.ib-hochschule.de,0,,Q1653042,wikidata,1,n/a
DE,Germany,True,IBS IT & Business School Oldenburg,,0,,Q122577742,wikidata,1,n/a
DE,Germany,True,Institut für Ausbildung Jugendlicher,https://www.iaj.de/,0,I4210128456,,openalex,1,n/a
DE,Germany,True,Institut für gerichtliche Medizin,,0,,Q138714919,wikidata,1,n/a
DE,Germany,True,Institut für Kommunikation und Wirtschaftsbildung,http://www.ikwrathenow.de/,0,I4210091835,,openalex,1,n/a
DE,Germany,True,Institut zur Förderung von Bildung und Integration,http://www.inbi-mainz.de/,0,I4210091187,,openalex,1,n/a
DE,Germany,True,International Business School of Service Management,http://www.iss-hamburg.de,0,,Q1666398,wikidata,1,n/a
DE,Germany,True,International University of Cooperative Education Freiburg,http://www.iu-ce.de,0,,Q1667017,wikidata,1,n/a
DE,Germany,True,Internationale Hochschule für Exekutives Management,,0,,Q1667285,wikidata,1,n/a
DE,Germany,True,Internationale Studien- und Berufsakademie,,0,,Q122956298,wikidata,1,n/a
DE,Germany,True,Internationales Priesterseminar Herz Jesu,https://zaitzkofen.fsspx.org,0,,Q1667803,wikidata,1,n/a
DE,Germany,True,Internationales Priesterseminar St. Petrus,,0,,Q1667805,wikidata,1,n/a
DE,Germany,True,INU - Innovative University of applied sciences,,0,,Q117459349,wikidata,1,n/a
DE,Germany,True,Johannes Gutenberg Universitat Mainz Katholisch-Theologische Fakultät,,0,,Q101266434,wikidata,1,n/a
DE,Germany,True,Julius-Maximilians-Universität Würzburg Katholisch-Theologische Fakultät,,0,,Q101268667,wikidata,1,n/a
DE,Germany,True,Karls-Universität Aschaffenburg,,0,,Q15823101,wikidata,1,n/a
DE,Germany,True,Karlsruhe University of Arts and Design,https://hfg-karlsruhe.de/en,0,,Q896116,wikidata,1,n/a
DE,Germany,True,Katholisch-Theologische Fakultät Münster,,0,,Q101394266,wikidata,1,n/a
DE,Germany,True,Katholische Fachhochschule Norddeutschland Osnabrück und Vechta,http://www.kath-fh-nord.de,0,,Q1736333,wikidata,1,n/a
DE,Germany,True,Katholische Hochschule für Kirchenmusik Rottenburg,http://www.kirchenmusik-hochschule.org,0,,Q1736343,wikidata,1,n/a
DE,Germany,True,Katholische Hochschule Nordrhein-Westfalen,http://www.katho-nrw.de,0,,Q1736344,wikidata,1,n/a
DE,Germany,True,Kiel University,https://www.uni-kiel.de/de,0,,Q156737,wikidata,1,n/a
DE,Germany,True,Kiel University of Applied Science,https://www.fh-kiel.de,0,,Q1391201,wikidata,1,n/a
DE,Germany,True,Kirchliche Hochschule Berlin,,0,,Q1743329,wikidata,1,n/a
DE,Germany,True,Kleine Private Lehrinstitut Derksen,https://www.derksen-gym.de/en/,0,I4210105048,,openalex,1,n/a
DE,Germany,True,KMM Hamburg – Institut für Kultur- und Medienmanagement,http://www.kmm-hamburg.de,0,,Q1718821,wikidata,1,n/a
DE,Germany,True,Kommando der Schulschiffe,,0,,Q1780065,wikidata,1,n/a
DE,Germany,True,Kommando Marineführungssysteme,,0,,Q1780039,wikidata,1,n/a
DE,Germany,True,Konrad Wolf Film University of Babelsberg,http://www.filmuniversitaet.de,0,,Q1550192,wikidata,1,n/a
DE,Germany,True,Konservatorium für Musik der Stadt Würzburg,,0,,Q139680900,wikidata,1,n/a
DE,Germany,True,Kuehne Logistics University,http://www.the-klu.org,0,,Q1683524,wikidata,1,n/a
DE,Germany,True,Kölner Werkschulen,,0,,Q1795883,wikidata,1,n/a
DE,Germany,True,Leokonvikt Paderborn,,0,,Q1818836,wikidata,1,n/a
DE,Germany,True,Logistikschule der Bundeswehr,https://www.bundeswehr.de/de/organisation/unterstuetzungsbereich/logistik/logistikkommando-der-bundeswehr-in-erfurt/logistikschule-der-bundeswehr-in-garlstedt,0,,Q1542279,wikidata,1,n/a
DE,Germany,True,Macromedia University for Media and Communication,http://hochschule-macromedia.de,0,,Q1346417,wikidata,1,n/a
DE,Germany,True,Magdeburg Institute of Technology,,0,,Q2399299,wikidata,1,n/a
DE,Germany,True,Magdeburg-Stendal University of Applied Sciences,http://www.hs-magdeburg.de,0,,Q1622123,wikidata,1,n/a
DE,Germany,True,Mainz University of Applied Sciences,http://www.hs-mainz.de,0,,Q459724,wikidata,1,n/a
DE,Germany,True,Mannheim Technical University of Applied Sciences,https://www.hs-mannheim.de,0,,Q321369,wikidata,1,n/a
DE,Germany,True,Marineausbildungsregiment,,0,,Q1308495,wikidata,1,n/a
DE,Germany,True,Marinefernmeldeschule,,0,,Q25857870,wikidata,1,n/a
DE,Germany,True,Marinefliegerlehrgruppe,,0,,Q1898393,wikidata,1,n/a
DE,Germany,True,Marineoperationsschule,https://www.bundeswehr.de/de/organisation/marine/organisation/marineoperationsschule,0,,Q1484686,wikidata,1,n/a
DE,Germany,True,Marineschule Stralsund,,0,,Q15833975,wikidata,1,n/a
DE,Germany,True,Marinetechnikschule,https://www.bundeswehr.de/de/organisation/marine/organisation/marinetechnikschule,0,,Q1898500,wikidata,1,n/a
DE,Germany,True,Marineunteroffizierschule,https://www.bundeswehr.de/de/organisation/marine/organisation/marineunteroffizierschule,0,,Q1898504,wikidata,1,n/a
DE,Germany,True,Marineversorgungsschule,,0,,Q1800083,wikidata,1,n/a
DE,Germany,True,Marinewaffenschule,,0,,Q26877525,wikidata,1,n/a
DE,Germany,True,Mathias Hochschule Rheine,http://www.mhrheine.de,0,,Q1908482,wikidata,1,n/a
DE,Germany,True,Media Akademie – Hochschule Stuttgart,http://www.media-hs.de,0,,Q21040685,wikidata,1,n/a
DE,Germany,True,Mediadesign Hochschule,http://www.mediadesign.de,0,,Q1916178,wikidata,1,n/a
DE,Germany,True,Medical Academy Erfurt,,0,,Q1649504,wikidata,1,n/a
DE,Germany,True,Medical School Hamburg,http://www.medicalschool-hamburg.de,0,,Q1881867,wikidata,1,n/a
DE,Germany,True,Medizinische Akademie Magdeburg,,0,,Q1916554,wikidata,1,n/a
DE,Germany,True,Medizinische Universität Lausitz – Carl Thiem,https://www.mul-ct.de,0,,Q127256070,wikidata,1,n/a
DE,Germany,True,military training facility,,0,,Q1935147,wikidata,1,n/a
DE,Germany,True,Mittelhessen University of Applied Sciences,http://www.th-mittelhessen.de/site,0,,Q314684,wikidata,1,n/a
DE,Germany,True,Munich Institute of Media and Musical Arts,https://mima-university.de,0,,Q122762888,wikidata,1,n/a
DE,Germany,True,Munich University of Applied Languages,http://www.sdi-muenchen.de/hochschule,0,,Q833743,wikidata,1,n/a
DE,Germany,True,Museumspädagogische Zentrum,https://www.mpz-bayern.de/,0,I4210138673,,openalex,1,n/a
DE,Germany,True,Naval Academy at Mürwik,https://www.bundeswehr.de/de/organisation/marine/organisation/marineschule-muerwik,0,,Q881870,wikidata,1,n/a
DE,Germany,True,Naval Damage Control Training Centre,https://www.bundeswehr.de/de/organisation/marine/organisation/einsatzausbildungszentrum-schadensabwehr,0,,Q1308706,wikidata,1,n/a
DE,Germany,True,Naval Medical Institute,https://www.bundeswehr.de/de/organisation/marine/organisation/schifffahrtmedizinisches-institut,0,,Q1231469,wikidata,1,n/a
DE,Germany,True,NBS Northern Business School - Hochschule für Management und Sicherheit,http://www.nbs.de,0,,Q24175530,wikidata,1,n/a
DE,Germany,True,Nestor Bildungsinstitut,https://www.nestor-bildung.de/,0,I4210103670,,openalex,1,n/a
DE,Germany,True,Nordakademie Hochschule der Wirtschaft,https://www.nordakademie.de,0,,Q1379386,wikidata,1,n/a
DE,Germany,True,Norddeutsche Hochschule für Rechtspflege,http://www.fhr-nord.niedersachsen.de/,0,I4210114159,,openalex,1,n/a
DE,Germany,True,Nordische Universität,,0,,Q15837022,wikidata,1,n/a
DE,Germany,True,Offiziershochschule der Grenztruppen der DDR „Rosa Luxemburg“,,0,,Q16320530,wikidata,1,n/a
DE,Germany,True,Offiziershochschule des Ministeriums des Innern Artur Becker – Bereitschaften,,0,,Q2015908,wikidata,1,n/a
DE,Germany,True,Offiziershochschule für ausländische Militärkader „Otto Winzer“,,0,,Q59149149,wikidata,1,n/a
DE,Germany,True,Osnabrück University of Applied Sciences,https://www.hs-osnabrueck.de,0,,Q1622135,wikidata,1,n/a
DE,Germany,True,Ostkreuzschule,https://www.ostkreuzschule.de,0,,Q2035743,wikidata,1,n/a
DE,Germany,True,Otto Stern School for Integrated Doctoral Education,http://www.oss.uni-frankfurt.de,0,,Q7109839,wikidata,1,n/a
DE,Germany,True,"Palucca School of Dance, Dresden",http://www.palucca.eu,0,,Q2048456,wikidata,1,n/a
DE,Germany,True,Pforzheim Academy,http://www.hs-pforzheim.de,0,,Q884358,wikidata,1,n/a
DE,Germany,True,Philipps-Universität Marburg Centrum für Nah- und Mittelost-Studien,,0,,Q101380972,wikidata,1,n/a
DE,Germany,True,Philosophisch-Theologische Hochschule der Redemptoristen in Hennef-Geistingen,,0,,Q127416249,wikidata,1,n/a
DE,Germany,True,Philosophisch-Theologische Hochschule der Salesianer Don Boscos Benediktbeuern,http://www.pth-bb.de,0,,Q2088266,wikidata,1,n/a
DE,Germany,True,Philosophisch-Theologische Hochschule Freising,,0,,Q2088276,wikidata,1,n/a
DE,Germany,True,Politechnical Institute of Koethen,,0,,Q17123243,wikidata,1,n/a
DE,Germany,True,Polizeiakademie Niedersachsen,http://www.polizeiakademie.niedersachsen.de,0,,Q2101676,wikidata,1,n/a
DE,Germany,True,Polytechnikum Karlsruhe,,0,,Q63252801,wikidata,1,n/a
DE,Germany,True,Popakademie Baden-Württemberg,http://www.popakademie.de,0,,Q1492202,wikidata,1,n/a
DE,Germany,True,Praxis Hochschule University of Applied Sciences,http://www.praxishochschule.de,0,,Q16855778,wikidata,1,n/a
DE,Germany,True,Priesterseminar Aachen,,0,,Q2109602,wikidata,1,n/a
DE,Germany,True,Priesterseminar Essen,,0,,Q1766996,wikidata,1,n/a
DE,Germany,True,Priesterseminar Fulda,,0,,Q2109605,wikidata,1,n/a
DE,Germany,True,Priesterseminar Hildesheim,,0,,Q1353911,wikidata,1,n/a
DE,Germany,True,Priesterseminar Köln,,0,,Q1257371,wikidata,1,n/a
DE,Germany,True,Priesterseminar Limburg,,0,,Q2109610,wikidata,1,n/a
DE,Germany,True,Priesterseminar Mainz,,0,,Q1437749,wikidata,1,n/a
DE,Germany,True,Priesterseminar München,,0,,Q2109612,wikidata,1,n/a
DE,Germany,True,Priesterseminar Osnabrück,,0,,Q2109614,wikidata,1,n/a
DE,Germany,True,Priesterseminar Regensburg,https://www.priesterseminar-regensburg.de,0,,Q2109616,wikidata,1,n/a
DE,Germany,True,Priesterseminar Rottenburg,,0,,Q2109618,wikidata,1,n/a
DE,Germany,True,Priesterseminar Speyer,,0,,Q2109619,wikidata,1,n/a
DE,Germany,True,Priesterseminar St. Petrus (Berlin),,0,,Q2109629,wikidata,1,n/a
DE,Germany,True,Priesterseminar Würzburg,https://priesterseminar-wuerzburg.de,0,,Q2109625,wikidata,1,n/a
DE,Germany,True,Private Fachhochschule Döpfer für Physiotherapie und Ergotherapie,http://www.fh-doepfer.de,0,,Q1509126,wikidata,1,n/a
DE,Germany,True,Private Fernfachhochschule Sachsen,http://www.ffh-sachsen.com,0,,Q2111090,wikidata,1,n/a
DE,Germany,True,Private University of Applied Sciences,https://www.pfh-university.com,0,,Q2044046,wikidata,1,n/a
DE,Germany,True,Protestant University Ludwigsburg,https://www.eh-ludwigsburg.de,0,,Q1338536,wikidata,1,n/a
DE,Germany,True,Protestant University of Applied Sciences Berlin,https://www.eh-berlin.de,0,,Q1380205,wikidata,1,n/a
DE,Germany,True,Pädagogische Hochschule Esslingen,,0,,Q2120187,wikidata,1,n/a
DE,Germany,True,Pädagogische Hochschule Lörrach,,0,,Q19963141,wikidata,1,n/a
DE,Germany,True,Pädagogische Hochschule Zwickau,,0,,Q60392152,wikidata,1,n/a
DE,Germany,True,Q1262608,http://www.dhbw-mannheim.de,0,,Q1262608,wikidata,1,n/a
DE,Germany,True,Quadriga Hochschule Berlin,http://www.quadriga-hochschule.com,0,,Q2121899,wikidata,1,n/a
DE,Germany,True,Ravensburg-Weingarten University of Applied Sciences,https://www.rwu.de,0,,Q2718933,wikidata,1,n/a
DE,Germany,True,Regensburg University of Applied Sciences,http://www.oth-regensburg.de,0,,Q982435,wikidata,1,n/a
DE,Germany,True,Religionspädagogisches Institut Loccum,,0,,Q1545399,wikidata,1,n/a
DE,Germany,True,Rheinische Fachhochschule Neuss,http://www.rfh-neuss.eu,0,,Q1447117,wikidata,1,n/a
DE,Germany,True,Rheinische Friedrich-Wilhelms Universität Bonn Katholisch-Theologische Fakultät,,0,,Q101248149,wikidata,1,n/a
DE,Germany,True,Rheinland-Westfalen-Lippe University of Applied Sciences,http://www.efh-bochum.de,0,,Q1380172,wikidata,1,n/a
DE,Germany,True,Rhineland-Palatinate Police University of Applied Sciences,https://www.polizei.rlp.de/die-polizei/dienststellen/hochschule-der-polizei-rheinland-pfalz,0,,Q21040613,wikidata,1,n/a
DE,Germany,True,Ruhr-Universitat Bochum Katholisch-Theologische Fakultät,,0,,Q101383726,wikidata,1,n/a
DE,Germany,True,Saxon Police Force School,http://www.polizei.sachsen.de/de/polfh.htm,0,,Q1509323,wikidata,1,n/a
DE,Germany,True,Schulgeschwader,,0,,Q2251214,wikidata,1,n/a
DE,Germany,True,Schulgeschwader Ostsee,,0,,Q2251216,wikidata,1,n/a
DE,Germany,True,Schweißtechnische Lehr- und Versuchsanstalt Nord,https://www.slv-nord.de/,0,I4210114502,,openalex,1,n/a
DE,Germany,True,Seetaktische Lehrgruppe,,0,,Q2265687,wikidata,1,n/a
DE,Germany,True,SRH Berlin University of Applied Sciences,http://www.srh-hochschule-berlin.de,0,,Q7392824,wikidata,1,n/a
DE,Germany,True,SRH Fernhochschule,https://www.mobile-university.de/de/startseite,0,,Q2207700,wikidata,1,n/a
DE,Germany,True,SRH Hochschule for Health Gera,https://www.srh-university.de/de/unsere-standorte/gera,0,,Q2207696,wikidata,1,n/a
DE,Germany,True,SRH Hochschule Hamm,http://www.fh-hamm.de,0,,Q1757937,wikidata,1,n/a
DE,Germany,True,SRH Hochschule Heidelberg,http://www.hochschule-heidelberg.de,0,,Q2207707,wikidata,1,n/a
DE,Germany,True,SRH University Campus Fürth,https://www.srh-university.de/de,0,,Q110665671,wikidata,1,n/a
DE,Germany,True,SS Junker School Bad Tölz,,0,,Q3076964,wikidata,1,n/a
DE,Germany,True,Staatliche Studienakademie Breitenbrunn,http://www.ba-breitenbrunn.de,0,,Q23782301,wikidata,1,n/a
DE,Germany,True,Staatliche Studienakademie Dresden,https://www.dhsn.de/dresden,0,,Q828762,wikidata,1,n/a
DE,Germany,True,Staatliche Studienakademie Leipzig,https://www.ba-leipzig.de,0,,Q65952781,wikidata,1,n/a
DE,Germany,True,Staatliche Studienakademie Plauen,https://www.ba-plauen.de,0,,Q828771,wikidata,1,n/a
DE,Germany,True,Staatliche Studienakademie Riesa,https://www.ba-riesa.de,0,,Q96623670,wikidata,1,n/a
DE,Germany,True,State University of Music and Performing Arts Stuttgart,http://www.mh-stuttgart.de,0,,Q568692,wikidata,1,n/a
DE,Germany,True,Steinbeis-Hochschule Berlin,http://www.steinbeis-hochschule.de,0,,Q883471,wikidata,1,n/a
DE,Germany,True,Stenden University Berlin,,0,,Q2342693,wikidata,1,n/a
DE,Germany,True,Steuerakademie Niedersachsen,http://www.steuerakademie.niedersachsen.de,0,,Q1238833,wikidata,1,n/a
DE,Germany,True,Studienhaus St. Lambert,,0,,Q2358540,wikidata,1,n/a
DE,Germany,True,Städelschule,http://www.staedelschule.de,0,,Q875722,wikidata,1,n/a
DE,Germany,True,Technical University of Darmstadt,https://www.tu-darmstadt.de/index.en.jsp,0,,Q310695,wikidata,1,n/a
DE,Germany,True,Technical University of Dortmund,https://www.tu-dortmund.de,0,,Q685557,wikidata,1,n/a
DE,Germany,True,Technische Hochschule Leuna-Merseburg,,0,,Q1659467,wikidata,1,n/a
DE,Germany,True,Technische Hochschule Lübeck,https://www.th-luebeck.de,0,,Q1391202,wikidata,1,n/a
DE,Germany,True,Technische Hochschule Nuremberg Georg Simon Ohm,https://www.th-nuernberg.de,0,,Q1503440,wikidata,1,n/a
DE,Germany,True,Technische Hochschule OWL,http://www.th-owl.de,0,,Q895634,wikidata,1,n/a
DE,Germany,True,Technische Marineschule Kiel,,0,,Q19309860,wikidata,1,n/a
DE,Germany,True,Technische Universität Berlin Institut für Technische Akustik,,0,,Q101385266,wikidata,1,n/a
DE,Germany,True,TH Karlsruhe,,0,,Q114339958,wikidata,1,n/a
DE,Germany,True,Theologische Hochschule Beuron,http://www.erzabtei-beuron.de/kultur/theologische_hochschule.php,0,,Q2418952,wikidata,1,n/a
DE,Germany,True,Theologische Hochschule Ewersbach,http://th-ewersbach.de,0,,Q2418963,wikidata,1,n/a
DE,Germany,True,Theologisches Seminar Elstal,https://www.th-elstal.de,0,,Q1623675,wikidata,1,n/a
DE,Germany,True,THI - Technical University of Applied Sciences in Ingolstadt,https://www.thi.de,0,,Q1622111,wikidata,1,n/a
DE,Germany,True,Tomorrow University of Applied Sciences,https://www.tomorrow.university,0,,Q122911598,wikidata,1,n/a
DE,Germany,True,Trier University,https://www.uni-trier.de,0,,Q702486,wikidata,1,n/a
DE,Germany,True,TU Braunschweig,https://www.tu-braunschweig.de,0,,Q734324,wikidata,1,n/a
DE,Germany,True,TU Dresden,https://tu-dresden.de,0,,Q158158,wikidata,1,n/a
DE,Germany,True,Tübingen University Faculty of Catholic Theology,https://www.uni-tuebingen.de/fakultaeten/katholisch-theologische-fakultaet/fakultaet.html,0,,Q1736311,wikidata,1,n/a
DE,Germany,True,Ulm School of Design,http://www.hfg-archiv.ulm.de,0,,Q591905,wikidata,1,n/a
DE,Germany,True,Ulm University,https://www.uni-ulm.de,0,,Q835662,wikidata,1,n/a
DE,Germany,True,Ulm University of Applied Sciences,http://hs-ulm.de,0,,Q1622143,wikidata,1,n/a
DE,Germany,True,United Nations University Vice-Rectorate in Europe,https://unu.edu/vie,0,,Q28971028,wikidata,1,n/a
DE,Germany,True,Universitas Studii Coloniensis,,0,,Q2495768,wikidata,1,n/a
DE,Germany,True,University of Altdorf,,0,,Q880228,wikidata,1,n/a
DE,Germany,True,University of applied science for international management,http://www.himh.de,0,,Q1622188,wikidata,1,n/a
DE,Germany,True,University of applied science in Finance Nordrhein-Westfalen,http://www.fhf-nordkirchen.de,0,,Q1365807,wikidata,1,n/a
DE,Germany,True,University of Applied Sciences Berlin,https://www.bht-berlin.de,0,,Q851413,wikidata,1,n/a
DE,Germany,True,University of Applied Sciences Bingen,https://www.th-bingen.de,0,,Q878170,wikidata,1,n/a
DE,Germany,True,University of Applied Sciences Bochum,http://www.hs-gesundheit.de,0,,Q1622183,wikidata,1,n/a
DE,Germany,True,University of Applied Sciences Bremerhaven,https://www.hs-bremerhaven.de,0,,Q1622093,wikidata,1,n/a
DE,Germany,True,University of Applied Sciences Dresden,http://www.htw-dresden.de,0,,Q1622222,wikidata,1,n/a
DE,Germany,True,University of Applied Sciences Fliedner Fachhochschule,http://www.fliedner-fachhochschule.de,0,,Q1428381,wikidata,1,n/a
DE,Germany,True,University of Applied Sciences for Administration and Services,http://www.fhvd.de,0,,Q1391272,wikidata,1,n/a
DE,Germany,True,University of Applied Sciences for Police Baden-Württemberg,https://www.hfpol-bw.de,0,,Q1622214,wikidata,1,n/a
DE,Germany,True,"University of Applied Sciences for Public Administration, Police and Justice",http://www.fh-guestrow.de,0,,Q1391288,wikidata,1,n/a
DE,Germany,True,University of Applied Sciences Hof,https://www.hof-university.de,0,,Q1622109,wikidata,1,n/a
DE,Germany,True,University of Applied Sciences in Brandenburg,http://www.th-brandenburg.de,0,,Q1391182,wikidata,1,n/a
DE,Germany,True,University of Applied Sciences Jena,https://www.eah-jena.de,0,,Q1356982,wikidata,1,n/a
DE,Germany,True,University of Applied Sciences Koblenz,http://www.hs-koblenz.de,0,,Q1622117,wikidata,1,n/a
DE,Germany,True,University of Applied Sciences Ludwigsburg,http://www.hs-ludwigsburg.de,0,,Q1604537,wikidata,1,n/a
DE,Germany,True,University of Applied Sciences Ludwigshafen,https://www.hwg-lu.de,0,,Q1622125,wikidata,1,n/a
DE,Germany,True,University of Applied Sciences Meissen,https://www.fhsv.sachsen.de,0,,Q1391248,wikidata,1,n/a
DE,Germany,True,University of Applied Sciences Neu-Ulm,https://www.hnu.de,0,,Q1622129,wikidata,1,n/a
DE,Germany,True,University of Applied Sciences Offenburg,https://www.hs-offenburg.de,0,,Q1622133,wikidata,1,n/a
DE,Germany,True,University of Applied Sciences Rosenheim,https://www.th-rosenheim.de,0,,Q263537,wikidata,1,n/a
DE,Germany,True,University of Applied Sciences Sparkasse,http://www.s-hochschule.de,0,,Q1622157,wikidata,1,n/a
DE,Germany,True,University of Applied Sciences Stuttgart,https://www.hft-stuttgart.de,0,,Q1540704,wikidata,1,n/a
DE,Germany,True,University of Applied Sciences Trier,https://www.hochschule-trier.de,0,,Q896546,wikidata,1,n/a
DE,Germany,True,University of Cooperative Education for Banking,https://www.ba-bankwirtschaft.de,0,,Q122575751,wikidata,1,n/a
DE,Germany,True,University of Cooperative Education Fulda,https://www.ba-fulda.de,0,,Q123010841,wikidata,1,n/a
DE,Germany,True,University of Cooperative Education Melle,https://www.ba-melle.de,0,,Q122577611,wikidata,1,n/a
DE,Germany,True,University of Dillingen,,0,,Q266255,wikidata,1,n/a
DE,Germany,True,University of Düsseldorf,https://www.hhu.de,0,,Q317032,wikidata,1,n/a
DE,Germany,True,University of Erfurt (1392-1816),,0,,Q1585513,wikidata,1,n/a
DE,Germany,True,University of Erlangen,,0,,Q99955354,wikidata,1,n/a
DE,Germany,True,University of Erlangen–Nuremberg,https://www.fau.de,0,,Q40025,wikidata,1,n/a
DE,Germany,True,University of Flensburg,https://www.uni-flensburg.de,0,,Q506436,wikidata,1,n/a
DE,Germany,True,University of Fulda,,0,,Q895948,wikidata,1,n/a
DE,Germany,True,University of Giessen,https://www.uni-giessen.de,0,,Q317053,wikidata,1,n/a
DE,Germany,True,University of Greifswald,https://www.uni-greifswald.de/en,0,,Q165528,wikidata,1,n/a
DE,Germany,True,University of Hamburg,https://uni-hamburg.de,0,,Q156725,wikidata,1,n/a
DE,Germany,True,University of Helmstedt,http://uni-helmstedt.hab.de,0,,Q314466,wikidata,1,n/a
DE,Germany,True,University of Ingolstadt,,0,,Q462039,wikidata,1,n/a
DE,Germany,True,University of Jena,https://www.uni-jena.de,0,,Q154561,wikidata,1,n/a
DE,Germany,True,University of Kaiserslautern-Landau,https://rptu.de,0,,Q111020102,wikidata,1,n/a
DE,Germany,True,University of Karlsruhe,http://www.uni-karlsruhe.de,0,,Q29426438,wikidata,1,n/a
DE,Germany,True,University of Koblenz,https://www.uni-koblenz.de/de,0,,Q113633597,wikidata,1,n/a
DE,Germany,True,University of Labour,https://www.university-of-labour.de,0,,Q110489587,wikidata,1,n/a
DE,Germany,True,University of Magdeburg,http://www.ovgu.de,0,,Q655866,wikidata,1,n/a
DE,Germany,True,University of Management and Communication,http://www.umc-potsdam.de,0,,Q1728041,wikidata,1,n/a
DE,Germany,True,University of Marburg,https://www.uni-marburg.de,0,,Q155354,wikidata,1,n/a
DE,Germany,True,University of Music and Theatre Munich,https://hmtm.de,0,,Q657167,wikidata,1,n/a
DE,Germany,True,University of Oldenburg,https://uol.de,0,,Q597758,wikidata,1,n/a
DE,Germany,True,University of Paderborn,https://www.uni-paderborn.de,0,,Q679134,wikidata,1,n/a
DE,Germany,True,University of Rinteln,,0,,Q2496139,wikidata,1,n/a
DE,Germany,True,University of Technology Nuremberg,https://www.utn.de,0,,Q56187114,wikidata,1,n/a
DE,Germany,True,University of the Bundeswehr Munich,https://www.unibw.de,0,,Q283099,wikidata,1,n/a
DE,Germany,True,University of Veterinary Medicine Hannover,https://www.tiho-hannover.de,0,,Q1607255,wikidata,1,n/a
DE,Germany,True,Universität,,0,,Q41313704,wikidata,1,n/a
DE,Germany,True,Universität Augsburg Katholisch-Theologische Fakultät,,0,,Q101833262,wikidata,1,n/a
DE,Germany,True,Universität Bayern,http://www.unibayern.de/,0,I4210110383,,openalex,1,n/a
DE,Germany,True,Universität Erfurt Katholisch-Theologische Fakultät,,0,,Q101834029,wikidata,1,n/a
DE,Germany,True,Universität Leipzig - Didaktik der Physik,,0,,Q138715134,wikidata,1,n/a
DE,Germany,True,Universitätsmedizin Göttingen,https://www.umg.eu,0,,Q2496408,wikidata,1,n/a
DE,Germany,True,université Witten-Herdecke,https://www.uni-wh.de,0,,Q122335127,wikidata,1,n/a
DE,Germany,True,UNRRA University of Munich,,0,,Q65093904,wikidata,1,n/a
DE,Germany,True,Verwaltungsfachhochschule Rotenburg an der Fulda,http://www.studienzentrum-rotenburg.de,0,,Q1615884,wikidata,1,n/a
DE,Germany,True,Veterinary University Berlin,,0,,Q62032954,wikidata,1,n/a
DE,Germany,True,VICTORIA | International University of Applied Sciences,http://www.hwtk.de,0,,Q17123645,wikidata,1,n/a
DE,Germany,True,VWA Hochschule,https://w-vwa.de,0,,Q15852343,wikidata,1,n/a
DE,Germany,True,VWA und Berufsakademie Göttingen,http://www.vwa-goettingen.de,0,,Q2519262,wikidata,1,n/a
DE,Germany,True,VWA und Berufsakademie Lüneburg,,0,,Q55518129,wikidata,1,n/a
DE,Germany,True,Weihenstephan-Triesdorf University of Applied Science,http://www.hswt.de,0,,Q1622145,wikidata,1,n/a
DE,Germany,True,Weingarten University of Education,https://www.ph-weingarten.de,0,,Q2120222,wikidata,1,n/a
DE,Germany,True,Welfenakademie Braunschweig,http://www.welfenakademie.de,0,,Q2557506,wikidata,1,n/a
DE,Germany,True,Westphalian University of Applied Sciences Gelsenkirchen Bocholt Recklinghausen,http://www.w-hs.de,0,,Q2565230,wikidata,1,n/a
DE,Germany,True,Westsächsische Hochschule Zwickau - University of Applied Sciences,https://www.fh-zwickau.de,0,,Q884503,wikidata,1,n/a
DE,Germany,True,Wildau Institute of Technology,http://www.wit-wildau.de,0,,Q2570367,wikidata,1,n/a
DE,Germany,True,Wilhelm Löhe Hochschule für angewandte Wissenschaften,http://www.wlh-fuerth.de,0,,Q1532259,wikidata,1,n/a
DE,Germany,True,Wilhelmsstift,https://www.wilhelmsstift.de,0,,Q2576313,wikidata,1,n/a
DE,Germany,True,XU Exponential University,https://xu-university.com,0,,Q60867576,wikidata,1,n/a
DE,Germany,True,YMCA University of Applied Sciences,http://www.cvjm-hochschule.de,0,,Q1024571,wikidata,1,n/a
DE,Germany,True,Zeppelin University,http://www.zeppelin-university.com,0,,Q191426,wikidata,1,n/a
DK,Denmark,True,University of Copenhagen,https://www.ku.dk,361260,I124055696,Q186285,openalex;wikidata,3,True
DK,Denmark,True,Aarhus University,https://www.au.dk,262436,I204337017,Q924265,openalex;wikidata,3,True
DK,Denmark,True,Technical University of Denmark,https://dtu.dk,155922,I96673099,Q1269766,openalex;wikidata,3,True
DK,Denmark,True,Aalborg University,https://www.aau.dk,111709,I891191580,Q601956,openalex;wikidata,3,True
DK,Denmark,True,University of Southern Denmark,https://www.sdu.dk,107926,I177969490,Q2166335,openalex;wikidata,3,True
DK,Denmark,True,Copenhagen Business School,https://www.cbs.dk,32234,I180519160,Q703620,openalex;wikidata,3,True
DK,Denmark,True,Roskilde University,https://ruc.dk,26821,I107707843,Q1542386,openalex;wikidata,3,True
DK,Denmark,True,IT University of Copenhagen,https://itu.dk,9119,I83467386,Q124882,openalex;wikidata,3,True
DK,Denmark,True,University College Copenhagen,https://www.kp.dk,3485,I4210088332,,openalex,2,True
DK,Denmark,True,University College of Northern Denmark,http://www.ucnorth.dk/Default.aspx,2181,I315070680,Q7894659,openalex;wikidata,3,True
DK,Denmark,True,Aarhus School of Architecture,https://aarch.dk,1324,I30867006,,openalex,2,True
DK,Denmark,True,Copenhagen Academy for Medical Education and Simulation,https://www.regionh.dk/CAMES-english,1205,I4210099625,,openalex,2,True
DK,Denmark,True,University College Lillebaelt,http://international.ucl.dk/,1130,I240344557,Q7894627,openalex;wikidata,2,False
DK,Denmark,True,University College South Denmark,https://www.ucsyd.dk/,926,I2801328042,Q7894638,openalex;wikidata,3,True
DK,Denmark,True,University College Absalon,https://phabsalon.dk/,804,I4210158696,Q7894635,openalex;wikidata,2,False
DK,Denmark,True,Design School Kolding,https://www.designskolenkolding.dk/en,742,I893397424,Q5264458,openalex;wikidata,2,False
DK,Denmark,True,University College Capital,https://ucc.dk/,703,I2800924971,Q7894617,openalex;wikidata,2,False
DK,Denmark,True,Copenhagen School of Design and Technology,https://kea.dk,196,I4210091925,Q12323381,openalex;wikidata,3,True
DK,Denmark,True,Aarhus Business College,https://aabc.dk/,80,I3129642645,,openalex,2,True
DK,Denmark,True,VUC Aarhus,http://www.vucaarhus.dk/,42,I2799818102,,openalex,2,True
DK,Denmark,True,Zealand Institute of Business and Technology,http://zibat.dk/,39,I2801665144,,openalex,2,True
DK,Denmark,True,Copenhagen Business Academy,https://www.cphbusiness.dk,33,I2800721106,Q12310238,openalex;wikidata,3,True
DK,Denmark,True,Copenhagen Institute of Interaction Design,http://ciid.dk/,31,I2799610202,,openalex,2,True
DK,Denmark,True,Business Academy Aarhus,http://www.baaa.dk/,28,I2802374784,,openalex,2,True
DK,Denmark,True,International Business Academy,http://www.iba.dk/international,27,I4210149551,,openalex,2,True
DK,Denmark,True,Business Academy SouthWest,https://www.easv.dk/,23,I4210150887,,openalex,2,True
DK,Denmark,True,Den Danske Filmskole - National Filmschool of Denmark,https://www.filmskolen.dk,4,I4405263329,,openalex,2,True
DK,Denmark,True,Copenhagen Hospitality College,https://hrs.dk,2,I3037719063,,openalex,2,True
DK,Denmark,True,Aalborg Business College,http://www.ah.dk,0,,Q4661370,wikidata,2,True
DK,Denmark,True,Aalborg University Copenhagen,,0,,Q12300291,wikidata,2,True
DK,Denmark,True,Business Academy Copenhagen North,,0,,Q12310239,wikidata,2,True
DK,Denmark,True,Selandia - Center for Business Education,http://www.sceu.dk,0,,Q2267483,wikidata,2,True
DK,Denmark,True,Southern University,,0,,Q116136207,wikidata,2,True
EE,Estonia,False,University of Tartu,https://ut.ee,52616,I56085075,Q204181,openalex;wikidata,2,n/a
EE,Estonia,False,Tallinn University of Technology,https://taltech.ee,24402,I111112146,Q604487,openalex;wikidata,2,n/a
EE,Estonia,False,Estonian University of Life Sciences,https://www.emu.ee,9461,I19409027,Q655542,openalex;wikidata,2,n/a
EE,Estonia,False,Tallinn University,https://www.tlu.ee,7378,I193629610,Q1257946,openalex;wikidata,2,n/a
EE,Estonia,False,Estonian Business School,https://www.ebs.ee,698,I153821248,Q3741208,openalex;wikidata,2,n/a
EE,Estonia,False,Estonian Academy of Security Sciences,https://sisekaitse.ee,250,I2801681977,,openalex,1,n/a
EE,Estonia,False,Estonian Entrepreneurship University of Applied Sciences,https://www.euas.eu,237,I3129913772,,openalex,1,n/a
EE,Estonia,False,Tallinn University of Applied Sciences,https://www.tktk.ee/,211,I4210096479,,openalex,1,n/a
EE,Estonia,False,Estonian Academy of Music and Theatre,https://eamt.ee,203,I3129702615,Q1370342,openalex;wikidata,2,n/a
EE,Estonia,False,Tallinn Health Care College,https://www.ttk.ee,177,I4210113022,,openalex,1,n/a
EE,Estonia,False,Estonian National Defense College,http://www.ksk.edu.ee,169,I2800449768,,openalex,1,n/a
EE,Estonia,False,Tartu Health Care College,https://www.nooruse.ee,135,I1321997222,,openalex,1,n/a
EE,Estonia,False,Estonian Aviation Academy,https://lennuakadeemia.ee/,67,I3133311389,,openalex,1,n/a
EE,Estonia,False,EuroAcademy,http://euroakadeemia.ee,49,I4210130106,,openalex,1,n/a
EE,Estonia,False,Estonian Information Technology College,http://www.itcollege.ee/en/,25,I184258962,,openalex,1,n/a
EE,Estonia,False,Institute of Theology of Estonian Evangelical Lutheran Church,http://ui.eelk.ee/index.php/en/,15,I4210106244,,openalex,1,n/a
EE,Estonia,False,Tartu Art College,https://www.artcol.ee/et/,15,I3132396572,,openalex,1,n/a
EE,Estonia,False,Informaatika ja Arvutustehnika Instituut,http://www.iati.ee/index.php,9,I4210160460,,openalex,1,n/a
EE,Estonia,False,Lääne-Viru College,http://www.lvrkk.ee/?lang=en,4,I4210112038,,openalex,1,n/a
EE,Estonia,False,Tartu Academy of Theology,http://teoloogia.ee/wb/pages/en/home.php?lang=EN,1,I4210120299,,openalex,1,n/a
EE,Estonia,False,Concordia International University Estonia,,0,,Q5158965,wikidata,1,n/a
EE,Estonia,False,International University Audentes,http://www.audentes.eu,0,,Q1518505,wikidata,1,n/a
EE,Estonia,False,Muraste Border Guard School,,0,,Q61402461,wikidata,1,n/a
EE,Estonia,False,Neeme Border Guard Dogs' School,,0,,Q61402466,wikidata,1,n/a
EE,Estonia,False,Tartu Emajoe School,http://www.tek.tartu.ee/,0,I4210123580,,openalex,1,n/a
EE,Estonia,False,University Nord,,0,,Q105223200,wikidata,1,n/a
EE,Estonia,False,Veritas,,0,,Q18625538,wikidata,1,n/a
EE,Estonia,False,Võru County Vocational Training Centre,http://www.vkhk.ee/ineng/,0,I4210106390,,openalex,1,n/a
ES,Spain,False,Universitat de Barcelona,https://web.ub.edu,211618,I71999127,,openalex,2,True
ES,Spain,False,Universidad Complutense de Madrid,https://www.ucm.es,185115,I121748325,,openalex,2,True
ES,Spain,False,Universitat Autònoma de Barcelona,https://www.uab.cat,177874,I123044942,,openalex,2,True
ES,Spain,False,Universitat de València,https://www.uv.es,143730,I16097986,,openalex,2,True
ES,Spain,False,Universidad de Granada,https://www.ugr.es,133026,I173304897,,openalex,2,True
ES,Spain,False,Universidad Autónoma de Madrid,https://www.uam.es,128753,I63634437,,openalex,2,True
ES,Spain,False,Universidad de Sevilla,https://www.us.es/,122102,I79238269,,openalex,2,True
ES,Spain,False,University of the Basque Country,https://www.ehu.eus,107218,I169108374,Q1232428,openalex;wikidata,3,True
ES,Spain,False,Universidad de Zaragoza,https://www.unizar.es,91115,I255234318,,openalex,2,True
ES,Spain,False,Universidad Politécnica de Madrid,https://www.upm.es,83614,I88060688,,openalex,2,True
ES,Spain,False,Universitat Politècnica de València,https://www.upv.es,83414,I60053951,,openalex,2,True
ES,Spain,False,Universidade de Santiago de Compostela,https://www.usc.gal/,80739,I200284239,,openalex,2,True
ES,Spain,False,Universidad de Salamanca,https://www.usal.es,68999,I184999862,,openalex,2,True
ES,Spain,False,Universidad de Murcia,https://www.um.es,63759,I80180929,,openalex,2,True
ES,Spain,False,Universidad de Málaga,https://www.uma.es,62172,I82767444,Q958650,openalex;wikidata,3,True
ES,Spain,False,Universidad de Oviedo,https://www.uniovi.es,61600,I165339363,,openalex,2,True
ES,Spain,False,Universitat Pompeu Fabra,https://www.upf.edu,56560,I170486558,,openalex,2,True
ES,Spain,False,University of Alicante,https://www.ua.es/,52897,I130194489,Q2037040,openalex;wikidata,3,True
ES,Spain,False,Universidad de Navarra,https://www.unav.edu,50491,I88155538,,openalex,2,True
ES,Spain,False,Universidade de Vigo,https://www.uvigo.gal/,50335,I6289922,,openalex,2,True
ES,Spain,False,University of Córdoba,https://www.uco.es,49970,I53110688,Q734010,openalex;wikidata,3,True
ES,Spain,False,Universidad de Valladolid,https://www.uva.es,49621,I108103353,,openalex,2,True
ES,Spain,False,University of Castilla-La Mancha,https://www.uclm.es,49002,I79189158,,openalex,2,True
ES,Spain,False,Universidad de Alcalá,https://uah.es,48548,I189268942,,openalex,2,True
ES,Spain,False,Universidad Carlos III de Madrid,https://www.uc3m.es,48491,I50357001,Q1247135,openalex;wikidata,3,True
ES,Spain,False,Universidad de La Laguna,https://www.ull.es,45910,I158438070,,openalex,2,True
ES,Spain,False,Universitat Rovira i Virgili,https://www.urv.cat,39580,I55952717,,openalex,2,True
ES,Spain,False,Universidad Rey Juan Carlos,https://www.urjc.es/,39474,I182083151,,openalex,2,True
ES,Spain,False,Universidad Nacional de Educación a Distancia,https://www.uned.es,39114,I178450904,,openalex,2,True
ES,Spain,False,Universidad de Extremadura,https://www.unex.es,38267,I80606768,,openalex,2,True
ES,Spain,False,Universidad de Cantabria,https://web.unican.es,35428,I13134134,,openalex,2,True
ES,Spain,False,Universidade da Coruña,https://www.udc.gal/,33403,I11019714,,openalex,2,True
ES,Spain,False,Universidad de Cádiz,https://www.uca.es,33057,I39147953,,openalex,2,True
ES,Spain,False,Universitat Jaume I,https://www.uji.es,32235,I10902133,,openalex,2,True
ES,Spain,False,Universitat de Girona,https://www.udg.edu,29575,I251424209,,openalex,2,True
ES,Spain,False,Universidad de Jaén,https://www.ujaen.es,27096,I191420491,,openalex,2,True
ES,Spain,False,Universidad de Las Palmas de Gran Canaria,https://www.ulpgc.es,26223,I119635470,,openalex,2,True
ES,Spain,False,University of Almería,https://www.ual.es,25435,I52354020,Q1218488,openalex;wikidata,3,True
ES,Spain,False,Universidad de León,https://www.unileon.es,25223,I8833935,,openalex,2,True
ES,Spain,False,Universitat de Miguel Hernández d'Elx,https://www.umh.es,24447,I111262870,,openalex,2,True
ES,Spain,False,Universidad Pablo de Olavide,https://www.upo.es,22245,I95013407,,openalex,2,True
ES,Spain,False,Universitat de Lleida,https://udl.cat,21912,I15766328,,openalex,2,True
ES,Spain,False,Universidad Pública de Navarra (UPNA),https://www.unavarra.es,20710,I175051016,,openalex,2,True
ES,Spain,False,Universidad de Huelva,https://www.uhu.es,18596,I78880903,,openalex,2,True
ES,Spain,False,Barcelona Institute of Science and Technology,https://bist.eu,17136,I4210132884,,openalex,2,True
ES,Spain,False,Universidad Politécnica de Cartagena,https://www.upct.es/,13838,I3123212020,Q6156635,openalex;wikidata,3,True
ES,Spain,False,Universidad Internacional De La Rioja,https://www.unir.net,13147,I4210116615,,openalex,2,True
ES,Spain,False,Universitat Ramon Llull,https://www.url.edu,13015,I5593406,,openalex,2,True
ES,Spain,False,Universidad de La Rioja,https://www.unirioja.es,12940,I168974976,,openalex,2,True
ES,Spain,False,Universidad de Burgos,https://www.ubu.es,12723,I46176106,,openalex,2,True
ES,Spain,False,Universidad Europea de Madrid,https://universidadeuropea.com,12628,I904013037,Q2290716,openalex;wikidata,3,True
ES,Spain,False,Universidad de Deusto,https://www.deusto.es,11506,I136040515,,openalex,2,True
ES,Spain,False,Universidad Pontificia Comillas,https://www.comillas.edu,10384,I96580804,,openalex,2,True
ES,Spain,False,Universidad Francisco de Vitoria,https://www.ufv.es/,10331,I232005693,Q2495688,openalex;wikidata,3,True
ES,Spain,False,Universitat de Vic - Universitat Central de Catalunya,https://uvic-ucc.cat/,10077,I115304662,,openalex,2,True
ES,Spain,False,Universidad San Pablo CEU,https://www.uspceu.com,9691,I118091203,,openalex,2,True
ES,Spain,False,Universidad Católica de Murcia,https://www.ucam.edu,9429,I68763199,,openalex,2,True
ES,Spain,False,Navarre Institute of Health Research,https://www.idisna.es,7863,I4210112085,,openalex,2,True
ES,Spain,False,Valencia Catholic University Saint Vincent Martyr,https://www.ucv.es/,6292,I283262890,Q1736402,openalex;wikidata,3,True
ES,Spain,False,Universidad Cardenal Herrera CEU,https://www.uchceu.es,5831,I2800982320,,openalex,2,True
ES,Spain,False,Madrid Institute for Advanced Studies,https://www.imdea.org/,5745,I105140100,,openalex,2,True
ES,Spain,False,Universidad Nebrija,https://www.nebrija.com/,5397,I3020445194,Q3551375,openalex;wikidata,3,True
ES,Spain,False,Universidad Loyola Andalucía,https://www.uloyola.es/,4868,I243381257,,openalex,2,True
ES,Spain,False,Universidad Pontificia de Salamanca,https://www.upsa.es,4801,I41382782,,openalex,2,True
ES,Spain,False,IESE Business School,https://www.iese.edu,4784,I4405253577,,openalex,2,True
ES,Spain,False,IE University,https://www.ie.edu,4180,I125068653,Q283501,openalex;wikidata,3,True
ES,Spain,False,Camilo José Cela University,https://www.ucjc.edu/,3825,I59946547,,openalex,2,True
ES,Spain,False,Valencian International University,https://www.universidadviu.com,3766,I2802026069,Q6156487,openalex;wikidata,3,True
ES,Spain,False,Mondragon Unibertsitatea,https://www.mondragon.edu,3739,I162361429,,openalex,2,True
ES,Spain,False,Universidad Alfonso X el Sabio,https://www.uax.com,3110,I4210147442,Q1599574,openalex;wikidata,3,True
ES,Spain,False,Barcelona School of Economics,https://bse.eu,3053,I42134832,,openalex,2,True
ES,Spain,False,Andalusian School of Public Health,http://www.easp.es/,3029,I62325682,,openalex,2,True
ES,Spain,False,Basque Center for Applied Mathematics,https://www.bcamath.org,2923,I2802176441,,openalex,2,True
ES,Spain,False,Universidad San Jorge,https://www.usj.es,2700,I4210121238,,openalex,2,True
ES,Spain,False,Universidad Europea del Atlántico,https://www.uneatlantico.es/,2361,I4210128504,,openalex,2,True
ES,Spain,False,Universidad Isabel I,https://www.ui1.es/,2073,I4210160299,Q6156480,openalex;wikidata,3,True
ES,Spain,False,Universidad a Distancia de Madrid,https://www.udima.es,1811,I4210108168,Q9091618,openalex;wikidata,3,True
ES,Spain,False,Centro Universitario de la Defensa Zaragoza,https://cud-agm.es,1698,I4405268406,Q59822615,openalex;wikidata,3,True
ES,Spain,False,Parc Científic de la Universitat de València,https://www.pcuv.es,1516,I2801097182,,openalex,2,True
ES,Spain,False,Universidad Europea Miguel de Cervantes,https://www.uemc.es/,1515,I2801392616,Q6844859,openalex;wikidata,3,True
ES,Spain,False,Catholic University of Ávila,https://www.ucavila.es,1446,I185020484,Q176866,openalex;wikidata,3,True
ES,Spain,False,Universidad Europea de Valencia,https://universidadeuropea.com/conocenos/valencia/,1425,I4405257738,Q116876982,openalex;wikidata,3,True
ES,Spain,False,IHCantabria - Instituto de Hidráulica Ambiental de la Universidad de Cantabria,https://ihcantabria.com,1365,I4405259921,,openalex,2,True
ES,Spain,False,Achucarro Basque Center for Neuroscience,https://www.achucarro.org,1179,I4210100306,,openalex,2,True
ES,Spain,False,Universidad Europea de Canarias,https://universidadeuropea.com,905,I4210150493,Q6156450,openalex;wikidata,3,True
ES,Spain,False,Institut Barcelona d'Estudis Internacionals,https://www.ibei.org,881,I173713965,,openalex,2,True
ES,Spain,False,Universitat Abat Oliba CEU,https://www.uaoceu.es,776,I2801339427,,openalex,2,True
ES,Spain,False,Universidad Fernando Pessoa Canarias,https://www.ufpcanarias.es/,728,I4210090580,,openalex,2,True
ES,Spain,False,UPF Barcelona School of Management,http://www.bsm.upf.edu,642,I4387152686,,openalex,2,True
ES,Spain,False,Universidad del Atlántico Medio,https://www.universidadatlanticomedio.es,619,I4405253593,Q133247549,openalex;wikidata,3,True
ES,Spain,False,Barcelona Graduate School of Mathematics,https://bgsmath.cat,585,I4210091183,,openalex,2,True
ES,Spain,False,EAE Business School,https://www.eae.es,576,I894721429,,openalex,2,True
ES,Spain,False,International University of Andalucía,https://www.unia.es,526,I4210161715,,openalex,2,True
ES,Spain,False,EADA Business School,https://www.eada.edu,441,I134033392,,openalex,2,True
ES,Spain,False,UNIE Universidad,https://www.universidadunie.com,399,I4405266176,,openalex,2,True
ES,Spain,False,Universidad Eclesiástica San Dámaso,https://www.sandamaso.es,370,I4210123781,,openalex,2,True
ES,Spain,False,Elisava Barcelona School of Design and Engineering,https://www.elisava.net/,347,I4210108266,,openalex,2,True
ES,Spain,False,"Universidad de Diseño, Innovación y Tecnología",https://www.udit.es,291,I4387153313,,openalex,2,True
ES,Spain,False,Basque Culinary Center,http://www.bculinary.com/es/home,285,I2799833905,,openalex,2,True
ES,Spain,False,Menéndez Pelayo International University,https://uimp.es,285,I919613290,,openalex,2,True
ES,Spain,False,Reial Acadèmia de Ciències i Arts de Barcelona,https://www.racab.cat/,216,I4210120327,,openalex,2,True
ES,Spain,False,"CETT Barcelona School of Tourism, Hospitality and Gastronomy",https://www.cett.es,191,I4405254317,,openalex,2,True
ES,Spain,False,EUNCET Business School,https://www.euncet.com,155,I4405259973,,openalex,2,True
ES,Spain,False,Bircham International University,http://www.bircham.edu/,150,I2801613826,Q3301403,openalex;wikidata,3,True
ES,Spain,False,Universidad CEU Fernando III,https://uf3ceu.es,110,I4405256266,Q6156459,openalex;wikidata,3,True
ES,Spain,False,Suffolk University Madrid,https://www.suffolk.edu/madrid-campus,104,I4210133368,,openalex,2,True
ES,Spain,False,"School of Advanced Education, Research and Accreditation",https://saera.eu,101,I4405269001,,openalex,2,True
ES,Spain,False,Universidad Tecnológica Atlántico Mediterráneo – UTAMED,https://www.utamed.es,97,I4405259578,,openalex,2,True
ES,Spain,False,Editorial Universidad de Sevilla,https://editorial.us.es,84,I4405263367,,openalex,2,True
ES,Spain,False,Escuela Universitaria de Magisterio Fray Luis de León,https://frayluis.com,74,I4405257346,,openalex,2,True
ES,Spain,False,Schiller International University,http://madrid.schiller.edu/,53,I4210147069,,openalex,2,True
ES,Spain,False,Universidad Europea de Andalucía,https://universidadeuropea.com/conocenos/andalucia/,52,I4405263657,Q127950085,openalex;wikidata,3,True
ES,Spain,False,Department of Education,https://www.euskadi.eus/eusko-jaurlaritza/hezkuntza-saila/,50,I4210136317,,openalex,2,True
ES,Spain,False,"EU Business School, Barcelona",https://www.euruni.edu/Discover-EU-Barcelona.html,48,I4405258729,,openalex,2,True
ES,Spain,False,Escuela Oficial de Idiomas de Granada,https://www.eoidegranada.org,45,I2801153862,,openalex,2,True
ES,Spain,False,"United Nations University Institute on Globalization, Culture and Mobility",http://gcm.unu.edu/,43,I190118902,Q28971029,openalex;wikidata,2,False
ES,Spain,False,Universidad Laboral de Córdoba,http://www.laboraldecordoba.es,15,I4210150214,,openalex,2,True
ES,Spain,False,Les Roches Marbella International School of Hotel Management,http://www.lesroches.edu/,13,I4210148768,Q941862,openalex;wikidata,3,True
ES,Spain,False,IESIDE Business School,https://www.afundacion.org/es/educacion/ieside,12,I4210108622,,openalex,2,True
ES,Spain,False,PAU Education,http://paueducation.com/en,12,I4210095377,,openalex,2,True
ES,Spain,False,Universidad Intercontinental de la Empresa,https://www.uie.edu,7,I4405261510,Q111737585,openalex;wikidata,3,True
ES,Spain,False,Editorial de la Universidad de Cantabria,https://www.editorial.unican.es,5,I4405252986,,openalex,2,True
ES,Spain,False,Marbella Design Academy,https://www.designschool.com,1,I4405263187,,openalex,2,True
ES,Spain,False,Red de Fundaciones Universidad Empresa,https://redfue.es,1,I4210141952,,openalex,2,True
ES,Spain,False,Abat Oliba CEU University,https://www.uaoceu.es/ca,0,,Q3326342,wikidata,2,True
ES,Spain,False,Academia de Artillería de Alcalá de Henares,,0,,Q114216127,wikidata,2,True
ES,Spain,False,Academia de Caballería de Valladolid,http://www.ejercito.mde.es/unidades/Valladolid/acab,0,,Q5655783,wikidata,2,True
ES,Spain,False,Academia Politécnica de Almería,,0,,Q139196345,wikidata,2,True
ES,Spain,False,Academy of Military Engineering of Alcalá de Henares,,0,,Q113936825,wikidata,2,True
ES,Spain,False,Al-Andalusía Islamic University of Spain,https://alandalusia.es,0,,Q140988725,wikidata,2,True
ES,Spain,False,Almuñecar International School,https://www.almunecarinternationalschool.org,0,I4210141660,,openalex,2,True
ES,Spain,False,Autonomous University of Barcelona,https://www.uab.cat,0,,Q43452,wikidata,2,True
ES,Spain,False,Autonomous University of Madrid,https://www.uam.es,0,,Q788091,wikidata,2,True
ES,Spain,False,Bidasoa International Seminar,https://seminariobidasoa.org,0,,Q122459386,wikidata,2,True
ES,Spain,False,Centro Universitario de la Defensa Madrid,https://cud.uah.es,0,,Q59822621,wikidata,2,True
ES,Spain,False,Centro Universitario de la Defensa Vigo,https://cud.uvigo.es,0,,Q59822618,wikidata,2,True
ES,Spain,False,Centro Universitario Villanueva,,0,,Q7894257,wikidata,2,True
ES,Spain,False,CES Cardenal Cisneros,https://www.cescisneros.es,0,,Q53719627,wikidata,2,True
ES,Spain,False,CEU San Pablo University,https://www.uspceu.com,0,,Q32821,wikidata,2,True
ES,Spain,False,Colegio Militar de Caballería de Alcalá de Henares,,0,,Q130294522,wikidata,2,True
ES,Spain,False,Colegio y Seminario Inmaculada y San Dámaso,https://rozascs.org,0,,Q133257708,wikidata,2,True
ES,Spain,False,Comillas Pontifical University,https://www.comillas.edu,0,,Q1687025,wikidata,2,True
ES,Spain,False,Complutense University of Madrid,https://www.ucm.es,0,,Q219694,wikidata,2,True
ES,Spain,False,Compostela Superior Institute of Religious Sciences,https://www.itcdesantiago.org/isccr,0,,Q118903957,wikidata,2,True
ES,Spain,False,"Cristo Rey Polytechnic Institute, Valladolid",https://www.cristoreyva.com,0,,Q28450645,wikidata,2,True
ES,Spain,False,CUNEF Universidad,https://www.cunef.edu,0,,Q25409994,wikidata,2,True
ES,Spain,False,Cámarabilbao University Business School,https://cubs.camarabilbao.com,0,,Q30311401,wikidata,2,True
ES,Spain,False,Edificio Historico de la Universidad de Oviedo,,0,,Q24019026,wikidata,2,True
ES,Spain,False,"English College, Valladolid",http://www.sanalbano.org,0,,Q5378214,wikidata,2,True
ES,Spain,False,ENYD Business and Management School,https://www.escueladenegociosydireccion.com,0,,Q105756873,wikidata,2,True
ES,Spain,False,Escola Municipal de Artes e Oficios de Vigo,http://hoxe.vigo.org/movemonos/educacion7.php?lang=gal,0,,Q12387973,wikidata,2,True
ES,Spain,False,ESCP Business School,https://escp.eu,0,,Q29293,wikidata,2,True
ES,Spain,False,Escuela Superior de Ingeniería de la Universidad de Almería,,0,,Q98971171,wikidata,2,True
ES,Spain,False,ESIC University,https://www.esic.edu,0,,Q20977975,wikidata,2,True
ES,Spain,False,EU Business School,https://www.euruni.edu,0,,Q5413406,wikidata,2,True
ES,Spain,False,Euroinnova Business School USA,http://www.euroinnova.us,0,,Q18417021,wikidata,2,True
ES,Spain,False,European University of the Atlantic,https://www.uneatlantico.es,0,,Q16644465,wikidata,2,True
ES,Spain,False,Facultad de Teología de Granada,https://www.uloyola.es/universidad/estructura-academica/facultad-de-teologia,0,,Q6434669,wikidata,2,True
ES,Spain,False,Faculty of Theology of San Dámaso University,https://www.sandamaso.es/teologia,0,,Q118402557,wikidata,2,True
ES,Spain,False,Faculty of Theology of the Comillas Pontifical University,https://www.comillas.edu/teologia,0,,Q118868091,wikidata,2,True
ES,Spain,False,Faculty of Theology of the Pontifical University of Salamanca,,0,,Q112652190,wikidata,2,True
ES,Spain,False,Francisco Ynduráin Elders University,https://www.bilaketa.es/universidad-para-mayores-francisco-yndurain,0,,Q130319686,wikidata,2,True
ES,Spain,False,Fundación Universidad Empresa de la Región de Murcia,https://www.fuem.es,0,I4210090125,,openalex,2,True
ES,Spain,False,Higher Institute of Religious Sciences of Barcelona,https://www.iscreb.org/es,0,,Q23498714,wikidata,2,True
ES,Spain,False,Higher Institute of Religious Sciences Valencia,https://www.teologiavalencia.es/instituto-superior-de-ciencias-religiosas,0,,Q136555989,wikidata,2,True
ES,Spain,False,Higher Institute of Religious Sciences “San Dámaso”,https://www.sandamaso.es/ciencias-religiosas,0,,Q118424195,wikidata,2,True
ES,Spain,False,Higher Institute of Religious Sciences “San Francisco Javier”,https://iscr.iglesianavarra.org/iscr/home-page,0,,Q136545825,wikidata,2,True
ES,Spain,False,IE School of Global and Public Affairs,http://www.ie.edu/school-international-relations,0,,Q16985595,wikidata,2,True
ES,Spain,False,Institute of Arts Barcelona,https://www.iabarcelona.com,0,,Q135091876,wikidata,2,True
ES,Spain,False,Institute of Research and Religious Studies of Lleida,https://irellleida.com,0,,Q110802280,wikidata,2,True
ES,Spain,False,Instituto Superior de Ciencias Religiosas de Vic,https://www.iscrvic.org,0,,Q94952862,wikidata,2,True
ES,Spain,False,International Institute of Theology of Madrid,https://institutoteologia.org,0,,Q136547711,wikidata,2,True
ES,Spain,False,International University of Catalonia,https://www.uic.es,0,,Q3329652,wikidata,2,True
ES,Spain,False,International University of La Rioja,https://www.unir.net,0,,Q6156490,wikidata,2,True
ES,Spain,False,Irish College in Madrid,,0,,Q118944270,wikidata,2,True
ES,Spain,False,ISDE Law & Business School,https://isde.es,0,,Q109952558,wikidata,2,True
ES,Spain,False,Jaume I University,https://www.uji.es,0,,Q29718,wikidata,2,True
ES,Spain,False,King Juan Carlos University,https://www.urjc.es,0,,Q2000629,wikidata,2,True
ES,Spain,False,La Salle Campus Barcelona,http://www.salleurl.edu,0,,Q9018931,wikidata,2,True
ES,Spain,False,Loyola University Andalucía,https://www.uloyola.es,0,,Q11222484,wikidata,2,True
ES,Spain,False,Manzana Fundacional Cisneriana de la Universidad de Alcalá,,0,,Q62132446,wikidata,2,True
ES,Spain,False,Marbella International University Centre,https://www.miuc.org/services,0,,Q131745179,wikidata,2,True
ES,Spain,False,Mediateca Universidad de Oviedo,,0,,Q24018874,wikidata,2,True
ES,Spain,False,Midshipman School of Cartagena,,0,,Q5839159,wikidata,2,True
ES,Spain,False,Miguel Hernández University of Elche,https://www.umh.es,0,,Q24676,wikidata,2,True
ES,Spain,False,Monasterio de San Diego (Alcalá de Henares),,0,,Q66385795,wikidata,2,True
ES,Spain,False,National University of Distance Education,https://www.uned.es,0,,Q421739,wikidata,2,True
ES,Spain,False,"National University of Medical Sciences, Spain",https://www.numss.com,0,,Q134995875,wikidata,2,True
ES,Spain,False,Open University of Catalonia,https://www.uoc.edu,0,,Q3042433,wikidata,2,True
ES,Spain,False,Pablo de Olavide University,https://www.upo.es,0,,Q477988,wikidata,2,True
ES,Spain,False,Polytechnic University of Catalonia,https://www.upc.edu,0,,Q1640731,wikidata,2,True
ES,Spain,False,Pompeu Fabra University,https://www.upf.edu,0,,Q24543,wikidata,2,True
ES,Spain,False,Pontifical University of Salamanca,https://www.upsa.es,0,,Q179501,wikidata,2,True
ES,Spain,False,Public University of Navarre,https://www.unavarra.es,0,,Q3179598,wikidata,2,True
ES,Spain,False,Real Colegio Militar de Santiago de Compostela,,0,,Q126689922,wikidata,2,True
ES,Spain,False,Rovira i Virgili University,https://www.urv.cat,0,,Q3133193,wikidata,2,True
ES,Spain,False,Saint Louis University Madrid Campus,http://spain.slu.edu,0,,Q4116998,wikidata,2,True
ES,Spain,False,San Damaso Ecclesiastical University,https://www.sandamaso.es,0,,Q6156860,wikidata,2,True
ES,Spain,False,San Jorge University,https://www.usj.es,0,,Q2877633,wikidata,2,True
ES,Spain,False,School of Architecture and Technology in the San Jorge University,,0,,Q119084123,wikidata,2,True
ES,Spain,False,School of Art and Higher School of Design,https://www.idarte.eus,0,,Q136448828,wikidata,2,True
ES,Spain,False,"School of Engineering and Architecture, University of Zaragoza",https://eina.unizar.es,0,,Q2946157,wikidata,2,True
ES,Spain,False,Seminari Diocesa de Lleida,http://www.bisbatlleida.org/es/organismes-moviments/seminario-diocesano,0,,Q112668313,wikidata,2,True
ES,Spain,False,Seminari menor de Barcelona,,0,,Q16630140,wikidata,2,True
ES,Spain,False,Seminario Conciliar de la Inmaculada y San Dámaso,https://seminariomadrid.org,0,,Q131870238,wikidata,2,True
ES,Spain,False,Seminario Diocesano de San Miguel (Orihuela),,0,,Q6124746,wikidata,2,True
ES,Spain,False,Spanish Armed Forces Central Academy,,0,,Q27978670,wikidata,2,True
ES,Spain,False,Spanish Army Logistics Academy,,0,,Q5655832,wikidata,2,True
ES,Spain,False,Spanish Army Mountain and Special Operations Military School,,0,,Q19949933,wikidata,2,True
ES,Spain,False,Spanish Army Polytechnic School,http://www.ejercito.mde.es/unidades/Madrid/espol,0,,Q19949936,wikidata,2,True
ES,Spain,False,Studium Generale of Alcala,,0,,Q54933112,wikidata,2,True
ES,Spain,False,Studium Generale of Murcia,,0,,Q54933105,wikidata,2,True
ES,Spain,False,Studium Generale of Salamanca,,0,,Q54932562,wikidata,2,True
ES,Spain,False,Suffolk University Madrid Campus,,0,,Q14715871,wikidata,2,True
ES,Spain,False,Superior Singing School of Madrid,http://escm.es,0,,Q64851422,wikidata,2,True
ES,Spain,False,Technical University of Madrid,https://www.upm.es,0,,Q25864,wikidata,2,True
ES,Spain,False,Technical University of Valencia,https://www.upv.es,0,,Q2003976,wikidata,2,True
ES,Spain,False,Theological Institute of Compostela,https://www.itcdesantiago.org,0,,Q118875653,wikidata,2,True
ES,Spain,False,Universidad Americana de Europa,http://www.unade.mx,0,,Q30421748,wikidata,2,True
ES,Spain,False,Universidad Católica San Antonio de Murcia,https://www.ucam.edu,0,,Q2422685,wikidata,2,True
ES,Spain,False,Universidad Central,,0,,Q21705070,wikidata,2,True
ES,Spain,False,Universidad de Almagro,,0,,Q6156741,wikidata,2,True
ES,Spain,False,Universidad de Castilla-La Mancha,https://www.uclm.es,0,,Q941806,wikidata,2,True
ES,Spain,False,Universidad De Córdoba / Facultad de Filosofía Y Letras,,0,,Q24019047,wikidata,2,True
ES,Spain,False,Universidad De Córdoba / Facultad de Medicina,,0,,Q24019052,wikidata,2,True
ES,Spain,False,Universidad de Gandía,,0,,Q16644581,wikidata,2,True
ES,Spain,False,Universidad de San Antonio de Porta Coeli,,0,,Q6156811,wikidata,2,True
ES,Spain,False,Universidad de Vitoria,,0,,Q115793864,wikidata,2,True
ES,Spain,False,Universidad Europea,https://universidadeuropea.com,0,,Q21006795,wikidata,2,True
ES,Spain,False,Universidad Internacional de Andalucía,https://www.unia.es,0,,Q4894042,wikidata,2,True
ES,Spain,False,Universidad Internacional de la Empresa,https://www.universidadunie.com,0,,Q132765520,wikidata,2,True
ES,Spain,False,Universidad Internacional Menéndez Pelayo,https://www.uimp.es,0,,Q1442385,wikidata,2,True
ES,Spain,False,universidad laboral,https://www.universidadlaboraldemalaga.es,0,,Q131742874,wikidata,2,True
ES,Spain,False,Universidad Laboral de Albacete,,0,,Q42912731,wikidata,2,True
ES,Spain,False,Universidad Laboral de Alcalá de Henares,,0,,Q6156509,wikidata,2,True
ES,Spain,False,Universidad Laboral de Gijón,https://www.laboralciudaddelacultura.com,0,,Q5196648,wikidata,2,True
ES,Spain,False,Universidad Laboral Jose Antonio Primo de Rivera,,0,,Q29072755,wikidata,2,True
ES,Spain,False,Universidad Libre de Córdoba,,0,,Q5949092,wikidata,2,True
ES,Spain,False,Universidad Libre de Vitoria,,0,,Q114826768,wikidata,2,True
ES,Spain,False,Universidad Literaria de San Fernando,,0,,Q29389098,wikidata,2,True
ES,Spain,False,Universidad Politécnica de Canarias,,0,,Q6156632,wikidata,2,True
ES,Spain,False,Universidad Pontificia de Tarragona,,0,,Q107609893,wikidata,2,True
ES,Spain,False,Universidad Tecnológica Atlántico-Mediterráneo,https://utamed.es,0,,Q132603029,wikidata,2,True
ES,Spain,False,Universidad Villanueva,https://www.villanueva.edu,0,,Q63226588,wikidata,2,True
ES,Spain,False,University Camilo José Cela,https://www.ucjc.edu,0,,Q7894248,wikidata,2,True
ES,Spain,False,University CEU Cardenal Herrera,https://www.uchceu.es,0,,Q28368,wikidata,2,True
ES,Spain,False,University of A Coruña,https://www.udc.gal,0,,Q280305,wikidata,2,True
ES,Spain,False,University of Alcalá,https://www.uah.es,0,,Q1243904,wikidata,2,True
ES,Spain,False,University of Barcelona,https://web.ub.edu/web/ub,0,,Q219615,wikidata,2,True
ES,Spain,False,University of Burgos,https://www.ubu.es,0,,Q1510657,wikidata,2,True
ES,Spain,False,University of Cantabria,https://www.unican.es,0,,Q766962,wikidata,2,True
ES,Spain,False,University of Cádiz,https://www.uca.es,0,,Q2000065,wikidata,2,True
ES,Spain,False,University of Deusto,https://www.deusto.es,0,,Q1468481,wikidata,2,True
ES,Spain,False,University of Extremadura,https://www.unex.es,0,,Q729391,wikidata,2,True
ES,Spain,False,University of Extremadura - Badajoz Campus,,0,,Q40211067,wikidata,2,True
ES,Spain,False,University of Girona,https://www.udg.edu,0,,Q1814503,wikidata,2,True
ES,Spain,False,University of Granada,https://www.ugr.es,0,,Q1232180,wikidata,2,True
ES,Spain,False,University of Huelva,https://www.uhu.es,0,,Q478464,wikidata,2,True
ES,Spain,False,University of Jaén,https://www.ujaen.es,0,,Q573144,wikidata,2,True
ES,Spain,False,University of La Laguna,https://www.ull.es,0,,Q539881,wikidata,2,True
ES,Spain,False,University of La Rioja,https://www.unirioja.es,0,,Q120795,wikidata,2,True
ES,Spain,False,University of Las Palmas de Gran Canaria,https://www.english.ulpgc.es,0,,Q940302,wikidata,2,True
ES,Spain,False,University of León,https://www.unileon.es,0,,Q781108,wikidata,2,True
ES,Spain,False,University of Lleida,http://www.udl.cat/ca,0,,Q1235594,wikidata,2,True
ES,Spain,False,University of Madrid,,0,,Q584919,wikidata,2,True
ES,Spain,False,University of Mondragón,https://www.mondragon.edu,0,,Q2599486,wikidata,2,True
ES,Spain,False,University of Murcia,https://www.um.es,0,,Q1236345,wikidata,2,True
ES,Spain,False,University of Navarre,https://www.unav.edu,0,,Q926068,wikidata,2,True
ES,Spain,False,University of Oviedo,https://www.uniovi.es,0,,Q2303432,wikidata,2,True
ES,Spain,False,University of Salamanca,https://www.usal.es,0,,Q308963,wikidata,2,True
ES,Spain,False,University of Santiago de Compostela,https://www.usc.gal/en,0,,Q1473677,wikidata,2,True
ES,Spain,False,University of Seville,https://www.us.es,0,,Q1229996,wikidata,2,True
ES,Spain,False,University of Technology and Business,http://unitye.es,0,,Q26910836,wikidata,2,True
ES,Spain,False,University of the Balearic Islands,https://www.uib.cat,0,,Q1811146,wikidata,2,True
ES,Spain,False,University of the Basque Country Gipuzkoa Campus,,0,,Q54818537,wikidata,2,True
ES,Spain,False,University of Valencia,https://www.uv.es,0,,Q383568,wikidata,2,True
ES,Spain,False,University of Valladolid,https://www.uva.es,0,,Q768224,wikidata,2,True
ES,Spain,False,University of Vic - Central University of Catalonia,https://www.uvic-ucc.cat,0,,Q935460,wikidata,2,True
ES,Spain,False,University of Zaragoza,http://www.unizar.es/information-institution/university-information,0,,Q633561,wikidata,2,True
ES,Spain,False,University Ramon Llull,https://www.url.edu,0,,Q24576,wikidata,2,True
ES,Spain,False,"University School of Design, Innovation and Technology",https://udit.es,0,,Q16558738,wikidata,2,True
ES,Spain,False,Vigo University,https://www.uvigo.gal,0,,Q666916,wikidata,2,True
ES,Spain,False,Workers' University of Córdoba,,0,,Q8034758,wikidata,2,True
FI,Finland,True,University of Helsinki,https://www.helsinki.fi/,233364,I133731052,Q28695,openalex;wikidata,3,True
FI,Finland,True,University of Turku,https://www.utu.fi,100146,I155660961,Q501841,openalex;wikidata,3,True
FI,Finland,True,University of Oulu,https://www.oulu.fi,77353,I98381234,Q1357517,openalex;wikidata,3,True
FI,Finland,True,Aalto University,https://www.aalto.fi,68852,I9927081,Q300980,openalex;wikidata,3,True
FI,Finland,True,University of Eastern Finland,https://www.uef.fi,59846,I175532246,Q2093139,openalex;wikidata,3,True
FI,Finland,True,University of Jyväskylä,https://www.jyu.fi,58936,I94722563,Q578326,openalex;wikidata,3,True
FI,Finland,True,Tampere University,https://www.tuni.fi/en,52803,I166825849,Q56403399,openalex;wikidata,3,True
FI,Finland,True,University of Tampere,http://www.uta.fi/en/,51855,I4387153886,Q1544881,openalex;wikidata,3,True
FI,Finland,True,Åbo Akademi University,https://www.abo.fi,26678,I130217899,Q917874,openalex;wikidata,3,True
FI,Finland,True,Tampere University of Technology,http://www.tut.fi/en/,23015,I4387152565,Q277664,openalex;wikidata,3,True
FI,Finland,True,University of Vaasa,https://www.uwasa.fi,8332,I79765343,Q1724372,openalex;wikidata,3,True
FI,Finland,True,Tampere University of Applied Sciences,https://www.tamk.fi/web/tamk/etusivu,7121,I150589677,,openalex,2,True
FI,Finland,True,Turku University of Applied Sciences,https://www.turkuamk.fi/,6678,I16231767,,openalex,2,True
FI,Finland,True,Helsinki Metropolia University of Applied Sciences,https://www.metropolia.fi,5945,I121486552,,openalex,2,True
FI,Finland,True,University of Lapland,https://www.ulapland.fi,5633,I95220073,Q1742604,openalex;wikidata,3,True
FI,Finland,True,Hanken School of Economics,https://www.hanken.fi/,4181,I5085271,Q1558586,openalex;wikidata,3,True
FI,Finland,True,Oulu University of Applied Sciences,https://oamk.fi,4109,I63586086,,openalex,2,True
FI,Finland,True,Bank of Finland,https://www.suomenpankki.fi/en/,2442,I181188550,,openalex,2,True
FI,Finland,True,National Defence University,https://maanpuolustuskorkeakoulu.fi/etusivu,1208,I4210109212,Q3041652,openalex;wikidata,3,True
FI,Finland,True,South Eastern Finland University of Applied Sciences,https://www.xamk.fi,1151,I4210153522,,openalex,2,True
FI,Finland,True,University of the Arts Helsinki,https://www.uniarts.fi,989,I302099661,Q4352418,openalex;wikidata,3,True
FI,Finland,True,Lapland University of Applied Sciences,https://www.lapinamk.fi,929,I3131107225,,openalex,2,True
FI,Finland,True,Vaasa University of Applied Sciences,https://www.vamk.fi,732,I146978986,,openalex,2,True
FI,Finland,True,Sibelius Academy,http://www.uniarts.fi/siba,536,I4405265788,Q518851,openalex;wikidata,2,False
FI,Finland,True,Finland University,http://www.finuni.fi/,4,I4210107997,,openalex,2,True
FI,Finland,True,"Aalto University School of Arts, Design and Architecture",http://arts.aalto.fi/en,0,,Q2591673,wikidata,2,True
FI,Finland,True,Aalto University School of Engineering,http://eng.aalto.fi/en,0,,Q4661412,wikidata,2,True
FI,Finland,True,Actors Academy Finland,https://www.actorsacademy.fi,0,,Q141334428,wikidata,2,True
FI,Finland,True,Helsinki Polytechnic,,0,,Q131755283,wikidata,2,True
FI,Finland,True,Helsinki Summer University,https://hsky.fi,0,,Q18690517,wikidata,2,True
FI,Finland,True,Helsinki University of Technology,http://www.hut.fi,0,,Q1646874,wikidata,2,True
FI,Finland,True,Lappeenranta-Lahti University of Technology LUT,https://www.lut.fi,0,,Q1809949,wikidata,2,True
FI,Finland,True,Royal Academy of Turku,,0,,Q414481,wikidata,2,True
FI,Finland,True,Tampere College,,0,,Q7681760,wikidata,2,True
FI,Finland,True,Turku Summer University,http://www.turunkesayliopisto.fi,0,,Q26257099,wikidata,2,True
FO,Faroe Islands,False,University of the Faroe Islands,https://www.setur.fo,1535,I103146751,Q932353,openalex;wikidata,2,n/a
FR,France,True,Aix-Marseille Université,https://www.univ-amu.fr/,187547,I21491767,,openalex,1,n/a
FR,France,True,Sorbonne Université,https://www.sorbonne-universite.fr,184282,I39804081,,openalex,1,n/a
FR,France,True,Université Paris-Saclay,https://www.universite-paris-saclay.fr/,164108,I277688954,,openalex,1,n/a
FR,France,True,Université de Lorraine,https://www.univ-lorraine.fr,148660,I90183372,,openalex,1,n/a
FR,France,True,Université Pierre-et-Marie-Curie,,140552,I4405264447,,openalex,1,n/a
FR,France,True,Lyon 1 Université,https://www.univ-lyon1.fr,128291,I100532134,,openalex,1,n/a
FR,France,True,Université Grenoble Alpes,https://www.univ-grenoble-alpes.fr,124940,I899635006,,openalex,1,n/a
FR,France,True,Université de Lille,https://www.univ-lille.fr/home/,121386,I2279609970,,openalex,1,n/a
FR,France,True,Université Paris Cité,https://u-paris.fr,121325,I204730241,,openalex,1,n/a
FR,France,True,Université Paris-Sud,http://www.u-psud.fr/en/index.html,118044,I102197404,,openalex,1,n/a
FR,France,True,Université de Montpellier,https://umontpellier.fr,115643,I19894307,,openalex,1,n/a
FR,France,True,Université de Toulouse,https://www.univ-tlse3.fr,113022,I4405258862,,openalex,1,n/a
FR,France,True,Université de Bordeaux,https://www.u-bordeaux.fr,111977,I15057530,,openalex,1,n/a
FR,France,True,Université de Strasbourg,https://www.unistra.fr,107817,I68947357,,openalex,1,n/a
FR,France,True,Université Toulouse III - Paul Sabatier,http://www.univ-tlse3.fr/,101656,I134560555,,openalex,1,n/a
FR,France,True,Université Paris Diderot,http://www.univ-paris-diderot.fr/sc/site.php?bc=accueil&np=accueil,95378,I4387154366,,openalex,1,n/a
FR,France,True,Nantes Université,https://www.univ-nantes.fr/,94099,I97188460,,openalex,1,n/a
FR,France,True,Université de Rennes,https://www.univ-rennes.fr,84456,I56067802,,openalex,1,n/a
FR,France,True,Université Paris Descartes,https://www.univ-paris5.fr/eng,70323,I4387156284,,openalex,1,n/a
FR,France,True,Université Paris Sciences et Lettres,https://psl.eu,66122,I2746051580,,openalex,1,n/a
FR,France,True,École Polytechnique,https://www.polytechnique.edu/en,62482,I142476485,,openalex,1,n/a
FR,France,True,Université de Bourgogne,http://en.u-bourgogne.fr/,58624,I177064439,,openalex,1,n/a
FR,France,True,Université de Lyon,https://www.universite-lyon.fr,54283,I203339264,,openalex,1,n/a
FR,France,True,École Pratique des Hautes Études,https://www.ephe.psl.eu,51212,I159885104,Q273631,openalex;wikidata,2,n/a
FR,France,True,Université de Poitiers,https://www.univ-poitiers.fr/,49944,I32881790,,openalex,1,n/a
FR,France,True,Université Paris Nanterre,https://www.parisnanterre.fr,49336,I40434647,,openalex,1,n/a
FR,France,True,Université Paris 1 Panthéon-Sorbonne,https://www.pantheonsorbonne.fr,47778,I51101395,,openalex,1,n/a
FR,France,True,Université de Versailles Saint-Quentin-en-Yvelines,https://www.uvsq.fr,47259,I195731000,Q186638,openalex;wikidata,2,n/a
FR,France,True,Université Paris-Est Créteil,https://www.u-pec.fr,44934,I197681013,,openalex,1,n/a
FR,France,True,Université de Caen Normandie,https://www.unicaen.fr,43937,I98702875,,openalex,1,n/a
FR,France,True,Université de Nantes,,43835,I4405260337,,openalex,1,n/a
FR,France,True,École Normale Supérieure de Lyon,https://www.ens-lyon.fr/,43812,I113428412,,openalex,1,n/a
FR,France,True,Université Joseph Fourier,https://www.ujf-grenoble.fr/?language=en,43687,I177483745,,openalex,1,n/a
FR,France,True,Université Rennes 1,,42470,I4405258264,,openalex,1,n/a
FR,France,True,Institut polytechnique de Grenoble,https://www.grenoble-inp.fr/,41915,I106785703,,openalex,1,n/a
FR,France,True,Université Côte d'Azur,https://univ-cotedazur.fr/,41606,I201841394,,openalex,1,n/a
FR,France,True,Institut National des Sciences Appliquées de Lyon,https://www.insa-lyon.fr,39871,I48430043,,openalex,1,n/a
FR,France,True,Université de Tours,https://www.univ-tours.fr,39659,I110017253,,openalex,1,n/a
FR,France,True,Université Clermont Auvergne,https://www.uca.fr,39080,I198244214,,openalex,1,n/a
FR,France,True,Université de Rouen Normandie,https://www.univ-rouen.fr,38726,I62396329,,openalex,1,n/a
FR,France,True,Université Paris 8,https://www.univ-paris8.fr,37062,I48825208,,openalex,1,n/a
FR,France,True,Université Sorbonne Paris Nord,https://www.univ-spn.fr,36461,I4210091279,,openalex,1,n/a
FR,France,True,Université de Picardie Jules Verne,https://www.u-picardie.fr/,36287,I4647051,,openalex,1,n/a
FR,France,True,AgroParisTech,https://www.agroparistech.fr,35398,I22248866,,openalex,1,n/a
FR,France,True,Université de Bretagne Occidentale,https://www.univ-brest.fr,33546,I161929037,,openalex,1,n/a
FR,France,True,Université de Franche-Comté,http://www.univ-fcomte.fr/,32778,I90843659,,openalex,1,n/a
FR,France,True,École nationale des ponts et chaussées,https://ecoledesponts.fr,32682,I142631665,,openalex,1,n/a
FR,France,True,Université d'Angers,https://www.univ-angers.fr/,32348,I49451733,,openalex,1,n/a
FR,France,True,Université Savoie Mont Blanc,https://www.univ-smb.fr/,31472,I70900168,,openalex,1,n/a
FR,France,True,Collège de France,http://www.college-de-france.fr/site/college/index.htm,31021,I187986737,,openalex,1,n/a
FR,France,True,Université d'Orléans,https://www.univ-orleans.fr,30927,I12449238,,openalex,1,n/a
FR,France,True,Université de Limoges,https://www.unilim.fr,30161,I65806277,,openalex,1,n/a
FR,France,True,Institut Universitaire de France,http://iuf.amue.fr/,30073,I185839726,,openalex,1,n/a
FR,France,True,Université de Reims Champagne-Ardenne,https://www.univ-reims.fr,28592,I96226040,,openalex,1,n/a
FR,France,True,Université Nice Sophia Antipolis,http://unice.fr/,26271,I4387154757,,openalex,1,n/a
FR,France,True,Université Paul-Valéry Montpellier,https://www.univ-montp3.fr/,26221,I208215962,,openalex,1,n/a
FR,France,True,Université Toulouse - Jean Jaurès,https://www.univ-tlse2.fr/,25851,I4210152422,,openalex,1,n/a
FR,France,True,Université de Pau et des Pays de l'Adour,https://www.univ-pau.fr/,25211,I144889574,,openalex,1,n/a
FR,France,True,Université Blaise Pascal,,23813,I4405258658,,openalex,1,n/a
FR,France,True,Université Sorbonne Nouvelle,http://www.univ-paris3.fr/,23651,I182627622,,openalex,1,n/a
FR,France,True,Institut National Polytechnique de Toulouse,https://www.inp-toulouse.fr/,22267,I205747304,,openalex,1,n/a
FR,France,True,Université Bourgogne Franche-Comté,https://www.ubfc.fr,22045,I4210118524,,openalex,1,n/a
FR,France,True,Université Lumière Lyon 2,http://www.univ-lyon2.fr/,21223,I188626449,,openalex,1,n/a
FR,France,True,Arts et Métiers,https://artsetmetiers.fr,21176,I190861549,,openalex,1,n/a
FR,France,True,École Nationale Supérieure des Mines de Paris,https://minesparis.psl.eu,20430,I70768539,,openalex,1,n/a
FR,France,True,Institut Polytechnique de Paris,https://www.ip-paris.fr,18558,I4210145102,,openalex,1,n/a
FR,France,True,Université Paris Dauphine-PSL,https://dauphine.psl.eu,18421,I56435720,,openalex,1,n/a
FR,France,True,Institut Agro Montpellier,https://www.institut-agro-montpellier.fr,18014,I24906876,,openalex,1,n/a
FR,France,True,Paris-Sorbonne University,,17853,I4405264515,,openalex,1,n/a
FR,France,True,Le Mans Université,https://www.univ-lemans.fr,17335,I4210108471,Q834825,openalex;wikidata,2,n/a
FR,France,True,Université Jean Moulin Lyon III,https://www.univ-lyon3.fr/,17315,I874609350,,openalex,1,n/a
FR,France,True,Institut National des Sciences Appliquées de Toulouse,https://www.insa-toulouse.fr,17179,I196454796,,openalex,1,n/a
FR,France,True,Université de Perpignan,https://www.univ-perp.fr/,16981,I151295451,,openalex,1,n/a
FR,France,True,Université de Bretagne Occidentale,https://www.univ-brest.fr,16609,I4405260085,Q1857334,openalex;wikidata,2,n/a
FR,France,True,Télécom Paris,https://www.telecom-paris.fr,16529,I12356871,,openalex,1,n/a
FR,France,True,École Normale Supérieure Paris-Saclay,https://ens-paris-saclay.fr/,16404,I11559806,,openalex,1,n/a
FR,France,True,Université Rennes 2,http://www.univ-rennes2.fr/,16318,I3124938446,,openalex,1,n/a
FR,France,True,Université Jean Monnet,http://portail.univ-st-etienne.fr/,16164,I86767153,,openalex,1,n/a
FR,France,True,Université Gustave Eiffel,https://www.univ-gustave-eiffel.fr/,16067,I4210154111,,openalex,1,n/a
FR,France,True,Université de Haute-Alsace,https://www.uha.fr,15818,I2800745255,,openalex,1,n/a
FR,France,True,Université Bordeaux Montaigne,https://www.u-bordeaux-montaigne.fr/,15788,I3130945570,,openalex,1,n/a
FR,France,True,Université Bordeaux Segalen,http://www.univ-bordeauxsegalen.fr,15762,I4405256745,,openalex,1,n/a
FR,France,True,Université Lille 1,http://www.univ-lille1.fr/,15581,I4387154560,,openalex,1,n/a
FR,France,True,Université de Toulon,https://www.univ-tln.fr/,15430,I143002897,,openalex,1,n/a
FR,France,True,Université de Technologie de Compiègne,https://www.utc.fr,15334,I102516824,,openalex,1,n/a
FR,France,True,Université Jean Monnet,https://www.univ-st-etienne.fr,15228,I4405259976,,openalex,1,n/a
FR,France,True,ESPCI Paris,https://www.espci.psl.eu,15140,I98910050,,openalex,1,n/a
FR,France,True,École Centrale de Lyon,https://www.ec-lyon.fr,14625,I112936343,,openalex,1,n/a
FR,France,True,Université Henri Poincaré,,14345,I4405264217,,openalex,1,n/a
FR,France,True,Université de Provence Aix-Marseille I,,13873,I4405265080,,openalex,1,n/a
FR,France,True,Centrale Lille Institut,https://centralelille.fr,13385,I7454413,,openalex,1,n/a
FR,France,True,École Nationale Supérieure de Chimie de Montpellier,https://www.enscm.fr,13199,I11935315,,openalex,1,n/a
FR,France,True,Supélec,http://www.supelec.fr/,13046,I102475099,,openalex,1,n/a
FR,France,True,Université de Cergy-Pontoise,http://www.u-cergy.fr/en/index.html,12352,I4387155829,,openalex,1,n/a
FR,France,True,Université d'Artois,https://www.univ-artois.fr,12306,I44563897,,openalex,1,n/a
FR,France,True,Normandie Université,https://www.normandie-univ.fr/,12099,I4210105918,,openalex,1,n/a
FR,France,True,La Rochelle Université,https://www.univ-larochelle.fr,11748,I78744979,,openalex,1,n/a
FR,France,True,Institut Agro Rennes-Angers,https://www.institut-agro-rennes-angers.fr,11500,I2800285241,,openalex,1,n/a
FR,France,True,Université Lille Nord de France,http://www.cue-lillenorddefrance.fr/,11108,I59807433,,openalex,1,n/a
FR,France,True,Université Panthéon-Assas,,11102,I4405261580,,openalex,1,n/a
FR,France,True,Chimie ParisTech - PSL,https://www.chimieparistech.psl.eu,10790,I149758196,,openalex,1,n/a
FR,France,True,Mines Saint-Étienne,https://www.mines-stetienne.fr,10665,I3019848993,,openalex,1,n/a
FR,France,True,Université Paris-Panthéon-Assas,https://www.assas-universite.fr,10578,I117841876,,openalex,1,n/a
FR,France,True,Université d'Évry Val-d'Essonne,https://www.univ-evry.fr/,10215,I88467170,,openalex,1,n/a
FR,France,True,Institut Polytechnique de Bordeaux,https://www.bordeaux-inp.fr/en,10065,I4210160189,Q3152470,openalex;wikidata,2,n/a
FR,France,True,Modèles et simulations pour l'Architecture et le Patrimoine,https://www.map.cnrs.fr,10016,I4401200363,,openalex,1,n/a
FR,France,True,ParisTech,https://paristech.fr/,9863,I190752583,,openalex,1,n/a
FR,France,True,Université du littoral côte d'opale,https://www.univ-littoral.fr/,9827,I2802487185,,openalex,1,n/a
FR,France,True,École Nationale Supérieure d'Ingénieurs de Caen,https://www.ensicaen.fr,9784,I194210350,,openalex,1,n/a
FR,France,True,École Centrale de Nantes,https://www.ec-nantes.fr/,9667,I100445878,,openalex,1,n/a
FR,France,True,Université Paul Verlaine - Metz,,9452,I4405264049,,openalex,1,n/a
FR,France,True,Centrale Méditerranée,https://www.centrale-mediterranee.fr,9335,I4210142724,,openalex,1,n/a
FR,France,True,IMT Atlantique,https://www.imt-atlantique.fr/,9257,I4210127572,,openalex,1,n/a
FR,France,True,Paris School of Economics,https://www.parisschoolofeconomics.eu,9217,I57995698,,openalex,1,n/a
FR,France,True,Oniris,https://www.oniris-nantes.fr/,9191,I4210157468,,openalex,1,n/a
FR,France,True,Université Polytechnique Hauts-de-France,https://www.uphf.fr,9034,I70348806,,openalex,1,n/a
FR,France,True,Université Paris-Est Marne-la-Vallée,http://www.u-pem.fr/,8973,I4387154463,,openalex,1,n/a
FR,France,True,Pôle de recherche et d'enseignement supérieur Université Paris-Est,,8965,I4405278519,,openalex,1,n/a
FR,France,True,Institut National des Sciences Appliquées Rouen Normandie,https://www.insa-rouen.fr,8889,I88814501,,openalex,1,n/a
FR,France,True,Institut catholique de paris,https://www.icp.fr,8820,I899923371,,openalex,1,n/a
FR,France,True,Université d'Avignon et des Pays de Vaucluse,https://univ-avignon.fr/,8511,I198415970,,openalex,1,n/a
FR,France,True,École des Hautes Études en Santé Publique,https://www.ehesp.fr,8467,I165283593,,openalex,1,n/a
FR,France,True,CY Cergy Paris Université,https://www.cyu.fr,8449,I4210142324,,openalex,1,n/a
FR,France,True,École Nationale Vétérinaire de Toulouse,https://envt.fr,8337,I176063091,,openalex,1,n/a
FR,France,True,INSEAD,http://www.insead.edu/home/,8039,I102272798,,openalex,1,n/a
FR,France,True,Université de Valenciennes et du Hainaut-Cambrésis,,7956,I4405259199,,openalex,1,n/a
FR,France,True,Université de Bretagne Sud,https://www.univ-ubs.fr/,7784,I2802204017,,openalex,1,n/a
FR,France,True,Université de technologie de belfort-montbéliard,https://www.utbm.fr,7541,I37553959,Q2399264,openalex;wikidata,2,n/a
FR,France,True,Université de Technologie de Troyes,https://www.utt.fr,7521,I140494188,,openalex,1,n/a
FR,France,True,Institut National des Sciences Appliquées de Rennes,https://www.insa-rennes.fr,7429,I28221208,,openalex,1,n/a
FR,France,True,VetAgro Sup,https://www.vetagro-sup.fr/,7332,I4210104684,,openalex,1,n/a
FR,France,True,Université Toulouse-I-Capitole,http://www.ut-capitole.fr/,7278,I3131550300,,openalex,1,n/a
FR,France,True,École Nationale Vétérinaire d'Alfort,https://www.vet-alfort.fr/,7274,I17606148,,openalex,1,n/a
FR,France,True,École Centrale Paris,http://www.ecp.fr/,7209,I216852786,,openalex,1,n/a
FR,France,True,Université Catholique de Lille,https://www.univ-catholille.fr,7195,I181827316,,openalex,1,n/a
FR,France,True,École Nationale Supérieure de Techniques Avancées,https://www.ensta.fr/,7089,I201181511,,openalex,1,n/a
FR,France,True,Toulouse School of Economics,https://www.tse-fr.eu/,6590,I4210092408,Q3532921,openalex;wikidata,2,n/a
FR,France,True,Université Le Havre Normandie,https://www.univ-lehavre.fr/,6567,I141576021,,openalex,1,n/a
FR,France,True,Institut National des Langues et Civilisations Orientales,https://inalco.fr,6527,I162346809,Q1430113,openalex;wikidata,2,n/a
FR,France,True,Télécom SudParis,https://www.telecom-sudparis.eu,6385,I4387153010,,openalex,1,n/a
FR,France,True,Université de Clermont I,,6364,I4405259134,,openalex,1,n/a
FR,France,True,Institut Supérieur de l'Aéronautique et de l'Espace (ISAE-SUPAERO),https://www.isae-supaero.fr,6333,I193033237,,openalex,1,n/a
FR,France,True,HEC Paris,https://www.hec.edu,6325,I83860666,,openalex,1,n/a
FR,France,True,Paris-Est Sup,https://www.paris-est-sup.fr,6236,I2800365227,,openalex,1,n/a
FR,France,True,Charles de Gaulle Université de Lille III,https://www.univ-lille3.fr/,5960,I4387155307,,openalex,1,n/a
FR,France,True,EURECOM,https://www.eurecom.fr,5818,I1902872,,openalex,1,n/a
FR,France,True,École Nationale des Travaux Publics de l'État,https://www.entpe.fr,5708,I4210166914,,openalex,1,n/a
FR,France,True,Établissement public Campus Condorcet,https://www.campus-condorcet.fr,5091,I4387153491,,openalex,1,n/a
FR,France,True,IMT Nord Europe,https://imt-nord-europe.fr,4878,I4210133642,,openalex,1,n/a
FR,France,True,École de management de Lyon,https://em-lyon.com,4801,I51195161,,openalex,1,n/a
FR,France,True,Kedge Business School,https://www.kedge.edu,4738,I51205905,,openalex,1,n/a
FR,France,True,Université Aix-Marseille-III,,4623,I4405264346,,openalex,1,n/a
FR,France,True,Université Européenne de Bretagne,http://www.ueb.eu/versionAnglaiseV2/,4458,I126425946,,openalex,1,n/a
FR,France,True,Audencia Business School,https://www.audencia.com,4314,I161463649,,openalex,1,n/a
FR,France,True,IMT Mines Alès,https://www.imt-mines-ales.fr,4297,I4210127738,,openalex,1,n/a
FR,France,True,Université Toulouse Capitole,https://www.ut-capitole.fr,4265,I4405259414,,openalex,1,n/a
FR,France,True,Grenoble Ecole de Management,https://www.grenoble-em.com/,4126,I68666633,,openalex,1,n/a
FR,France,True,École Nationale Supérieure de Techniques Avancées Paris,https://www.ensta-paris.fr,4069,I4405258625,,openalex,1,n/a
FR,France,True,École nationale supérieure de techniques avancées Bretagne,http://www.ensta-bretagne.eu/,3950,I4210148559,,openalex,1,n/a
FR,France,True,"École Nationale Supérieure d'Électrotechnique, d'Électronique, d'Informatique, d'Hydraulique et des Télécommunications",https://www.enseeiht.fr,3909,I4387153255,,openalex,1,n/a
FR,France,True,École Nationale de l’Aviation Civile,http://www.enac.fr/,3881,I100296615,,openalex,1,n/a
FR,France,True,NEOMA Business School,https://neoma-bs.com/,3827,I1289910757,,openalex,1,n/a
FR,France,True,Communauté Université Grenoble Alpes,,3807,I4392738279,,openalex,1,n/a
FR,France,True,Télécom Bretagne,,3788,I4405264186,,openalex,1,n/a
FR,France,True,École d'Ingénieurs en Chimie et Sciences du Numérique,https://www.cpe.fr/,3767,I59692284,,openalex,1,n/a
FR,France,True,L'Institut Agro,https://www.institut-agro.fr/,3733,I4399657933,,openalex,1,n/a
FR,France,True,École nationale supérieure des Mines de Nantes,,3675,I4405265706,,openalex,1,n/a
FR,France,True,Institut d'Economie Scientifique Et de Gestion,https://www.ieseg.fr,3657,I4210148300,,openalex,1,n/a
FR,France,True,Sciences Po Bordeaux,https://www.sciencespobordeaux.fr,3635,I139506611,,openalex,1,n/a
FR,France,True,École Nationale Supérieure de Chimie de Rennes,https://www.ensc-rennes.fr/,3505,I4210115835,Q3578223,openalex;wikidata,2,n/a
FR,France,True,Ecole des Hautes Etudes Commerciales du Nord,https://www.edhec.edu/,3499,I90326151,,openalex,1,n/a
FR,France,True,SKEMA Business School,https://www.skema.edu/,3466,I181418319,,openalex,1,n/a
FR,France,True,École Nationale Supérieure de Chimie de Lille,https://www.ensc-lille.fr,3425,I137614889,,openalex,1,n/a
FR,France,True,Montpellier Business School,https://www.mbs-education.com/,3408,I4210131537,,openalex,1,n/a
FR,France,True,Université catholique de l'ouest,https://www.uco.fr/,3401,I32956416,,openalex,1,n/a
FR,France,True,EM Normandie Business School,https://www.em-normandie.com,3391,I4387153298,,openalex,1,n/a
FR,France,True,Pôle de recherche et d'enseignement supérieur Université de Grenoble,,3328,I4405281311,,openalex,1,n/a
FR,France,True,Université de Corse Pascal Paoli,https://www.universita.corsica,3312,I138816502,,openalex,1,n/a
FR,France,True,Université Bourgogne Europe,https://www.ube.fr,3270,I4405253280,,openalex,1,n/a
FR,France,True,Université de Nîmes,https://www.unimes.fr,3232,I66456633,,openalex,1,n/a
FR,France,True,Université Pierre Mendès France,http://www.upmf-grenoble.fr/en/choose-the-upmf-grenoble-181903.htm,3215,I118618916,,openalex,1,n/a
FR,France,True,École Nationale des Chartes,http://www.enc-sorbonne.fr/en,3208,I4210100316,,openalex,1,n/a
FR,France,True,Institut d’Optique Graduate School,https://www.institutoptique.fr,3153,I4210091746,,openalex,1,n/a
FR,France,True,Université de Montpellier Paul-Valéry,https://www.univ-montp3.fr,3055,I4405261681,,openalex,1,n/a
FR,France,True,Instituts Universitaires de Technologie,https://www.iut.fr,3005,I4210127465,,openalex,1,n/a
FR,France,True,Université Marie et Louis Pasteur,https://www.umlp.fr,2995,I4405256580,,openalex,1,n/a
FR,France,True,Communauté d'universités et d'établissements Université Côte d'Azur,,2994,I4405281254,Q112862651,openalex;wikidata,2,n/a
FR,France,True,Université Nantes Angers Le Mans,http://www.lunam.fr,2842,I234216984,,openalex,1,n/a
FR,France,True,École Nationale Supérieure des Sciences Agronomiques de Bordeaux-Aquitaine,https://www.agro-bordeaux.fr,2831,I4210091158,,openalex,1,n/a
FR,France,True,École des Mines de Douai,http://www2.mines-douai.fr/en,2830,I160727737,,openalex,1,n/a
FR,France,True,École Nationale Supérieure de l'Électronique et de ses Applications,https://www.ensea.fr,2816,I86175216,,openalex,1,n/a
FR,France,True,"Laboratoire Arts et pratiques du texte, de l’image, de l’écran et de la scène",https://litt-arts.univ-grenoble-alpes.fr,2738,I4399598413,,openalex,1,n/a
FR,France,True,Université de la Méditerranée Aix-Marseille II,,2689,I4405264361,,openalex,1,n/a
FR,France,True,JUNIA,https://www.junia.com,2688,I4210116330,,openalex,1,n/a
FR,France,True,IMT Mines Albi,https://www.imt-mines-albi.fr,2655,I4210091876,,openalex,1,n/a
FR,France,True,IPAG Business School,http://www.ipag.fr/en/,2648,I4210099530,,openalex,1,n/a
FR,France,True,ESIEE Paris,https://www.esiee.fr,2642,I4387154752,,openalex,1,n/a
FR,France,True,ESCP Business School,https://escp.eu/,2602,I4210149577,,openalex,1,n/a
FR,France,True,Institut National des Sciences Appliquées Centre Val de Loire,http://www.insa-centrevaldeloire.fr/en/,2473,I4210143826,,openalex,1,n/a
FR,France,True,École Nationale Supérieure Agronomique de Toulouse,https://www.ensat.fr,2470,I4210131653,,openalex,1,n/a
FR,France,True,École Nationale Supérieure des Mines de Nancy,http://www.mines-nancy.univ-lorraine.fr/,2470,I9769675,,openalex,1,n/a
FR,France,True,HESAM Université,https://www.hesam.eu/,2448,I4210134562,,openalex,1,n/a
FR,France,True,École Nationale Supérieure de Mécanique et des Microtechniques,https://www.supmicrotech.fr,2343,I53262699,,openalex,1,n/a
FR,France,True,Métis-Lab,https://www.em-normandie.com/le-corps-professoral/la-recherche-lem-normandie/le-laboratoire-metis,2341,I4405260441,,openalex,1,n/a
FR,France,True,ESSCA School of Management,http://www.essca.fr/en/,2319,I91720666,,openalex,1,n/a
FR,France,True,Université Stendhal – Grenoble 3,http://www.u-grenoble3.fr/,2316,I36085230,,openalex,1,n/a
FR,France,True,École Supérieure de Commerce de Rennes,https://www.rennes-sb.fr,2309,I92834545,,openalex,1,n/a
FR,France,True,ENSAE Paris,https://www.ensae.fr,2306,I84009706,,openalex,1,n/a
FR,France,True,Excelia Business School,https://www.excelia-group.com,2304,I4210142311,,openalex,1,n/a
FR,France,True,Université Nancy-II,,2303,I4405264304,,openalex,1,n/a
FR,France,True,Télécom Lille,,2275,I4405264022,,openalex,1,n/a
FR,France,True,Académie Nationale de Médecine,http://www.academie-medecine.fr/,2244,I4210103120,,openalex,1,n/a
FR,France,True,Pôle Léonard de Vinci,https://www.devinci.fr,2179,I4210121459,,openalex,1,n/a
FR,France,True,École Navale,http://www.ecole-navale.fr/,2151,I183158303,,openalex,1,n/a
FR,France,True,Institut National des Sciences Appliquées de Strasbourg,https://www.insa-strasbourg.fr,2147,I2801509770,,openalex,1,n/a
FR,France,True,UniLaSalle,https://www.unilasalle.fr,2147,I4210156868,,openalex,1,n/a
FR,France,True,TBS Education,https://www.tbs-education.com,2111,I129162050,,openalex,1,n/a
FR,France,True,École Française d'Extrême-Orient,http://www.efeo.fr/index.php?l=EN,2107,I4210092825,,openalex,1,n/a
FR,France,True,IAE Paris - Sorbonne Business School,http://www.iae-paris.com,2101,I4405259155,,openalex,1,n/a
FR,France,True,Clermont Auvergne INP,https://www.clermont-auvergne-inp.fr,2080,I4387154249,,openalex,1,n/a
FR,France,True,Institut Mines-Télécom Business School,https://imt-bs.eu,2074,I4387153326,,openalex,1,n/a
FR,France,True,ICN Business School Nancy-Paris-Berlin,https://www.icn-artem.com,2044,I4400600934,,openalex,1,n/a
FR,France,True,Sigma Clermont,https://www.sigma-clermont.fr/,1970,I4210123221,,openalex,1,n/a
FR,France,True,Institut Agronomique Méditerranéen de Montpellier,http://www.iamm.ciheam.org/,1835,I4210090488,,openalex,1,n/a
FR,France,True,Institut de Recherche et Coordination Acoustique Musique,http://www.ircam.fr/,1827,I35345632,,openalex,1,n/a
FR,France,True,Université Fédérale de Toulouse Midi-Pyrénées,https://www.univ-toulouse.fr,1820,I17866349,,openalex,1,n/a
FR,France,True,Institut Terre & Environnement de Strasbourg,https://ites.unistra.fr/,1787,I4387152652,,openalex,1,n/a
FR,France,True,Institut National Universitaire Jean-François Champollion,https://www.univ-jfc.fr,1760,I4210126056,,openalex,1,n/a
FR,France,True,Paris School of Business,https://www.psbedu.paris/fr,1754,I2802331213,,openalex,1,n/a
FR,France,True,Institut Supérieur de l'Électronique et du Numérique,http://www.isen.fr/,1723,I3132279224,,openalex,1,n/a
FR,France,True,Ecole Nationale du Génie de l'Eau et de l'Environnement de Strasbourg (ENGEES),https://engees.unistra.fr,1700,I4210120727,,openalex,1,n/a
FR,France,True,Université catholique de lyon,https://www.ucly.fr/,1583,I1287193074,,openalex,1,n/a
FR,France,True,Institut National Polytechnique de Lorraine,http://www.lorraine-inp.fr,1567,I4400573212,,openalex,1,n/a
FR,France,True,École Nationale Supérieure d'Architecture de Grenoble,https://www.grenoble.archi.fr,1546,I4210113225,,openalex,1,n/a
FR,France,True,École Normale Supérieure de Rennes,https://www.ens-rennes.fr,1546,I4210146044,,openalex,1,n/a
FR,France,True,"ESC Dijon Bourgogne, École supérieure de commerce de Dijon-Bourgogne",https://www.bsb-education.com,1535,I4387155239,,openalex,1,n/a
FR,France,True,École Nationale Supérieure des Arts et Industries Textiles,https://www.ensait.fr,1530,I72139825,,openalex,1,n/a
FR,France,True,Centre de recherche droit Dauphine,https://cr2d.dauphine.fr,1504,I4394709284,,openalex,1,n/a
FR,France,True,"École Nationale Supérieure de Chimie, de Biologie et de Physique",https://enscbp.bordeaux-inp.fr,1501,I4210158632,,openalex,1,n/a
FR,France,True,Centrale Lyon ENISE,https://enise.ec-lyon.fr,1488,I154490720,,openalex,1,n/a
FR,France,True,Institut national des télécommunications,,1444,I4405280109,,openalex,1,n/a
FR,France,True,Ecole d'Ingénieurs de PURPAN,https://www.purpan.fr/,1421,I4210089154,,openalex,1,n/a
FR,France,True,École Supérieure des Technologies Industrielles Avancées,https://www.estia.fr,1417,I4210089347,,openalex,1,n/a
FR,France,True,Institut Supérieur d'Agriculture Rhône-Alpes,http://www.isara.fr/,1366,I4210147398,,openalex,1,n/a
FR,France,True,École Nationale Supérieure d'Architecture de Nantes,http://www.nantes.archi.fr/,1360,I4210107693,,openalex,1,n/a
FR,France,True,"Interfaces, Confinement, Matériaux et Nanostructures",http://www.icmn.cnrs-orleans.fr/?lang=fr,1356,I4210090075,,openalex,1,n/a
FR,France,True,École Nationale Supérieure d'Architecture de Paris-La Villette,http://www.paris-lavillette.archi.fr/,1351,I4210144264,,openalex,1,n/a
FR,France,True,École nationale d'ingénieurs de Brest,https://www.enib.fr,1326,I180375564,,openalex,1,n/a
FR,France,True,Sciences Po Lyon,https://www.sciencespo-lyon.fr/accueil,1324,I4210123735,,openalex,1,n/a
FR,France,True,Académie de Montpellier,http://www.ac-montpellier.fr/,1258,I4210126944,,openalex,1,n/a
FR,France,True,École Nationale d'Ingénieurs de Tarbes,https://www.enit.fr,1241,I119865316,,openalex,1,n/a
FR,France,True,Institut Supérieur d'Électronique de Paris,http://en.isep.fr/,1239,I122941322,Q3152556,openalex;wikidata,2,n/a
FR,France,True,Nîmes Université,https://www.unimes.fr,1234,I4405261603,,openalex,1,n/a
FR,France,True,Systèmes Moléculaires et nanoMatériaux pour l'Énergie et la Santé,https://www.symmes.fr,1230,I4400600907,,openalex,1,n/a
FR,France,True,École Supérieure d'Électronique de l'Ouest,https://eseo.fr/en/,1227,I4210149659,,openalex,1,n/a
FR,France,True,Institute for Advanced Study in Toulouse,https://www.iast.fr/,1207,I4210139217,,openalex,1,n/a
FR,France,True,Institut polytechnique LaSalle Beauvais,,1179,I4405263913,,openalex,1,n/a
FR,France,True,École supérieure des agricultures,https://www.groupe-esa.com,1173,I4210125423,,openalex,1,n/a
FR,France,True,INSA Hauts-de-France,https://www.insa-hautsdefrance.fr,1169,I4387154098,Q67212715,openalex;wikidata,2,n/a
FR,France,True,École Nationale d'Ingénieurs de Metz,https://www.enim.fr,1130,I4210150706,,openalex,1,n/a
FR,France,True,École Supérieure des Techniques Aéronautiques et de Construction Automobile,https://www.estaca.fr/,1119,I4210118719,,openalex,1,n/a
FR,France,True,American University of Paris,https://www.aup.edu/,1113,I24240610,Q2716043,openalex;wikidata,2,n/a
FR,France,True,Institut Universitaire de Recherche Clinique,http://www.iurc.montp.inserm.fr/,1112,I4210143169,,openalex,1,n/a
FR,France,True,EM Strasbourg Business School,https://www.em-strasbourg.com,1099,I38631343,,openalex,1,n/a
FR,France,True,Georgia Tech-Europe,https://europe.gatech.edu,1087,I1288283403,,openalex,1,n/a
FR,France,True,École du Louvre,http://www.ecoledulouvre.fr/en,1083,I268923629,,openalex,1,n/a
FR,France,True,Académie de Grenoble,http://www.ac-grenoble.fr/admin/spip/index.php,1050,I4210152067,,openalex,1,n/a
FR,France,True,École Nationale Supérieure d'Architecture de Versailles,https://www.versailles.archi.fr/fr,1041,I4210118682,,openalex,1,n/a
FR,France,True,École Nationale Supérieure des Ingénieurs en Arts Chimiques et Technologiques,https://www.ensiacet.fr,1034,I4210097961,,openalex,1,n/a
FR,France,True,École Supérieure de Biotechnologie de Strasbourg,https://esbs.unistra.fr/en/,1017,I4210143948,,openalex,1,n/a
FR,France,True,Centre d'Etudes Superieures Industrielles,http://www.cesi.fr/,995,I4210155362,,openalex,1,n/a
FR,France,True,École Nationale Supérieure de Céramique Industrielle,http://www.ensci.fr/en/,992,I4210101020,,openalex,1,n/a
FR,France,True,Université Bretagne Loire,https://dircom.univ-rennes1.fr/UBL/,989,I4210149833,,openalex,1,n/a
FR,France,True,"Laboratoire Identité Culturelle, Textes et Théâtralité",https://ictt.univ-avignon.fr,979,I4405267254,,openalex,1,n/a
FR,France,True,Académie de Paris,https://www.ac-paris.fr/,978,I4210103433,,openalex,1,n/a
FR,France,True,École Nationale des Greffes,http://www.eng.justice.fr/index.php,968,I4210107680,,openalex,1,n/a
FR,France,True,École Pour l'Informatique et les Techniques Avancées,http://www.epita.fr/international/,964,I4210138808,,openalex,1,n/a
FR,France,True,Institut catholique de toulouse,https://www.ict-toulouse.fr/,961,I4210104245,,openalex,1,n/a
FR,France,True,"Le Laboratoire des sciences Juridiques, Politique, Économiques et de Gestion",https://univ-avignon.fr/laboratoire/laboratoires-en-sciences-humaines-et-sociales/upr-3788-jpeg-laboratoire-sciences-juridiques-politique-economiques-gestion,949,I4405268077,,openalex,1,n/a
FR,France,True,Observatoire des Sciences de l'Univers de Grenoble,https://www.osug.fr,945,I4387154391,,openalex,1,n/a
FR,France,True,École Supérieure d'Ingénieurs en Génie Électrique,https://esigelec.fr,945,I2802505300,,openalex,1,n/a
FR,France,True,École Nationale Supérieure d'Architecture et de Paysage de Bordeaux,http://www.bordeaux.archi.fr/,937,I4210163718,,openalex,1,n/a
FR,France,True,Nutrition Metabolism Aquaculture,https://eng-aquapole.bordeaux-aquitaine.hub.inrae.fr/umr-numea,933,I4210112248,,openalex,1,n/a
FR,France,True,École Centrale d'Électronique,https://www.ece.fr/,931,I4210116658,,openalex,1,n/a
FR,France,True,Hautes Études d'Ingénieur,http://www.hei.fr/,905,I3132096951,,openalex,1,n/a
FR,France,True,École Supérieure de Chimie Organique et Minérale,https://www.escom.fr/,900,I4210117656,,openalex,1,n/a
FR,France,True,École Nationale Supérieure de Formation de l’Enseignement Agricole,http://www.ensfea.fr/,888,I4210128193,,openalex,1,n/a
FR,France,True,Facultés Loyola Paris,https://www.loyolaparis.fr,870,I4387156338,,openalex,1,n/a
FR,France,True,Laboratoire de Sciences de la Terre,http://sciencesdelaterre.ens-lyon.fr/,853,I4210147046,,openalex,1,n/a
FR,France,True,École nationale supérieure des sciences de l'information et des bibliothèques,https://www.enssib.fr,851,I4210164885,Q2791269,openalex;wikidata,2,n/a
FR,France,True,Université Paris Lumières,https://www.u-plum.fr/,849,I4210124654,,openalex,1,n/a
FR,France,True,CIEP,http://www.ciep.fr/,835,I4210108912,,openalex,1,n/a
FR,France,True,École Nationale Supérieure d’Informatique pour l’Industrie et l’Entreprise,https://www.ensiie.fr,813,I4210097372,,openalex,1,n/a
FR,France,True,International Space University,http://www.isunet.edu/,805,I10342815,Q766034,openalex;wikidata,2,n/a
FR,France,True,Institut de Recherche et de Documentation en Économie de la Santé,https://www.irdes.fr/,802,I4210092427,,openalex,1,n/a
FR,France,True,École Nationale Supérieure d'Architecture Montpellier,https://www.montpellier.archi.fr,801,I4210088993,,openalex,1,n/a
FR,France,True,Polytech Lille,https://www.polytech-lille.fr,788,I4210154774,,openalex,1,n/a
FR,France,True,Biologie et Ecologie des Ecosystèmes Marins Profonds,https://www.umr-beep.fr,787,I4405260823,,openalex,1,n/a
FR,France,True,INSEEC School of Business and Economics,https://www.inseec.com,773,I4405259898,,openalex,1,n/a
FR,France,True,Institut supérieur du commerce de Paris,https://iscparis.com,760,I4405258044,,openalex,1,n/a
FR,France,True,EDC Paris Business School,http://www.edcparis.edu,758,I4405260284,,openalex,1,n/a
FR,France,True,Ecole Supérieure de Commerce de Rouen,,756,I4405265144,,openalex,1,n/a
FR,France,True,École Nationale Supérieure d'Architecture Paris-Val de Seine,https://www.paris-valdeseine.archi.fr/accueil.html,750,I4210146451,,openalex,1,n/a
FR,France,True,Institut Polytechnique des Sciences Avancées,http://www.ipsa.fr/engineering-school/aeronautical-space,726,I58581550,,openalex,1,n/a
FR,France,True,École Nationale Supérieure d'Architecture et de Paysage de Lille,https://www.lille.archi.fr/ensapl,719,I4210126555,,openalex,1,n/a
FR,France,True,École Spéciale Militaire de Saint-Cyr,http://www.st-cyr.terre.defense.gouv.fr/index.php/Les-formations-d-eleves/L-Ecole-Speciale-Militaire-de-Saint-Cyr2,696,I155256416,Q1132066,openalex;wikidata,2,n/a
FR,France,True,Institut national des sciences et techniques nucléaires,https://instn.cea.fr,666,I4405261667,,openalex,1,n/a
FR,France,True,"Institut Supérieur d’Informatique, de Modélisation et de leurs Applications",https://www.isima.fr/,658,I4210104097,,openalex,1,n/a
FR,France,True,École nationale supérieure de paysage,https://www.ecole-paysage.fr,623,I4387154791,,openalex,1,n/a
FR,France,True,École Nationale Supérieure d'Architecture de Paris-Belleville,http://www.paris-belleville.archi.fr/,616,I4210103429,,openalex,1,n/a
FR,France,True,IDRAC Business School,https://www.ecoles-idrac.com,590,I4405258216,,openalex,1,n/a
FR,France,True,École Nationale Supérieure d'Architecture de Toulouse,https://www.toulouse.archi.fr,579,I4210103111,,openalex,1,n/a
FR,France,True,École normale supérieure de Fontenay-Saint-Cloud,,563,I4396570539,,openalex,1,n/a
FR,France,True,Euromed Management,,555,I4405264438,,openalex,1,n/a
FR,France,True,École Spéciale des Travaux Publics,https://www.estp.fr,550,I4210147563,,openalex,1,n/a
FR,France,True,École Nationale de la Statistique et de l'Analyse de l'Information,https://ensai.fr,549,I4210094214,,openalex,1,n/a
FR,France,True,Académie de Versailles,http://www.ac-versailles.fr/,522,I4210126728,,openalex,1,n/a
FR,France,True,EPF - École d'ingénieurs,http://www.epf.fr/en,497,I4210125872,,openalex,1,n/a
FR,France,True,École Supérieure des Professions Immobilières,https://groupe-espi.fr,495,I4210111996,,openalex,1,n/a
FR,France,True,École Supérieure du Commerce Extérieur,https://www.esce.fr,483,I4403386580,,openalex,1,n/a
FR,France,True,Engineering School of Information and Digital Technologies,http://www.efrei.fr/en/,468,I2801479458,,openalex,1,n/a
FR,France,True,Sciences Po Lille,https://www.sciencespo-lille.eu,463,I4387155604,,openalex,1,n/a
FR,France,True,Institut Paul Bocuse,http://www.institutpaulbocuse.com/,457,I4210108515,,openalex,1,n/a
FR,France,True,Clermont School of Business,https://www.clermont-sb.fr,456,I4387152528,,openalex,1,n/a
FR,France,True,Laboratoire de Mathématiques d'Avignon,https://math.univ-avignon.fr,428,I4405266840,,openalex,1,n/a
FR,France,True,École Nationale Supérieure d’Architecture Paris-Malaquais,https://paris-malaquais.archi.fr,421,I4210145530,,openalex,1,n/a
FR,France,True,"Vieillissement, Fragilité","https://www.univ-reims.fr/viefra/vieillissement-fragilite-ur-3797/accueil,11517,21012.html",418,I4405253620,,openalex,1,n/a
FR,France,True,École de l'air et de l'espace,https://www.ecole-air-espace.fr,417,I1280737905,,openalex,1,n/a
FR,France,True,Institut Protestant de Théologie,https://ipt-edu.fr,414,I4210121454,,openalex,1,n/a
FR,France,True,École nationale d'administration,https://www.ena.fr,413,I4210096936,,openalex,1,n/a
FR,France,True,Institut Superieur de Gestion,https://www.isg.fr/,411,I237446400,,openalex,1,n/a
FR,France,True,International School of Management,http://www.ism.edu/,409,I72677000,,openalex,1,n/a
FR,France,True,Communauté d'universités et établissements de Toulouse,https://www.univ-toulouse.fr,399,I4405263209,,openalex,1,n/a
FR,France,True,Builders École d'ingénieurs,https://builders-ingenieurs.fr,372,I4210153413,,openalex,1,n/a
FR,France,True,ENCPB - Lycée Pierre-Gilles-de-Gennes,https://pirandello.org,369,I4387152109,,openalex,1,n/a
FR,France,True,ECAM-EPMI,http://www.ecam-epmi.fr/,367,I4210156616,,openalex,1,n/a
FR,France,True,Droit & sociétés religieuses,http://www.dsr.universite-paris-saclay.fr,351,I4405254014,,openalex,1,n/a
FR,France,True,Institut Catholique d'Arts et Métiers,https://en.icam.fr/,350,I3131982239,,openalex,1,n/a
FR,France,True,Institut Catholique d'Arts et Métiers,https://www.icam.fr/,350,I4210150621,,openalex,1,n/a
FR,France,True,Bordeaux École de Management,,345,I4405265385,,openalex,1,n/a
FR,France,True,École Nationale Supérieure d'Architecture de Lyon,https://www.lyon.archi.fr,344,I4210161214,,openalex,1,n/a
FR,France,True,ESIEA University,https://www.esiea.fr,339,I35298706,,openalex,1,n/a
FR,France,True,ECAM School of Engineering,https://www.ecam.fr/en,334,I4210112477,,openalex,1,n/a
FR,France,True,Brest Business School,https://brest-bs.com,324,I4405259887,,openalex,1,n/a
FR,France,True,Reims Management School,,314,I4405264724,,openalex,1,n/a
FR,France,True,Ecole Supérieure d'Ingénieurs Léonard de Vinci,https://www.esilv.fr,311,I4210141169,,openalex,1,n/a
FR,France,True,École Nationale Supérieure des Arts Décoratifs,https://www.ensad.fr,311,I4210166784,,openalex,1,n/a
FR,France,True,ESME - École d’ingénieurs pluridisciplinaires,http://www.esme.fr,310,I4210094080,,openalex,1,n/a
FR,France,True,European Business School Paris,http://www.ebs-paris.fr/ecole-management/,303,I2801279844,,openalex,1,n/a
FR,France,True,Ecole d'ingénieurs en génie des systèmes industriels,https://www.eigsi.fr,297,I4210130549,,openalex,1,n/a
FR,France,True,Centre Technique Interprofessionnel des Oléagineux Métropolitains,,283,I4210152102,,openalex,1,n/a
FR,France,True,Institut Catholique d'Arts et Métiers,https://en.icam.fr/,282,I4210112706,,openalex,1,n/a
FR,France,True,UniLaSalle Amiens (ESIEE-Amiens),https://www.unilasalle-amiens.fr,275,I12187552,,openalex,1,n/a
FR,France,True,European International University,https://eiu.ac,274,I4405277640,Q141112318,openalex;wikidata,2,n/a
FR,France,True,Bibliothèque nationale et universitaire de Strasbourg,https://www.bnu.fr,273,I4405259388,,openalex,1,n/a
FR,France,True,Institut Universitaire de Technologie de Dijon/Auxerre,https://iutdijon.u-bourgogne.fr,268,I4405256255,,openalex,1,n/a
FR,France,True,Académie des sciences d'outre-mer,https://www.academieoutremer.fr,266,I4405261158,,openalex,1,n/a
FR,France,True,École Nationale Supérieure d'Ingénieurs du Mans,https://ensim.univ-lemans.fr/fr/index.html,264,I4405258939,,openalex,1,n/a
FR,France,True,Institut d'Etudes Avancées Paris,http://www.paris-iea.fr/en/,260,I4210119365,,openalex,1,n/a
FR,France,True,Institut Supérieur des Matériaux du Mans,https://ismans.cesi.fr,256,I4210086593,,openalex,1,n/a
FR,France,True,Laboratoire d'Informatique en Calcul Intensif et Image pour la Simulation,"https://www.univ-reims.fr/universit/laboratoire-d-informatique-en-calcul-intensif-et-image-pour-la-simulation-liciis-ur-3690-lrc-digit,7741,18258.html",242,I4405255958,,openalex,1,n/a
FR,France,True,Laboratoire de Physiologie Expérimentale Cardiovasculaire,http://lapec.univ-avignon.fr,232,I4405267656,,openalex,1,n/a
FR,France,True,School of Business and Management,http://www.escem.fr/en/,232,I4210107574,,openalex,1,n/a
FR,France,True,École Nationale Supérieure d'Architecture de Saint-Étienne,https://www.st-etienne.archi.fr,227,I4210113175,,openalex,1,n/a
FR,France,True,École Nationale Supérieure d'Architecture de Strasbourg,https://www.strasbourg.archi.fr,226,I4210117829,,openalex,1,n/a
FR,France,True,École Nationale Supérieure de Création Industrielle,http://www.ensci.com/en/,224,I4210163236,,openalex,1,n/a
FR,France,True,École Supérieure Angevine d'Informatique et de Productique,http://www.esaip.org/,224,I4210155865,,openalex,1,n/a
FR,France,True,École des Métiers de l’Environnement,http://www.ecole-eme.fr/en/,219,I4210112452,,openalex,1,n/a
FR,France,True,École de Biologie Industrielle,http://www.ebi-edu.com/en/,217,I199388852,,openalex,1,n/a
FR,France,True,University of London Institute in Paris,https://ulip.london.ac.uk,204,I121303486,,openalex,1,n/a
FR,France,True,École Nationale Supérieure d'Architecture de Nancy,https://www.nancy.archi.fr,202,I4210148337,,openalex,1,n/a
FR,France,True,Institut Supérieur des Biotechnologies de Paris,https://www.supbiotech.fr/,198,I4210145925,,openalex,1,n/a
FR,France,True,Université Paris-Seine,http://www.universiteparisseine.fr/,193,I2800379142,,openalex,1,n/a
FR,France,True,Pharmacologie et Pathologies Fragilisantes,"https://www.univ-reims.fr/hervi/accueil/hemostase-et-remodelage-vasculaire-post-ischemie-hervi-ea-3801,22025,37461.html",182,I4405254379,,openalex,1,n/a
FR,France,True,Haut Conseil de l'évaluation de la recherche et de l'enseignement supérieur,https://www.hceres.fr,178,I4405258631,,openalex,1,n/a
FR,France,True,École Nationale Supérieure des Beaux-Arts,http://www.beauxartsparis.com/en/,173,I4210107334,,openalex,1,n/a
FR,France,True,Académie des technologies,https://www.academie-technologies.fr,170,I4405260581,,openalex,1,n/a
FR,France,True,ISEG,https://www.iseg.fr,169,I4405260941,,openalex,1,n/a
FR,France,True,Université de Technologie Tarbes Occitanie Pyrénées,https://www.uttop.fr,165,I4405260803,,openalex,1,n/a
FR,France,True,École Nationale de la Météorologie,http://www.enm.meteo.fr/,165,I4210103607,,openalex,1,n/a
FR,France,True,École Supérieure du Bois,http://www.ecoledubois.com/,164,I4210154114,,openalex,1,n/a
FR,France,True,École nationale des sports de montagne,http://www.ensm.sports.gouv.fr,163,I4405261051,,openalex,1,n/a
FR,France,True,Centre Informatique National de l'Enseignement Supérieur,https://www.cines.fr/,161,I4210091683,,openalex,1,n/a
FR,France,True,International and European Law School,http://www.iels.eu/,161,I4210161977,,openalex,1,n/a
FR,France,True,Institut catholique d’études supérieures,http://ices.fr/,151,I4210125635,,openalex,1,n/a
FR,France,True,Lycée Louis-le-Grand,https://louislegrand.fr,148,I3132502504,,openalex,1,n/a
FR,France,True,ESIEE-IT,https://www.esiee-it.fr,138,I4405261063,,openalex,1,n/a
FR,France,True,École Nationale Supérieure d'Architecture de Bretagne,http://www.rennes.archi.fr/,136,I4210153011,,openalex,1,n/a
FR,France,True,École Nationale Supérieure d'Architecture de Normandie,https://ensa-normandie.fr,135,I4210088576,,openalex,1,n/a
FR,France,True,Haute École des Arts du Rhin,http://www.hear.fr/,134,I4210128121,,openalex,1,n/a
FR,France,True,École Supérieure d'Arts & Médias de Caen/Cherbourg,http://www.esam-c2.fr/,129,I4210091226,,openalex,1,n/a
FR,France,True,Pratiques et ressources de l’information et des médiations,https://prim.univ-tours.fr,127,I4405263084,,openalex,1,n/a
FR,France,True,Académie de Nancy-Metz,http://www.ac-nancy-metz.fr/,126,I4210164007,,openalex,1,n/a
FR,France,True,ECAM Rennes Louis de Broglie,http://www.ecam-rennes.fr/,126,I4210139059,,openalex,1,n/a
FR,France,True,ISTOM - École supérieure d'agro-développement international,https://istom.fr,126,I4387154923,,openalex,1,n/a
FR,France,True,Institut de management et de communication interculturels,http://www.isit-paris.fr,118,I4405259355,,openalex,1,n/a
FR,France,True,ESTA Ecole Supérieure des Technologies et des Affaires,https://www.esta-groupe.fr,114,I4210156988,,openalex,1,n/a
FR,France,True,Lycée Pierre-de-Fermat,http://fermat.entmip.fr/,114,I4210100720,,openalex,1,n/a
FR,France,True,Mécanismes Centraux et Périphériques de la Neurodégénérescence,https://www.u1118.inserm.fr/en/,113,I4210157772,,openalex,1,n/a
FR,France,True,École Nationale Supérieure d'Architecture de Clermont-Ferrand,http://www.clermont-fd.archi.fr/,112,I4210153005,,openalex,1,n/a
FR,France,True,Institut français de la mode,https://www.ifmparis.fr,109,I4405260733,,openalex,1,n/a
FR,France,True,France Business School,http://www.france-bs.com/index_en.html,108,I2801696985,Q3080679,openalex;wikidata,2,n/a
FR,France,True,GOBELINS Paris,https://www.gobelins.fr,107,I4405258998,,openalex,1,n/a
FR,France,True,Institut des Hautes Études du Ministère de l'Intérieur,https://www.ihemi.fr/,106,I4210147444,,openalex,1,n/a
FR,France,True,École supérieure d’ingénieurs et de techniciens pour l’agriculture,,105,I4405264763,,openalex,1,n/a
FR,France,True,ISEN Ouest,https://isen-ouest.fr,103,I4405271123,,openalex,1,n/a
FR,France,True,École Nationale de la Magistrature,http://www.enm.justice.fr/,102,I4210129881,,openalex,1,n/a
FR,France,True,Institut Libre d'Education Physique Supérieur,https://ileps.fr,97,I4210142139,,openalex,1,n/a
FR,France,True,Brain Tech Laboratory,https://fonds-clinatec.fr,92,I4400008982,,openalex,1,n/a
FR,France,True,Schiller International University,https://www.schiller.edu/,84,I193291145,,openalex,1,n/a
FR,France,True,ENSA Dijon,https://www.ensad-dijon.fr,82,I4210127028,,openalex,1,n/a
FR,France,True,Universcience,https://www.universcience.fr,78,I4405260268,,openalex,1,n/a
FR,France,True,Registre général des cancers de Lille et de sa région,http://www.registrecancers59.fr/,76,I4210110701,,openalex,1,n/a
FR,France,True,Réseau Canopé,https://www.reseau-canope.fr,72,I4405261797,,openalex,1,n/a
FR,France,True,École Supérieure d'Art et de Design de Reims,http://esad-reims.fr/en/,72,I2799858338,,openalex,1,n/a
FR,France,True,Institut Polytechnique Saint-Louis,http://www.ipsl-edu.com/home,70,I4210111609,,openalex,1,n/a
FR,France,True,École spéciale d'architecture,http://www.esa-paris.fr,70,I4405260465,,openalex,1,n/a
FR,France,True,New York University Paris,http://www.nyu.edu/paris.html,67,I4210165353,,openalex,1,n/a
FR,France,True,FERRANDI Paris,https://www.ferrandi-paris.fr,66,I4405260785,,openalex,1,n/a
FR,France,True,Centre national d'enseignement à distance,http://www.cned.fr,61,I4405260037,,openalex,1,n/a
FR,France,True,École de design Nantes Atlantique,https://www.lecolededesign.com,58,I4405259611,,openalex,1,n/a
FR,France,True,École Nationale Supérieure des Beaux-Arts de Lyon,https://www.ensba-lyon.fr,55,I4405258928,,openalex,1,n/a
FR,France,True,École Nationale d'Administration Pénitentiaire,http://www.enap.justice.fr/,54,I4210133815,,openalex,1,n/a
FR,France,True,École Nationale Supérieure Maritime,https://www.supmaritime.fr/en/,53,I4210145950,,openalex,1,n/a
FR,France,True,Y SCHOOLS,https://www.yschools.fr,51,I4405258049,,openalex,1,n/a
FR,France,True,Institut Français de la Mer,http://ifmer.org/,50,I4210090531,,openalex,1,n/a
FR,France,True,Institut Textile et Chimique,http://www.itech.fr/en/home/,50,I4210150352,,openalex,1,n/a
FR,France,True,Institut Universitaire de Technologie de Rodez,https://www.iut-rodez.fr,49,I4405262758,,openalex,1,n/a
FR,France,True,École nationale supérieure des arts et techniques du théâtre,http://www.ensatt.fr,49,I4405259115,,openalex,1,n/a
FR,France,True,Ecole de Commerce et de Management à Paris,https://www.emlv.fr,48,I4405260270,,openalex,1,n/a
FR,France,True,Institut d'ingénierie informatique de Limoges,https://www.3il-ingenieurs.fr,48,I4405258539,,openalex,1,n/a
FR,France,True,École pour l'informatique et les nouvelles technologies,http://international.epitech.eu/,48,I4210144382,,openalex,1,n/a
FR,France,True,École supérieure d'art Annecy Alpes,https://www.esaaa.fr,47,I4405259706,,openalex,1,n/a
FR,France,True,École Supérieure d'Art et de Design Tours-Angers-Le Mans,http://angers.esba-talm.fr/,46,I4210165101,,openalex,1,n/a
FR,France,True,École Supérieure d'Art et Design de Saint-Étienne,http://www.esadse.fr/fr/home/,38,I4210104494,,openalex,1,n/a
FR,France,True,Institut Français de la Brasserie et de la Malterie,http://www.ifbm.fr/en,37,I4210147050,,openalex,1,n/a
FR,France,True,École supérieure de journalisme de Lille,https://esj-lille.fr,37,I4405258173,,openalex,1,n/a
FR,France,True,Les arts décoratifs,https://madparis.fr,33,I4405261605,,openalex,1,n/a
FR,France,True,Institut Supérieur de Plasturgie d'Alençon,http://www.ispa.asso.fr/en/,32,I4210145259,,openalex,1,n/a
FR,France,True,École Nationale Supérieure d'Art,http://www.ensa-bourges.fr/index.php/fr/,31,I4210117273,,openalex,1,n/a
FR,France,True,ORT France,http://www.ort.asso.fr/,30,I4210118531,,openalex,1,n/a
FR,France,True,Unité Propre de Recherche et d’Innovation,https://univ-avignon.fr/laboratoire/laboratoires-en-sciences-et-agrosciences/unite-propre-de-recherche-et-dinnovation,29,I4405268110,,openalex,1,n/a
FR,France,True,École Nationale Supérieure d'Art et de Design de Nancy,http://www.ensa-nancy.fr/,29,I4210115876,,openalex,1,n/a
FR,France,True,ESPI Lyon,https://groupe-espi.fr/campus/espi-lyon/,28,I4405263180,,openalex,1,n/a
FR,France,True,Centre des hautes études de la construction,http://www.chec.fr,27,I4405258738,,openalex,1,n/a
FR,France,True,Institut Supérieur des Beaux-arts de Besançon,http://www.isba-besancon.fr/,26,I4210132517,,openalex,1,n/a
FR,France,True,Sigmund Freud Privatuniversität - Standort Paris,https://www.sfu-paris.fr,26,I4405253116,,openalex,1,n/a
FR,France,True,Collège de Physique et de Philosophie,http://www.cphi2.org/,24,I4210147172,,openalex,1,n/a
FR,France,True,Ecole supérieure d'Art et Design Toulon Provence Méditerranée,http://www.esadtpm.fr,24,I4405260384,,openalex,1,n/a
FR,France,True,École nationale supérieure d'art Villa Arson,https://villa-arson.fr/ecole/,24,I4405258139,,openalex,1,n/a
FR,France,True,École supérieure d'Art d'Avignon,https://esaavignon.eu,23,I4405258036,,openalex,1,n/a
FR,France,True,École Supérieure d'Ingénieurs des Travaux de la Construction de Metz,http://www.esitc-metz.com/,23,I4210095914,,openalex,1,n/a
FR,France,True,International Executive School,https://ies.education,22,I4405260476,,openalex,1,n/a
FR,France,True,École nationale de voile et des sports nautiques,https://www.envsn.sports.gouv.fr,20,I4405258474,,openalex,1,n/a
FR,France,True,Centre de Formation des journalistes,https://www.cfjparis.com,19,I4405255248,,openalex,1,n/a
FR,France,True,École Européenne Supérieure de l'Image,http://www.eesi.eu/site/index.php,19,I4210109740,,openalex,1,n/a
FR,France,True,Le Fresnoy - Studio National des Arts Contemporains,http://www.lefresnoy.net/en,18,I4210162989,,openalex,1,n/a
FR,France,True,École des beaux-arts Nantes Saint-Nazaire,https://beauxartsnantes.fr/,18,I4210095470,,openalex,1,n/a
FR,France,True,École Européenne Supérieure d'Art de Bretagne,http://www.eesab.fr/en,18,I4210151960,,openalex,1,n/a
FR,France,True,École pratique de service social,https://epss.fr,18,I4405260341,,openalex,1,n/a
FR,France,True,Institut catholique de rennes,https://www.icrennes.org,17,I4210166033,,openalex,1,n/a
FR,France,True,Musée national du Sport,https://www.museedusport.fr,16,I4405259824,,openalex,1,n/a
FR,France,True,École Supérieure d'Art et de Design d'Orléans,http://www.esad-orleans.fr/,16,I4210121687,,openalex,1,n/a
FR,France,True,ESPI Paris,https://groupe-espi.fr/campus/espi-paris/,14,I4405263111,,openalex,1,n/a
FR,France,True,Institut supérieur des arts de Toulouse,http://www.isdat.fr/,14,I4210098497,,openalex,1,n/a
FR,France,True,Université d'été de Boulogne-sur-Mer,,14,I4210152113,,openalex,1,n/a
FR,France,True,École Supérieure d'Art des Pyrénées,http://www.esapyrenees.fr/,14,I4210112837,,openalex,1,n/a
FR,France,True,EPLEFPA Le Valentin – Valence,https://levalentin.education,13,I4405261214,,openalex,1,n/a
FR,France,True,Dauphine Recherches Juridiques,https://dauphine.psl.eu/recherche/la-recherche-a-dauphine/dauphine-recherches-juridiques,11,I4405262829,,openalex,1,n/a
FR,France,True,Wesford,http://www.wes-sup.fr/,11,I3130723181,,openalex,1,n/a
FR,France,True,Centre national des arts du cirque,https://cnac.fr,9,I4405258226,,openalex,1,n/a
FR,France,True,Technologie Médicale (France),http://www.technologiemedicale.com/accueil.html,9,I4210103579,,openalex,1,n/a
FR,France,True,École supérieure du soudage et de ses applications,https://essa-isgroupe.com,9,I4405259707,,openalex,1,n/a
FR,France,True,Haute Technologie Animale Grenobloise,https://www.univ-grenoble-alpes.fr/recherche/laboratoires-de-recherche/le-pole-chimie-biologie-sante-cbs-/le-pole-chimie-biologie-sante-cbs--580962.kjsp,8,I4400573281,,openalex,1,n/a
FR,France,True,École Militaire Interarmes,http://www.st-cyr.terre.defense.gouv.fr/index.php/Les-formations-d-eleves/L-Ecole-Militaire-Interarmes2,8,I4210132503,,openalex,1,n/a
FR,France,True,École Supérieure d'Ingénieurs des Travaux de la Construction de Cachan,http://www.esitc-cachan.fr/,8,I4210141743,,openalex,1,n/a
FR,France,True,Campus adventiste du salève,https://campusadventiste.edu/,7,I3131573726,,openalex,1,n/a
FR,France,True,Centre national des œuvres universitaires et scolaires,https://www.lescrous.fr/les-crous/le-cnous/,7,I4405261046,,openalex,1,n/a
FR,France,True,ENOES,http://www.enoes.com/,7,I4210105237,,openalex,1,n/a
FR,France,True,Centre technique du livre de l'enseignement supérieur,https://www.ctles.fr,6,I4405260138,,openalex,1,n/a
FR,France,True,Pôle Supérieur d'Enseignement Artistique of Paris Boulogne-Billancourt,http://www.pspbb.fr/en/,6,I4210091897,,openalex,1,n/a
FR,France,True,Terre des Sciences,http://www.terre-des-sciences.fr/,6,I4210113346,,openalex,1,n/a
FR,France,True,École Supérieure d'Art du Nord-Pas-de-Calais,http://www.esa-n.info/,6,I4210157938,,openalex,1,n/a
FR,France,True,Paris School of Technology and Business,https://www.pstb.fr,5,I4405261725,,openalex,1,n/a
FR,France,True,Université Européenne des Senteurs & Saveur,https://www.uess.fr/,5,I4210163862,,openalex,1,n/a
FR,France,True,École de Formation Professionnelle des Barreaux de la Cour d'Appel de Paris,http://www.efb.fr/,5,I4210129439,,openalex,1,n/a
FR,France,True,ESPI Marseille,https://groupe-espi.fr/campus/espi-marseille/,4,I4405263213,,openalex,1,n/a
FR,France,True,European School of Haematology,http://www.esh.org,4,I4210111224,,openalex,1,n/a
FR,France,True,Observatoire des énergies renouvelables,http://www.energies-renouvelables.org/,4,I4210147643,,openalex,1,n/a
FR,France,True,École supérieure de commerce international,https://esci-paris.eu/esci-commerce-international/,4,I4405260282,,openalex,1,n/a
FR,France,True,Alliance Université-Entreprise de Grenoble,https://aueg.org/,3,I4210086079,,openalex,1,n/a
FR,France,True,ESPI Nantes,https://groupe-espi.fr/campus/espi-nantes/,3,I4405263202,,openalex,1,n/a
FR,France,True,École des Avocats Nord-Ouest,http://www.cfpa-online.com/,3,I4210091041,,openalex,1,n/a
FR,France,True,École Supérieure d'Art Pays Basque,https://www.esa-paysbasque.fr,3,I4405260989,,openalex,1,n/a
FR,France,True,Arab Center for International Humanitarian Law and Human Rights Education,https://acihl.org/,2,I4210138614,,openalex,1,n/a
FR,France,True,ESPI Bordeaux,https://groupe-espi.fr/campus/espi-bordeaux/,2,I4405262929,,openalex,1,n/a
FR,France,True,Institut Européen De La Qualité Totale,http://www.ieqt.org/,2,I4210092793,,openalex,1,n/a
FR,France,True,École d'Enseignement Supérieur d'Art de Bordeaux,http://www.ebabx.fr/,1,I4210133234,,openalex,1,n/a
FR,France,True,École des Avocats Rhône-Alpes,http://www.edara.fr/,1,I4210144968,,openalex,1,n/a
FR,France,True,Académie de Die,,0,,Q2822296,wikidata,1,n/a
FR,France,True,Académie militaire de la Gendarmerie nationale,https://www.gendarmerie.interieur.gouv.fr/eogn,0,,Q8077979,wikidata,1,n/a
FR,France,True,Académie ministérielle de l'infrastructure,,0,,Q140079796,wikidata,1,n/a
FR,France,True,Académie royale de Marine,,0,,Q140198630,wikidata,1,n/a
FR,France,True,Adventist University of France – Collonges,https://www.campusadventiste.edu,0,,Q2935621,wikidata,1,n/a
FR,France,True,"AgroParisTech, Paris-Saclay University",http://www.agroparistech.fr,0,,Q1637105,wikidata,1,n/a
FR,France,True,Aix University,,0,,Q26857409,wikidata,1,n/a
FR,France,True,Aix-Marseille University,https://www.univ-amu.fr,0,,Q2302586,wikidata,1,n/a
FR,France,True,Aix-Marseille University (1896-1971),,0,,Q21592577,wikidata,1,n/a
FR,France,True,Aix-Marseille University Faculty of Sciences,http://sciences.univ-amu.fr,0,,Q3064322,wikidata,1,n/a
FR,France,True,American Expeditionary Forces University at Beaune,,0,,Q105715970,wikidata,1,n/a
FR,France,True,Animosteo,https://www.animosteo.fr,0,,Q137210376,wikidata,1,n/a
FR,France,True,antenne universitaire d'Arles,,0,,Q120670440,wikidata,1,n/a
FR,France,True,Artois University,https://www.univ-artois.fr,0,,Q475504,wikidata,1,n/a
FR,France,True,Avignon University,https://univ-avignon.fr,0,,Q2033119,wikidata,1,n/a
FR,France,True,Blaise Pascal University (Clermont II),,0,,Q612648,wikidata,1,n/a
FR,France,True,Bordeaux Montaigne University,http://www.u-bordeaux-montaigne.fr,0,,Q13342,wikidata,1,n/a
FR,France,True,Bordeaux Segalen University,,0,,Q13340,wikidata,1,n/a
FR,France,True,Boulogne-sur-Mer Langues et Cultures,http://www.uebm.org,0,,Q3551562,wikidata,1,n/a
FR,France,True,Brest Naval Training Centre,,0,,Q2945142,wikidata,1,n/a
FR,France,True,Bretagne Institute of Technology,https://bretagne-inp.fr,0,,Q133226199,wikidata,1,n/a
FR,France,True,Brittany and Loire University,https://u-bretagneloire.fr,0,,Q21994834,wikidata,1,n/a
FR,France,True,Burgundy - Franche-Comté University Group,http://www.ubfc.fr,0,,Q3359833,wikidata,1,n/a
FR,France,True,Cathedral School of Paris,,0,,Q3577729,wikidata,1,n/a
FR,France,True,Catholic Institute of Higher Studies,http://www.ices.fr,0,,Q3151861,wikidata,1,n/a
FR,France,True,Catholic University of Lyon,https://www.ucly.fr,0,,Q8618,wikidata,1,n/a
FR,France,True,Catholic University of Paris,https://www.icp.fr,0,,Q1470431,wikidata,1,n/a
FR,France,True,Catholic University of Rennes,https://www.icrennes.org,0,,Q3151862,wikidata,1,n/a
FR,France,True,Catholic University of the West,https://www.uco.fr/fr,0,,Q1476738,wikidata,1,n/a
FR,France,True,Catholic University of Toulouse,https://www.ict-toulouse.fr,0,,Q1479987,wikidata,1,n/a
FR,France,True,Cavalry Training School Saumur,,0,,Q3577832,wikidata,1,n/a
FR,France,True,CentraleSupélec,https://www.centralesupelec.fr,0,,Q19203245,wikidata,1,n/a
FR,France,True,"Centre de ressources, d'expertise et de performance sportive de Toulouse",https://www.creps-toulouse.sports.gouv.fr,0,I4405263236,,openalex,1,n/a
FR,France,True,Centre universitaire de formation et de recherche de Nîmes,,0,,Q57590981,wikidata,1,n/a
FR,France,True,Centre Universitaire de Perpignan,,0,,Q106974891,wikidata,1,n/a
FR,France,True,Cergy-Pontoise University,,0,,Q2496006,wikidata,1,n/a
FR,France,True,Cifacom,https://www.cifacom.com,0,,Q2972349,wikidata,1,n/a
FR,France,True,City University of Paris,https://cityuparis.fr,0,,Q131150117,wikidata,1,n/a
FR,France,True,Claude Bernard University Lyon 1,https://www.univ-lyon1.fr,0,,Q4032,wikidata,1,n/a
FR,France,True,Clermont Auvergne University,,0,,Q115649685,wikidata,1,n/a
FR,France,True,Clermont Université,"https://www.clermont-universite.fr/-Qui-sommes-nous,3-",0,I4210143836,,openalex,1,n/a
FR,France,True,Collège Anne-Frank in Antony,,0,,Q141246799,wikidata,1,n/a
FR,France,True,Collège des Oratoriens de Soissons,,0,,Q130854205,wikidata,1,n/a
FR,France,True,Collège Fontenelle de Rouen,,0,,Q3510743,wikidata,1,n/a
FR,France,True,Collège interarmées de Défense,http://www.ecoledeguerre.defense.gouv.fr,0,,Q13495752,wikidata,1,n/a
FR,France,True,Colmar Military School,,0,,Q19822548,wikidata,1,n/a
FR,France,True,Community Grenoble Alpes University,http://www.communaute-univ-grenoble-alpes.fr,0,,Q3551589,wikidata,1,n/a
FR,France,True,Community of universities and higher education institutions of Aquitaine,http://www.cue-aquitaine.fr,0,,Q16541346,wikidata,1,n/a
FR,France,True,COMUE Centre-Val de Loire,,0,,Q2944885,wikidata,1,n/a
FR,France,True,Coëtquidan,http://www.st-cyr.terre.defense.gouv.fr/index.php,0,,Q3029873,wikidata,1,n/a
FR,France,True,CY Cergy Paris University,https://www.cyu.fr,0,,Q74452784,wikidata,1,n/a
FR,France,True,Côte d'Azur Observatory,https://www.oca.eu/en,0,,Q2991466,wikidata,1,n/a
FR,France,True,Digital Business School,https://www.dbs.school,0,,Q65127966,wikidata,1,n/a
FR,France,True,Domuni University,https://www.domuni.eu,0,,Q21428101,wikidata,1,n/a
FR,France,True,Département d'odontologie de Lille,https://ufr3s.univ-lille.fr/odontologie,0,,Q125475094,wikidata,1,n/a
FR,France,True,EFOA,https://www.efoa.fr,0,,Q141254750,wikidata,1,n/a
FR,France,True,EMSO-France,https://www.emso-fr.org,0,I4405255450,,openalex,1,n/a
FR,France,True,ESPI Lille,https://groupe-espi.fr/campus/espi-lille/,0,I4405263051,,openalex,1,n/a
FR,France,True,ESPI Montpellier,https://groupe-espi.fr/campus/espi-montpellier/,0,I4405263377,,openalex,1,n/a
FR,France,True,European Communication School,http://ecole-ecs.com/paris,0,,Q112870349,wikidata,1,n/a
FR,France,True,European Master in Management,http://www.european-master.com,0,,Q5412808,wikidata,1,n/a
FR,France,True,European Nuclear Safety Training & Tutoring Institute,http://enstti.eu/wp/,0,I4210098489,,openalex,1,n/a
FR,France,True,European School of Political and Social Sciences,https://espol.school,0,,Q49493391,wikidata,1,n/a
FR,France,True,Faculté de théologie catholique de Paris,,0,,Q3064311,wikidata,1,n/a
FR,France,True,Faculté de théologie d'Angers,https://www.uco.fr/fr/faculte-theologie,0,,Q16303760,wikidata,1,n/a
FR,France,True,Faculté de théologie de l'Institut catholique de Paris,https://www.icp.fr/a-propos-de-licp/facultes-et-instituts/faculte-de-theologie-et-de-sciences-religieuses-theologicum,0,,Q3523720,wikidata,1,n/a
FR,France,True,Faculté de théologie de l'Institut catholique de Toulouse,https://www.ict-toulouse.fr/domaine/droit-canonique-sciences-religieuses-theologie,0,,Q77860301,wikidata,1,n/a
FR,France,True,Faculté de théologie de Paris,,0,,Q104777653,wikidata,1,n/a
FR,France,True,Faculté de théologie protestante de Montpellier,https://www.iptheologie.fr/facultes/montpellier,0,,Q3064313,wikidata,1,n/a
FR,France,True,Faculté libre de théologie protestante de Montauban,,0,,Q20667737,wikidata,1,n/a
FR,France,True,French National School of Forestry,https://www.agroparistech.fr,0,,Q3578164,wikidata,1,n/a
FR,France,True,Georgia Tech Lorraine,http://www.georgiatech-metz.fr,0,,Q538990,wikidata,1,n/a
FR,France,True,grand séminaire d'Auch,,0,,Q120868458,wikidata,1,n/a
FR,France,True,Grand séminaire de Besançon,,0,,Q3114827,wikidata,1,n/a
FR,France,True,grand séminaire de Bourges,,0,,Q138024026,wikidata,1,n/a
FR,France,True,grand séminaire de Coutances,,0,,Q125242595,wikidata,1,n/a
FR,France,True,grand séminaire de Dax,,0,,Q120706217,wikidata,1,n/a
FR,France,True,Grand séminaire de L'Houmeau,,0,,Q110819527,wikidata,1,n/a
FR,France,True,Grand séminaire de La Rochelle,,0,,Q111279748,wikidata,1,n/a
FR,France,True,Grand séminaire de Lille,,0,,Q67502529,wikidata,1,n/a
FR,France,True,Grand séminaire de Poitiers,,0,,Q116814647,wikidata,1,n/a
FR,France,True,Grand Séminaire de Quimper,,0,,Q22996338,wikidata,1,n/a
FR,France,True,Grand séminaire de Saint-Brieuc,,0,,Q22975924,wikidata,1,n/a
FR,France,True,grand séminaire de Saint-Flour,,0,,Q119625263,wikidata,1,n/a
FR,France,True,Grand Séminaire de Strasbourg,https://grandseminaire.alsace,0,,Q14567934,wikidata,1,n/a
FR,France,True,Grand séminaire de Tours,,0,,Q114571672,wikidata,1,n/a
FR,France,True,Grand séminaire de Vannes,,0,,Q113466440,wikidata,1,n/a
FR,France,True,Grand séminaire Richelieu,,0,,Q22997580,wikidata,1,n/a
FR,France,True,Grand séminaire Saint-Serge d'Angers,,0,,Q135316895,wikidata,1,n/a
FR,France,True,Grenoble Alpes University,,0,,Q124377738,wikidata,1,n/a
FR,France,True,Grenoble Institute of Technology,https://www.grenoble-inp.fr,0,,Q1665121,wikidata,1,n/a
FR,France,True,Groupement de Recherche et d’Études en Gestion à HEC Paris,http://www.hec.fr/Faculte-Recherche/GREGHEC-CNRS,0,,Q30262308,wikidata,1,n/a
FR,France,True,Gustave Eiffel University,https://www.univ-gustave-eiffel.fr,0,,Q65153823,wikidata,1,n/a
FR,France,True,Henri Poincaré University,http://www.uhp-nancy.fr,0,,Q2033673,wikidata,1,n/a
FR,France,True,HESAM University,http://www.hesam.eu,0,,Q3128622,wikidata,1,n/a
FR,France,True,Hôtel de la Petite Bourdaisière,,0,,Q22942582,wikidata,1,n/a
FR,France,True,IESIG,https://www.iesig-education.fr,0,,Q139942938,wikidata,1,n/a
FR,France,True,IMA Bordeaux,,0,,Q63532631,wikidata,1,n/a
FR,France,True,IMIE PARIS,https://www.imie-paris.fr,0,,Q111462011,wikidata,1,n/a
FR,France,True,Ingésup,http://www.ingesup.com/,0,I4210145830,,openalex,1,n/a
FR,France,True,INSEP,https://www.insep.fr/fr,0,,Q3152447,wikidata,1,n/a
FR,France,True,INSPÉ Toulouse Occitanie-Pyrénées,https://inspe.univ-toulouse.fr,0,,Q131447511,wikidata,1,n/a
FR,France,True,Institut Avicenne de Sciences Humaines,http://avicenne.eu,0,,Q3151714,wikidata,1,n/a
FR,France,True,Institut catholique de la Méditerranée,https://icm.catholique.fr,0,,Q100266548,wikidata,1,n/a
FR,France,True,Institut d'études politiques de Rennes,https://www.sciencespo-rennes.fr,0,,Q3151965,wikidata,1,n/a
FR,France,True,Institut d'études politiques de Saint-Germain-en-Laye,http://www.sciencespo-saintgermainenlaye.fr,0,,Q18214943,wikidata,1,n/a
FR,France,True,Institut des hautes études de défense nationale,https://ihedn.fr,0,,Q3152161,wikidata,1,n/a
FR,France,True,Institut Galilée,http://www-galilee.univ-paris13.fr,0,,Q3151744,wikidata,1,n/a
FR,France,True,Institut industriel du Nord,http://www.ec-lille.fr/fr/centrale-lille/histoire.html,0,,Q3152321,wikidata,1,n/a
FR,France,True,Institut normand de sciences religieuses,https://insr-normandie.fr,0,,Q108417384,wikidata,1,n/a
FR,France,True,Institut supérieur des affaires,https://www.hec.edu/fr/mba-programs,0,,Q3152589,wikidata,1,n/a
FR,France,True,Institut universitaire de technologie de Lille C,http://iut-c.univ-lille.fr,0,,Q3152703,wikidata,1,n/a
FR,France,True,Institute of European Journalism,https://iej.eu,0,,Q116446975,wikidata,1,n/a
FR,France,True,ITESCIA,http://www.itescia.fr/,0,I4210144246,,openalex,1,n/a
FR,France,True,Jean Monnet University,https://www.univ-st-etienne.fr,0,,Q623154,wikidata,1,n/a
FR,France,True,Jean Moulin University - Lyon 3,https://www.univ-lyon3.fr,0,,Q4027,wikidata,1,n/a
FR,France,True,Joseph Fourier University,,0,,Q955647,wikidata,1,n/a
FR,France,True,Languedoc Roussillon Universities,http://www.languedoc-roussillon-universites.fr,0,,Q2476558,wikidata,1,n/a
FR,France,True,Leonardo da Vinci University Center,https://www.devinci.fr,0,,Q3412216,wikidata,1,n/a
FR,France,True,Leonardo da Vinci University Group,,0,,Q20735682,wikidata,1,n/a
FR,France,True,Lille University of Science and Technology,https://www.univ-lille1.fr,0,,Q500740,wikidata,1,n/a
FR,France,True,Lorraine INP,http://www.lorraine-inp.fr,0,,Q1132955,wikidata,1,n/a
FR,France,True,Louis Pasteur University,,0,,Q3551497,wikidata,1,n/a
FR,France,True,Lumière University Lyon 2,https://www.univ-lyon2.fr,0,,Q4041,wikidata,1,n/a
FR,France,True,Lycee Notre-Dame Saint-Sigisbert,https://www.notredamesaintsigisbert.fr,0,,Q3268864,wikidata,1,n/a
FR,France,True,Marc Bloch University,,0,,Q1109084,wikidata,1,n/a
FR,France,True,Marie and Louis Pasteur University,https://umlp.fr,0,,Q829449,wikidata,1,n/a
FR,France,True,Marseille's faculty of science,,0,,Q95113817,wikidata,1,n/a
FR,France,True,Montesquieu University – Bordeaux IV,http://www.u-bordeaux4.fr,0,,Q13335,wikidata,1,n/a
FR,France,True,Montpellier 2 University,,0,,Q902688,wikidata,1,n/a
FR,France,True,Nantes University,https://english.univ-nantes.fr,0,,Q259388,wikidata,1,n/a
FR,France,True,National Polytechnic Institute of Clermont Auvergne,https://www.clermont-auvergne-inp.fr,0,,Q105809850,wikidata,1,n/a
FR,France,True,National Polytechnic Institute of Toulouse,http://www.inp-toulouse.fr,0,,Q3152453,wikidata,1,n/a
FR,France,True,National school of engineers of Tarbes,http://www.enit.fr,0,,Q3578096,wikidata,1,n/a
FR,France,True,Normandy University,http://www.normandie-univ.fr,0,,Q3343880,wikidata,1,n/a
FR,France,True,Noviciat des jésuites (Paris),,0,,Q122186850,wikidata,1,n/a
FR,France,True,NYU Paris,http://www.nyu.edu/paris.html,0,,Q24204433,wikidata,1,n/a
FR,France,True,Omnes Education,https://www.omneseducation.com,0,,Q110875330,wikidata,1,n/a
FR,France,True,Palais universitaire d'Angers,,0,,Q3361223,wikidata,1,n/a
FR,France,True,Panthéon-Assas University Paris,https://www.assas-universite.fr,0,,Q662976,wikidata,1,n/a
FR,France,True,Paris 12 University,https://www.u-pec.fr,0,,Q980688,wikidata,1,n/a
FR,France,True,Paris 8 University,https://www.univ-paris8.fr,0,,Q1194988,wikidata,1,n/a
FR,France,True,Paris Centre Universités,http://www.pariscentreuniversites.fr,0,,Q3365251,wikidata,1,n/a
FR,France,True,Paris Cité University,https://u-paris.fr,0,,Q55849612,wikidata,1,n/a
FR,France,True,Paris Dauphine University,https://dauphine.psl.eu,0,,Q1546437,wikidata,1,n/a
FR,France,True,Paris Descartes University,http://www.univ-paris5.fr,0,,Q1155944,wikidata,1,n/a
FR,France,True,Paris Diderot University,https://u-paris.fr,0,,Q1235608,wikidata,1,n/a
FR,France,True,Paris Institute of Comparative Law,http://idc.u-paris2.fr,0,,Q14761394,wikidata,1,n/a
FR,France,True,Paris Institute of Criminology,,0,,Q17112144,wikidata,1,n/a
FR,France,True,Paris Institute of Earth Physics,https://www.ipgp.fr,0,,Q3152060,wikidata,1,n/a
FR,France,True,Paris Institute of Political Studies,https://www.sciencespo.fr,0,,Q859363,wikidata,1,n/a
FR,France,True,Paris Lumieres University,http://www.u-plum.fr,0,,Q3551474,wikidata,1,n/a
FR,France,True,Paris Nanterre University,https://www.parisnanterre.fr,0,,Q1394262,wikidata,1,n/a
FR,France,True,"Paris Observatory, PSL University",https://www.observatoiredeparis.psl.eu,0,,Q461340,wikidata,1,n/a
FR,France,True,Paris-Saclay University,https://www.universite-paris-saclay.fr,0,,Q109409389,wikidata,1,n/a
FR,France,True,Paris-Sorbonne University - Paris IV,http://www.paris-sorbonne.fr,0,,Q546118,wikidata,1,n/a
FR,France,True,Paul Cézanne University,http://www.univ-cezanne.fr,0,,Q1204304,wikidata,1,n/a
FR,France,True,Paul Verlaine University – Metz,,0,,Q1465237,wikidata,1,n/a
FR,France,True,"Paul-Valéry University (Montpellier, 1970-2024)",https://www.univ-montp3.fr,0,,Q2912244,wikidata,1,n/a
FR,France,True,petit séminaire d'Agen,,0,,Q119727310,wikidata,1,n/a
FR,France,True,petit séminaire d'Aire-sur-Adour,,0,,Q120706207,wikidata,1,n/a
FR,France,True,petit séminaire d'Aix-en-Provence,,0,,Q119892587,wikidata,1,n/a
FR,France,True,petit séminaire d'Auch,,0,,Q119630528,wikidata,1,n/a
FR,France,True,petit séminaire de Beaucaire,,0,,Q120531430,wikidata,1,n/a
FR,France,True,petit séminaire de Belmont-sur-Rance,,0,,Q120897553,wikidata,1,n/a
FR,France,True,petit séminaire de Bordeaux,,0,,Q120079394,wikidata,1,n/a
FR,France,True,petit séminaire de Brive,,0,,Q120801928,wikidata,1,n/a
FR,France,True,Petit séminaire de Chavagnes-en-Paillers,,0,,Q113334429,wikidata,1,n/a
FR,France,True,Petit séminaire de Châlons,,0,,Q66372600,wikidata,1,n/a
FR,France,True,Petit Séminaire de Consolation,,0,,Q15952952,wikidata,1,n/a
FR,France,True,petit séminaire de Dommartin,,0,,Q24170694,wikidata,1,n/a
FR,France,True,petit séminaire de Grasse,,0,,Q120632108,wikidata,1,n/a
FR,France,True,petit séminaire de Guérande,,0,,Q113463044,wikidata,1,n/a
FR,France,True,petit séminaire de l'Esquile,,0,,Q22938838,wikidata,1,n/a
FR,France,True,petit séminaire de Lavaur,,0,,Q120645119,wikidata,1,n/a
FR,France,True,Petit séminaire de Meximieux,,0,,Q16138286,wikidata,1,n/a
FR,France,True,petit séminaire de Montigny-lès-Metz,,0,,Q130722679,wikidata,1,n/a
FR,France,True,petit séminaire de Montlieu-la-Garde,,0,,Q113326204,wikidata,1,n/a
FR,France,True,petit séminaire de Nantes,,0,,Q106207047,wikidata,1,n/a
FR,France,True,petit séminaire de Pleaux,,0,,Q119625248,wikidata,1,n/a
FR,France,True,Petit séminaire de Plouguernével,,0,,Q112747759,wikidata,1,n/a
FR,France,True,petit séminaire de Pons,,0,,Q113937455,wikidata,1,n/a
FR,France,True,Petit séminaire de Pont-Croix,,0,,Q66901074,wikidata,1,n/a
FR,France,True,petit séminaire de Saint-Jean-d'Angély,,0,,Q114687093,wikidata,1,n/a
FR,France,True,Petit séminaire de Saint-Pé-de-Bigorre,,0,,Q22997679,wikidata,1,n/a
FR,France,True,petit séminaire de Saint-Sulpice-la-Pointe,,0,,Q119996846,wikidata,1,n/a
FR,France,True,Petit séminaire de Saintes,,0,,Q113333419,wikidata,1,n/a
FR,France,True,petit séminaire de Villenave-d'Ornon,,0,,Q130684463,wikidata,1,n/a
FR,France,True,petit séminaire des Couëts,,0,,Q113463050,wikidata,1,n/a
FR,France,True,petit séminaire du Gal,,0,,Q106206633,wikidata,1,n/a
FR,France,True,petit séminaire du Rondeau,,0,,Q130750921,wikidata,1,n/a
FR,France,True,petit séminaire Saint François Xavier de Castelnaudary,,0,,Q120829075,wikidata,1,n/a
FR,France,True,Petit séminaire Saint-Gildas,,0,,Q29033704,wikidata,1,n/a
FR,France,True,petit séminaire Saint-Pierre,,0,,Q120897540,wikidata,1,n/a
FR,France,True,Petit séminaire à Reims,,0,,Q109612734,wikidata,1,n/a
FR,France,True,philosophat de Chantilly,,0,,Q109519731,wikidata,1,n/a
FR,France,True,Pierre and Marie Curie University,https://www.sorbonne-universite.fr,0,,Q1144549,wikidata,1,n/a
FR,France,True,Pierre Mendès-France University,,0,,Q2000147,wikidata,1,n/a
FR,France,True,Polytechnic Institute of Paris,https://www.ip-paris.fr,0,,Q48759778,wikidata,1,n/a
FR,France,True,Polytechnic University of Hauts-de-France,http://www.uphf.fr,0,,Q1548539,wikidata,1,n/a
FR,France,True,Protestant University of La Rochelle,,0,,Q2822304,wikidata,1,n/a
FR,France,True,PSL Research University,https://psl.eu,0,,Q1163431,wikidata,1,n/a
FR,France,True,Reims University,,0,,Q7310188,wikidata,1,n/a
FR,France,True,Robert Schuman University,http://www-urs.u-strasbg.fr,0,,Q3551496,wikidata,1,n/a
FR,France,True,Roshan Afghanistan University - RAU,https://www.afghanistan-uni.org,0,,Q141238147,wikidata,1,n/a
FR,France,True,Rubika,http://www.dskisd.com,0,,Q3152561,wikidata,1,n/a
FR,France,True,Savoy Mont Blanc University,https://www.univ-smb.fr,0,,Q2496158,wikidata,1,n/a
FR,France,True,School for Advanced Studies in the Social Sciences,https://www.ehess.fr,0,,Q273518,wikidata,1,n/a
FR,France,True,Sorbonne Nouvelle-Paris 3,https://www.sorbonne-nouvelle.fr,0,,Q571293,wikidata,1,n/a
FR,France,True,Sorbonne Paris Cité University (group),http://www.sorbonne-paris-cite.fr,0,,Q3491149,wikidata,1,n/a
FR,France,True,Sorbonne Paris North University,https://www.univ-spn.fr,0,,Q1780212,wikidata,1,n/a
FR,France,True,Sorbonne University,https://www.sorbonne-universite.fr,0,,Q41497113,wikidata,1,n/a
FR,France,True,Sorbonne Universités,https://www.sorbonne-universite.fr,0,,Q3491150,wikidata,1,n/a
FR,France,True,Stendhal University,http://www.u-grenoble3.fr/stendhal,0,,Q1616573,wikidata,1,n/a
FR,France,True,Studio M Academy,,0,,Q113687873,wikidata,1,n/a
FR,France,True,Supinfocom,http://www.rubika-edu.com,0,,Q3504837,wikidata,1,n/a
FR,France,True,Séminaire de Belley,,0,,Q3377282,wikidata,1,n/a
FR,France,True,Séminaire de La Castille,http://seminaire.frejustoulon.fr,0,,Q47462749,wikidata,1,n/a
FR,France,True,Séminaire des Missions,,0,,Q48778028,wikidata,1,n/a
FR,France,True,Séminaire et chapelle des Visitandines,,0,,Q22966021,wikidata,1,n/a
FR,France,True,Séminaire Saint-Curé-d'Ars,,0,,Q100482746,wikidata,1,n/a
FR,France,True,séminaire Saint-Cyprien,http://www.seminairesaintcyprien.catholique.fr,0,,Q99749370,wikidata,1,n/a
FR,France,True,séminaire Saint-Louis-Marie-Grignion-de-Montfort,http://seminaireavrille.org,0,,Q112263977,wikidata,1,n/a
FR,France,True,Séminaire Saint-Magloire,,0,,Q3510739,wikidata,1,n/a
FR,France,True,Séminaire Saint-Paul VI,https://seminairesaintpaulvi.catholique.fr,0,,Q3117721,wikidata,1,n/a
FR,France,True,Théologat de Fourvière,,0,,Q109519606,wikidata,1,n/a
FR,France,True,Toulouse Capitole University,https://www.ut-capitole.fr,0,,Q590201,wikidata,1,n/a
FR,France,True,Toulouse III - Paul Sabatier University,https://www.univ-tlse3.fr,0,,Q1273188,wikidata,1,n/a
FR,France,True,Toulouse Tech,http://www.toulousetech.net,0,,Q3299074,wikidata,1,n/a
FR,France,True,Tours University,https://www.univ-tours.fr,0,,Q494335,wikidata,1,n/a
FR,France,True,Télécom Saint-Étienne,http://www.telecom-st-etienne.fr,0,,Q3517283,wikidata,1,n/a
FR,France,True,Universities of Technology,https://www.groupe-ut.fr,0,,Q590365,wikidata,1,n/a
FR,France,True,University Lille-II,,0,,Q11509930,wikidata,1,n/a
FR,France,True,University Lille-III,,0,,Q1141586,wikidata,1,n/a
FR,France,True,University Nancy II,http://www.univ-nancy2.fr,0,,Q2473125,wikidata,1,n/a
FR,France,True,University of Algiers,,0,,Q118558903,wikidata,1,n/a
FR,France,True,University of Angers,https://www.univ-angers.fr,0,,Q1538727,wikidata,1,n/a
FR,France,True,University of Auvergne - Clermont I,,0,,Q1381437,wikidata,1,n/a
FR,France,True,University of Bordeaux,,0,,Q20791505,wikidata,1,n/a
FR,France,True,University of Bordeaux 1,,0,,Q13338,wikidata,1,n/a
FR,France,True,University of Bourges,,0,,Q2495994,wikidata,1,n/a
FR,France,True,University of Burgundy Europe,https://www.ube.fr,0,,Q287072,wikidata,1,n/a
FR,France,True,University of Caen Normandy,https://www.unicaen.fr,0,,Q568554,wikidata,1,n/a
FR,France,True,University of Clermont-Ferrand (1896-1976),,0,,Q3551576,wikidata,1,n/a
FR,France,True,University of Corsica Pasquale Paoli,https://www.universita.corsica,0,,Q335841,wikidata,1,n/a
FR,France,True,University of Côte d'Azur,https://univ-cotedazur.fr,0,,Q19370961,wikidata,1,n/a
FR,France,True,University of Douai,,0,,Q770639,wikidata,1,n/a
FR,France,True,University of France,,0,,Q3551587,wikidata,1,n/a
FR,France,True,University of French Guiana,https://www.univ-guyane.fr,0,,Q16682067,wikidata,1,n/a
FR,France,True,University of French Polynesia,https://www.upf.pf/fr,0,,Q1695245,wikidata,1,n/a
FR,France,True,University of Grenoble,,0,,Q67184105,wikidata,1,n/a
FR,France,True,University of La Rochelle,http://www.univ-larochelle.fr,0,,Q1500822,wikidata,1,n/a
FR,France,True,University of La Réunion,https://www.univ-reunion.fr,0,,Q834819,wikidata,1,n/a
FR,France,True,University of Le Havre,https://www.univ-lehavre.fr,0,,Q1784954,wikidata,1,n/a
FR,France,True,University of Lille,https://www.univ-lille.fr,0,,Q3551621,wikidata,1,n/a
FR,France,True,University of Limoges,https://unilim.fr,0,,Q2661290,wikidata,1,n/a
FR,France,True,University of Lorraine,https://www.univ-lorraine.fr,0,,Q4173330,wikidata,1,n/a
FR,France,True,University of Lyon,,0,,Q2383462,wikidata,1,n/a
FR,France,True,University of Montpellier,https://www.umontpellier.fr/en,0,,Q776223,wikidata,1,n/a
FR,France,True,University of Montpellier (1289-1969),,0,,Q64690423,wikidata,1,n/a
FR,France,True,University of Montpellier 1,,0,,Q903888,wikidata,1,n/a
FR,France,True,University of Nantes,,0,,Q132812037,wikidata,1,n/a
FR,France,True,University of New Caledonia,https://unc.nc,0,,Q734332,wikidata,1,n/a
FR,France,True,University of Nice Sophia Antipolis,https://www.sophia-antipolis.fr/en/studying,0,,Q1198571,wikidata,1,n/a
FR,France,True,University of Nîmes,http://www.unimes.fr/en,0,,Q2496121,wikidata,1,n/a
FR,France,True,University of Orléans,https://www.univ-orleans.fr,0,,Q13334,wikidata,1,n/a
FR,France,True,University of Paris,,0,,Q209842,wikidata,1,n/a
FR,France,True,University of Paris 1 Pantheon-Sorbonne,https://www.pantheonsorbonne.fr,0,,Q999763,wikidata,1,n/a
FR,France,True,University of Paris-Est,http://www.univ-paris-est.fr,0,,Q3551472,wikidata,1,n/a
FR,France,True,University of Paris-Est Marne-la-Vallée,http://www.u-pem.fr,0,,Q501207,wikidata,1,n/a
FR,France,True,University of Paris-Seine,http://www.universiteparisseine.fr,0,,Q3247880,wikidata,1,n/a
FR,France,True,University of Paris-Sud,https://www.universite-paris-saclay.fr,0,,Q1480643,wikidata,1,n/a
FR,France,True,University of Pau and Pays de l'Adour,https://www.univ-pau.fr,0,,Q572968,wikidata,1,n/a
FR,France,True,University of Perpignan,https://www.univ-perp.fr,0,,Q304872,wikidata,1,n/a
FR,France,True,University of Picardie Jules Verne,https://www.u-picardie.fr,0,,Q947747,wikidata,1,n/a
FR,France,True,University of Poitiers,https://www.univ-poitiers.fr,0,,Q661056,wikidata,1,n/a
FR,France,True,University of Pont-à-Mousson,,0,,Q1844562,wikidata,1,n/a
FR,France,True,University of Provence - Aix-Marseille I,http://www.univ-provence.fr,0,,Q1687719,wikidata,1,n/a
FR,France,True,University of Reims,https://www.univ-reims.fr,0,,Q2496149,wikidata,1,n/a
FR,France,True,University of Rennes,,0,,Q1987282,wikidata,1,n/a
FR,France,True,University of Rennes 1,,0,,Q726595,wikidata,1,n/a
FR,France,True,University of Rennes 2 – Upper Brittany,https://www.univ-rennes2.fr,0,,Q459026,wikidata,1,n/a
FR,France,True,University of Rouen-Normandy,https://www.univ-rouen.fr,0,,Q494247,wikidata,1,n/a
FR,France,True,University of Southern Brittany,https://www.univ-ubs.fr,0,,Q1125958,wikidata,1,n/a
FR,France,True,University of Strasbourg,https://www.unistra.fr,0,,Q157575,wikidata,1,n/a
FR,France,True,University of Technology of Compiègne,http://www.utc.fr,0,,Q622906,wikidata,1,n/a
FR,France,True,University of Technology of Troyes,http://www.utt.fr,0,,Q1037208,wikidata,1,n/a
FR,France,True,University of Technology Tarbes Occitanie Pyrénées,https://uttop.fr,0,,Q124412825,wikidata,1,n/a
FR,France,True,University of the French Antilles,https://www.univ-antilles.fr,0,,Q16682075,wikidata,1,n/a
FR,France,True,University of the French West Indies and Guiana,http://www.univ-ag.fr,0,,Q829169,wikidata,1,n/a
FR,France,True,University of the Mediterranean - Aix Marseille II,,0,,Q180438,wikidata,1,n/a
FR,France,True,University of Toulon,http://www.univ-tln.fr,0,,Q1816857,wikidata,1,n/a
FR,France,True,University of Toulouse,http://www.univ-toulouse.fr,0,,Q20669873,wikidata,1,n/a
FR,France,True,University of Toulouse (1896-1968),,0,,Q578023,wikidata,1,n/a
FR,France,True,University of Toulouse (2025),,0,,Q135218300,wikidata,1,n/a
FR,France,True,University of Valence,,0,,Q7896524,wikidata,1,n/a
FR,France,True,University of Valenciennes,http://univ-valenciennes.fr,0,,Q102274027,wikidata,1,n/a
FR,France,True,University of Vincennes,,0,,Q2946099,wikidata,1,n/a
FR,France,True,University of Évry Val d'Essonne,https://www.univ-evry.fr,0,,Q1531014,wikidata,1,n/a
FR,France,True,University Toulouse - Jean Jaurès,http://www.univ-tlse2.fr,0,,Q1933558,wikidata,1,n/a
FR,France,True,université de Montpellier Paul-Valéry (UMPV),,0,,Q132370180,wikidata,1,n/a
FR,France,True,Université de Nancy,,0,,Q22249413,wikidata,1,n/a
FR,France,True,Université de recherche Paris Sciences et Lettres COMUE,,0,I4405267979,,openalex,1,n/a
FR,France,True,Université de Strasbourg. Faculté de théologie catholique,https://theocatho.unistra.fr,0,,Q3064312,wikidata,1,n/a
FR,France,True,Université des langues et lettres de Grenoble,,0,,Q124388723,wikidata,1,n/a
FR,France,True,université des patients,https://universitedespatients-sorbonne.fr,0,,Q97696577,wikidata,1,n/a
FR,France,True,Université des sciences sociales de Grenoble,,0,,Q124379818,wikidata,1,n/a
FR,France,True,Université Européenne des Senteurs & Saveurs,http://www.uess.fr,0,,Q16024190,wikidata,1,n/a
FR,France,True,université française du Pacifique,,0,,Q3551778,wikidata,1,n/a
FR,France,True,université libre des sciences de l'homme,,0,,Q135085269,wikidata,1,n/a
FR,France,True,"Université scientifique, technologique et médicale de Grenoble",,0,,Q124377879,wikidata,1,n/a
FR,France,True,Upper Alsace University,https://www.uha.fr/fr,0,,Q280183,wikidata,1,n/a
FR,France,True,École Centrale de Lille,https://centralelille.fr,0,,Q273461,wikidata,1,n/a
FR,France,True,École d'application de l'artillerie et du génie de Fontainebleau,,0,,Q135438059,wikidata,1,n/a
FR,France,True,École d'application de l'artillerie et du génie in Metz,,0,,Q3577752,wikidata,1,n/a
FR,France,True,École d'application du Génie maritime,,0,,Q112625981,wikidata,1,n/a
FR,France,True,École de Brienne,,0,,Q3577781,wikidata,1,n/a
FR,France,True,École de l'infanterie,,0,,Q3577873,wikidata,1,n/a
FR,France,True,École de maistrance,http://www.defense.gouv.fr/marine/ressources-humaines/ecoles-et-formations/ecole-de-maistrance/ecole-de-maistrance,0,,Q3577889,wikidata,1,n/a
FR,France,True,École de psychologues praticiens,https://www.psycho-prat.fr,0,,Q3577907,wikidata,1,n/a
FR,France,True,École des Avocats du Grand Ouest,http://www.edago.fr/,0,I4210101849,,openalex,1,n/a
FR,France,True,École des chartes,https://www.chartes.psl.eu,0,,Q273570,wikidata,1,n/a
FR,France,True,École des technologies numériques avancées,http://www.etna.io,0,,Q636818,wikidata,1,n/a
FR,France,True,École intuit.lab,https://ecole-intuit-lab.co.in,0,,Q18164744,wikidata,1,n/a
FR,France,True,École Militaire,,0,,Q273480,wikidata,1,n/a
FR,France,True,École militaire d'infanterie de Cherchell,,0,,Q3578042,wikidata,1,n/a
FR,France,True,École nationale supérieure d'électronique et de radioélectricité de Grenoble,http://www.enserg.fr,0,,Q3578218,wikidata,1,n/a
FR,France,True,École nationale supérieure de chimie de Mulhouse,https://www.enscmu.uha.fr,0,,Q3578220,wikidata,1,n/a
FR,France,True,École nationale supérieure des sciences applicatives et du risque,http://iriaf.univ-poitiers.fr,0,,Q2405920,wikidata,1,n/a
FR,France,True,école normale supérieure,,0,,Q135436,wikidata,1,n/a
FR,France,True,École polytechnique universitaire de Lille,https://www.polytech-lille.fr,0,,Q3395837,wikidata,1,n/a
FR,France,True,École royale du génie de Mézières,,0,,Q3578345,wikidata,1,n/a
FR,France,True,"École supérieure pour la qualité, l'environnement et la sécurité en entreprise",http://www.esqese.fr,0,,Q3578523,wikidata,1,n/a
FR,France,True,Ésitpa,,0,,Q3591503,wikidata,1,n/a
FR,France,True,Établissement de La Ressource,,0,,Q3591523,wikidata,1,n/a
GB,United Kingdom,True,University of Oxford,https://www.ox.ac.uk,707165,I40120149,Q34433,openalex;wikidata,3,True
GB,United Kingdom,True,University of Cambridge,https://www.cam.ac.uk,533251,I241749,Q35794,openalex;wikidata,3,True
GB,United Kingdom,True,University College London,http://www.ucl.ac.uk/,530068,I45129253,,openalex,2,True
GB,United Kingdom,True,Imperial College London,https://www.imperial.ac.uk,425383,I47508984,Q189022,openalex;wikidata,3,True
GB,United Kingdom,True,University of Manchester,https://www.manchester.ac.uk/,342284,I28407311,Q230899,openalex;wikidata,3,True
GB,United Kingdom,True,University of Edinburgh,https://www.ed.ac.uk,313784,I98677209,Q160302,openalex;wikidata,3,True
GB,United Kingdom,True,King's College London,https://www.kcl.ac.uk/,282001,I183935753,Q245247,openalex;wikidata,3,True
GB,United Kingdom,True,University of Birmingham,http://www.birmingham.ac.uk/index.aspx,230819,I79619799,Q223429,openalex;wikidata,3,True
GB,United Kingdom,True,University of Bristol,https://www.bristol.ac.uk/,229802,I36234482,Q459506,openalex;wikidata,3,True
GB,United Kingdom,True,University of Glasgow,https://www.gla.ac.uk/,209626,I7882870,Q192775,openalex;wikidata,3,True
GB,United Kingdom,True,University of Leeds,https://www.leeds.ac.uk,204748,I130828816,Q503424,openalex;wikidata,3,True
GB,United Kingdom,True,University of Liverpool,https://www.liverpool.ac.uk/,199354,I146655781,Q499510,openalex;wikidata,3,True
GB,United Kingdom,True,University of Sheffield,https://www.sheffield.ac.uk,198723,I91136226,Q823917,openalex;wikidata,3,True
GB,United Kingdom,True,University of Nottingham,https://www.nottingham.ac.uk/,198363,I142263535,Q472316,openalex;wikidata,3,True
GB,United Kingdom,True,University of Southampton,https://www.southampton.ac.uk/,193880,I43439940,Q76473,openalex;wikidata,3,True
GB,United Kingdom,True,Newcastle University,https://www.ncl.ac.uk,161916,I84884186,Q837164,openalex;wikidata,3,True
GB,United Kingdom,True,Queen Mary University of London,https://www.qmul.ac.uk/,151460,I166337079,Q195668,openalex;wikidata,3,True
GB,United Kingdom,True,University of Warwick,https://warwick.ac.uk/,143284,I39555362,Q865528,openalex;wikidata,3,True
GB,United Kingdom,True,Cardiff University,http://www.cardiff.ac.uk/,137815,I79510175,Q1035745,openalex;wikidata,3,True
GB,United Kingdom,True,University of London,https://london.ac.uk,136730,I124357947,Q170027,openalex;wikidata,3,True
GB,United Kingdom,True,University of Exeter,https://www.exeter.ac.uk,122989,I23923803,Q1414861,openalex;wikidata,3,True
GB,United Kingdom,True,London School of Hygiene & Tropical Medicine,http://www.lshtm.ac.uk/,120324,I4210089966,Q1126189,openalex;wikidata,3,True
GB,United Kingdom,True,Queen's University Belfast,https://www.qub.ac.uk,118925,I126231945,Q877925,openalex;wikidata,3,True
GB,United Kingdom,True,Durham University,https://www.dur.ac.uk/,114063,I190082696,Q458393,openalex;wikidata,3,True
GB,United Kingdom,True,University of Leicester,https://le.ac.uk,109858,I153648349,Q1333399,openalex;wikidata,3,True
GB,United Kingdom,True,University of York,https://www.york.ac.uk,109841,I52099693,Q967165,openalex;wikidata,3,True
GB,United Kingdom,True,University of Aberdeen,https://www.abdn.ac.uk,100018,I195460627,Q270532,openalex;wikidata,3,True
GB,United Kingdom,True,Lancaster University,https://www.lancaster.ac.uk,91768,I67415387,,openalex,2,True
GB,United Kingdom,True,University of Reading,https://www.reading.ac.uk,91340,I71052956,Q1432632,openalex;wikidata,3,True
GB,United Kingdom,True,University of Strathclyde,https://www.strath.ac.uk,89389,I181647926,Q1859178,openalex;wikidata,3,True
GB,United Kingdom,True,Loughborough University,https://www.lboro.ac.uk,89055,I143804889,Q1434547,openalex;wikidata,3,True
GB,United Kingdom,True,University of Sussex,https://www.sussex.ac.uk,87002,I162608824,Q1161297,openalex;wikidata,3,True
GB,United Kingdom,True,University of Surrey,https://www.surrey.ac.uk,83828,I28290843,Q546976,openalex;wikidata,3,True
GB,United Kingdom,True,University of St Andrews,https://www.st-andrews.ac.uk/,82523,I16835326,Q216273,openalex;wikidata,3,True
GB,United Kingdom,True,London School of Economics and Political Science,https://www.lse.ac.uk/,78741,I909854389,Q174570,openalex;wikidata,3,True
GB,United Kingdom,True,University of Bath,https://www.bath.ac.uk/,77008,I51601045,Q1422458,openalex;wikidata,3,True
GB,United Kingdom,True,University of East Anglia,https://www.uea.ac.uk/,76337,I1118541,Q1045828,openalex;wikidata,3,True
GB,United Kingdom,True,University of Dundee,https://www.dundee.ac.uk,66349,I177639307,Q1249005,openalex;wikidata,3,True
GB,United Kingdom,True,Swansea University,https://www.swansea.ac.uk,65641,I39586589,Q1420500,openalex;wikidata,3,True
GB,United Kingdom,True,The Open University,https://www.open.ac.uk,58243,I204136569,Q2413375,openalex;wikidata,3,True
GB,United Kingdom,True,University of Kent,https://www.kent.ac.uk,56208,I20581793,Q1516684,openalex;wikidata,3,True
GB,United Kingdom,True,Brunel University of London,https://www.brunel.ac.uk,53605,I59433898,Q932411,openalex;wikidata,3,True
GB,United Kingdom,True,University of Wales,https://www.wales.ac.uk/,52278,I97429440,Q1072029,openalex;wikidata,3,True
GB,United Kingdom,True,University of Essex,https://www.essex.ac.uk,50734,I110002522,Q1075104,openalex;wikidata,3,True
GB,United Kingdom,True,University of Hull,https://www.hull.ac.uk,48458,I191240316,Q1474019,openalex;wikidata,3,True
GB,United Kingdom,True,Heriot-Watt University,https://www.hw.ac.uk/,47144,I32062511,Q1610024,openalex;wikidata,3,True
GB,United Kingdom,True,Northumbria University,https://www.northumbria.ac.uk/,45212,I32394136,Q2503794,openalex;wikidata,3,True
GB,United Kingdom,True,Royal Holloway University of London,https://www.royalholloway.ac.uk/,44869,I184558857,Q1202039,openalex;wikidata,3,True
GB,United Kingdom,True,Keele University,https://www.keele.ac.uk,43415,I56007636,Q1737734,openalex;wikidata,3,True
GB,United Kingdom,True,University of Ulster,https://www.ulster.ac.uk,43205,I138801177,,openalex,2,True
GB,United Kingdom,True,"St George's, University of London",https://www.sgul.ac.uk,43122,I165862685,,openalex,2,True
GB,United Kingdom,True,University of Plymouth,https://www.plymouth.ac.uk/,41408,I897542642,Q1711558,openalex;wikidata,3,True
GB,United Kingdom,True,"City, University of London",https://www.city.ac.uk,40287,I180825142,Q1094046,openalex;wikidata,3,True
GB,United Kingdom,True,Aston University,https://www.aston.ac.uk,39816,I169199633,Q750066,openalex;wikidata,3,True
GB,United Kingdom,True,Liverpool John Moores University,https://www.ljmu.ac.uk/,39550,I63098007,Q1627967,openalex;wikidata,3,True
GB,United Kingdom,True,Bangor University,https://www.bangor.ac.uk,39214,I161548249,Q790029,openalex;wikidata,3,True
GB,United Kingdom,True,University of Salford,https://www.salford.ac.uk,38607,I54459138,Q2738622,openalex;wikidata,3,True
GB,United Kingdom,True,University of Portsmouth,https://www.port.ac.uk,38302,I63072094,Q2744209,openalex;wikidata,3,True
GB,United Kingdom,True,Manchester Metropolitan University,https://www.mmu.ac.uk,37267,I11983389,Q1888771,openalex;wikidata,3,True
GB,United Kingdom,True,Cranfield University,https://www.cranfield.ac.uk,36693,I82284825,Q181177,openalex;wikidata,3,True
GB,United Kingdom,True,"Birkbeck, University of London",https://www.bbk.ac.uk,36495,I98259816,Q375606,openalex;wikidata,3,True
GB,United Kingdom,True,University of Stirling,https://www.stir.ac.uk,36468,I12093191,Q963530,openalex;wikidata,3,True
GB,United Kingdom,True,University of Bradford,https://www.bradford.ac.uk/external,34882,I139894009,Q954035,openalex;wikidata,3,True
GB,United Kingdom,True,Aberystwyth University,https://www.aber.ac.uk,32545,I16038530,Q319761,openalex;wikidata,3,True
GB,United Kingdom,True,Nottingham Trent University,https://www.ntu.ac.uk,31666,I52590639,Q2002619,openalex;wikidata,3,True
GB,United Kingdom,True,University of Hertfordshire,https://www.herts.ac.uk,30714,I141584323,Q1745633,openalex;wikidata,3,True
GB,United Kingdom,True,Institute of Cancer Research,http://www.icr.ac.uk/,30243,I142947616,,openalex,2,True
GB,United Kingdom,True,Coventry University,https://www.coventry.ac.uk/,29904,I73417466,Q1138080,openalex;wikidata,3,True
GB,United Kingdom,True,University of the West of England,https://www.uwe.ac.uk,29343,I178535277,Q2002520,openalex;wikidata,3,True
GB,United Kingdom,True,Sheffield Hallam University,https://www.shu.ac.uk,24762,I71422933,Q1752117,openalex;wikidata,3,True
GB,United Kingdom,True,Oxford Brookes University,https://www.brookes.ac.uk/,24371,I124261462,Q132478,openalex;wikidata,3,True
GB,United Kingdom,True,University of Lancashire,https://www.lancashire.ac.uk,24106,I185852735,Q1857773,openalex;wikidata,3,True
GB,United Kingdom,True,University of Huddersfield,https://www.hud.ac.uk,24103,I133837150,Q3056815,openalex;wikidata,3,True
GB,United Kingdom,True,De Montfort University,https://www.dmu.ac.uk,24095,I66943878,Q3551402,openalex;wikidata,3,True
GB,United Kingdom,True,University of Greenwich,https://www.gre.ac.uk,21253,I55060895,Q1896148,openalex;wikidata,3,True
GB,United Kingdom,True,Bournemouth University,https://www.bournemouth.ac.uk,21115,I9300472,Q3182943,openalex;wikidata,3,True
GB,United Kingdom,True,University of Brighton,https://www.brighton.ac.uk,19286,I71637028,Q3056813,openalex;wikidata,3,True
GB,United Kingdom,True,Royal Veterinary College,https://www.rvc.ac.uk,18531,I133836048,,openalex,2,True
GB,United Kingdom,True,University of Westminster,https://www.westminster.ac.uk/,18527,I94951947,Q1247544,openalex;wikidata,3,True
GB,United Kingdom,True,Middlesex University London,https://www.mdx.ac.uk,18523,I60488453,,openalex,2,True
GB,United Kingdom,True,Edinburgh Napier University,http://www.napier.ac.uk/alumni/Pages/home.aspx,18166,I251738,Q1277357,openalex;wikidata,3,True
GB,United Kingdom,True,University of Lincoln,https://www.lincoln.ac.uk,18072,I51532219,Q2738646,openalex;wikidata,3,True
GB,United Kingdom,True,Kingston University London,https://www.kingston.ac.uk,17899,I205051169,,openalex,2,True
GB,United Kingdom,True,Glasgow Caledonian University,http://www.gcu.ac.uk/,17579,I195939026,Q1353139,openalex;wikidata,3,True
GB,United Kingdom,True,Anglia Ruskin University,https://www.aru.ac.uk/,17425,I51216347,Q540751,openalex;wikidata,3,True
GB,United Kingdom,True,Leeds Beckett University,https://www.leedsbeckett.ac.uk,17107,I84027002,Q2392351,openalex;wikidata,3,True
GB,United Kingdom,True,SOAS University of London,https://www.soas.ac.uk,17100,I31575130,Q220144,openalex;wikidata,3,True
GB,United Kingdom,True,Goldsmiths University of London,https://www.gold.ac.uk,16105,I55521800,Q528231,openalex;wikidata,3,True
GB,United Kingdom,True,London South Bank University,http://www.lsbu.ac.uk/,15551,I28257850,Q289348,openalex;wikidata,3,True
GB,United Kingdom,True,Teesside University,https://tees.ac.uk,14567,I874055015,Q3695910,openalex;wikidata,3,True
GB,United Kingdom,True,University of Wolverhampton,https://www.wlv.ac.uk,14523,I119664326,Q1816202,openalex;wikidata,3,True
GB,United Kingdom,True,Birmingham City University,https://www.bcu.ac.uk,14279,I12870472,Q3547145,openalex;wikidata,3,True
GB,United Kingdom,True,"City St George's, University of London",https://www.citystgeorges.ac.uk,13500,I4401726869,Q124917493,openalex;wikidata,3,True
GB,United Kingdom,True,University of the West of Scotland,https://www.uws.ac.uk,12771,I868834043,Q1296153,openalex;wikidata,3,True
GB,United Kingdom,True,University of East London,https://www.uel.ac.uk,12256,I157227730,Q1345942,openalex;wikidata,3,True
GB,United Kingdom,True,University of Derby,https://www.derby.ac.uk,11842,I22128151,Q3183295,openalex;wikidata,3,True
GB,United Kingdom,True,Robert Gordon University,https://rgu.ac.uk,11335,I522815984,Q1788342,openalex;wikidata,3,True
GB,United Kingdom,True,London Metropolitan University,https://www.londonmet.ac.uk/,11112,I126193024,Q1869028,openalex;wikidata,3,True
GB,United Kingdom,True,Edge Hill University,https://www.edgehill.ac.uk,10685,I165525304,Q937482,openalex;wikidata,3,True
GB,United Kingdom,True,University of Staffordshire,https://www.staffs.ac.uk,10576,I198012923,Q1534573,openalex;wikidata,3,True
GB,United Kingdom,True,Brighton and Sussex Medical School,https://www.bsms.ac.uk/index.aspx,9996,I100063501,,openalex,2,True
GB,United Kingdom,True,University of Roehampton,https://www.roehampton.ac.uk/,9692,I877107187,Q939607,openalex;wikidata,3,True
GB,United Kingdom,True,London Business School,https://www.london.edu/,9192,I61544103,,openalex,2,True
GB,United Kingdom,True,University of Chester,https://www.chester.ac.uk,9153,I137265193,Q762243,openalex;wikidata,3,True
GB,United Kingdom,True,Cardiff Metropolitan University,https://www.cardiffmet.ac.uk,9117,I8408910,Q5038449,openalex;wikidata,3,True
GB,United Kingdom,True,Hull York Medical School,https://www.hyms.ac.uk,8750,I69768126,,openalex,2,True
GB,United Kingdom,True,University of Sunderland,https://www.sunderland.ac.uk,8643,I5728261,Q1094742,openalex;wikidata,3,True
GB,United Kingdom,True,Canterbury Christ Church University,https://www.canterbury.ac.uk,8590,I119474363,Q3182956,openalex;wikidata,3,True
GB,United Kingdom,True,University of South Wales,https://www.southwales.ac.uk,7959,I128993996,Q1971174,openalex;wikidata,3,True
GB,United Kingdom,True,University of Bedfordshire,https://www.beds.ac.uk,7640,I147554453,Q3047150,openalex;wikidata,3,True
GB,United Kingdom,True,University of Northampton,http://www.northampton.ac.uk/,7073,I35870678,Q3123462,openalex;wikidata,3,True
GB,United Kingdom,True,Scotland's Rural College,https://www.sruc.ac.uk,6882,I260719752,,openalex,2,True
GB,United Kingdom,True,University of Glamorgan,https://glamorganuniversity.org,6696,I4405265726,Q1143242,openalex;wikidata,2,False
GB,United Kingdom,True,University of Gloucestershire,https://www.glos.ac.uk,6059,I114203471,Q1816872,openalex;wikidata,3,True
GB,United Kingdom,True,Barts Cancer Institute,https://www.bci.qmul.ac.uk,5933,I4405264518,,openalex,2,True
GB,United Kingdom,True,York St John University,http://www.yorksj.ac.uk/,5921,I124246371,Q8055565,openalex;wikidata,3,True
GB,United Kingdom,True,University of the Arts London,http://www.arts.ac.uk/,5873,I86211378,Q2065666,openalex;wikidata,3,True
GB,United Kingdom,True,University of Winchester,https://winchester.ac.uk,5671,I184461854,Q3551690,openalex;wikidata,3,True
GB,United Kingdom,True,University of Greater Manchester,https://greatermanchester.ac.uk,5583,I165678365,Q1683230,openalex;wikidata,3,True
GB,United Kingdom,True,Queen Margaret University,https://www.qmu.ac.uk/,5549,I181656237,Q915989,openalex;wikidata,3,True
GB,United Kingdom,True,University of Worcester,https://www.worcester.ac.uk/,5322,I808010,Q3036648,openalex;wikidata,3,True
GB,United Kingdom,True,University of West London,https://www.uwl.ac.uk,5061,I177463362,Q2007778,openalex;wikidata,3,True
GB,United Kingdom,True,Abertay University,https://www.abertay.ac.uk,5003,I877506347,,openalex,2,True
GB,United Kingdom,True,Liverpool Hope University,https://www.hope.ac.uk,4823,I44852757,Q1818020,openalex;wikidata,3,True
GB,United Kingdom,True,Bath Spa University,https://www.bathspa.ac.uk/,4782,I91047523,Q3091754,openalex;wikidata,3,True
GB,United Kingdom,True,"Ulster University, Derry-Londonderry Campus",https://www.ulster.ac.uk/campuses/derry-londonderry,4111,I4405260289,,openalex,2,True
GB,United Kingdom,True,University of Buckingham,https://www.buckingham.ac.uk,4014,I92864154,Q2010561,openalex;wikidata,3,True
GB,United Kingdom,True,University of the Highlands and Islands,https://www.uhi.ac.uk,3903,I5857645,Q1470817,openalex;wikidata,3,True
GB,United Kingdom,True,King's College School,https://www.kcs.org.uk/,3591,I4210119896,,openalex,2,True
GB,United Kingdom,True,"Institute of Biological, Environmental and Rural Sciences",https://www.aber.ac.uk/en/ibers/,3576,I4210146599,,openalex,2,True
GB,United Kingdom,True,Wrexham University,https://wrexham.ac.uk,3351,I184856343,Q3400501,openalex;wikidata,3,True
GB,United Kingdom,True,Harper Adams University,http://www.harper-adams.ac.uk/,3133,I918000572,Q5663364,openalex;wikidata,3,True
GB,United Kingdom,True,Scottish Agricultural College,,3062,I4405264319,,openalex,2,True
GB,United Kingdom,True,University of Chichester,https://www.chi.ac.uk,2837,I104658917,Q3551577,openalex;wikidata,3,True
GB,United Kingdom,True,Peninsula College of Medicine and Dentistry,http://www.pcmd.ac.uk/,2765,I85788879,,openalex,2,True
GB,United Kingdom,True,University of Suffolk,https://www.uos.ac.uk,2741,I127165138,Q24661246,openalex;wikidata,3,True
GB,United Kingdom,True,University of Cumbria,https://www.cumbria.ac.uk,2520,I96698942,Q1861974,openalex;wikidata,3,True
GB,United Kingdom,True,University of Wales Trinity Saint David,https://www.uwtsd.ac.uk/,2454,I99434035,Q3551774,openalex;wikidata,3,True
GB,United Kingdom,True,St Mary's University Twickenham London,https://www.stmarys.ac.uk,2447,I216071944,,openalex,2,True
GB,United Kingdom,True,Southampton Solent University,https://www.solent.ac.uk,2421,I156118397,Q2065695,openalex;wikidata,3,True
GB,United Kingdom,True,Royal College of Art,https://www.rca.ac.uk,2418,I165526535,Q1753535,openalex;wikidata,2,False
GB,United Kingdom,True,Lister Institute of Preventive Medicine,http://www.lister-institute.org.uk/,2278,I87208433,,openalex,2,True
GB,United Kingdom,True,Courtauld Institute of Art,https://courtauld.ac.uk,1984,I107603542,Q734266,openalex;wikidata,3,True
GB,United Kingdom,True,ESCP Business School,https://escp.eu/london,1961,I4210140385,,openalex,2,True
GB,United Kingdom,True,Buckinghamshire New University,http://bucks.ac.uk/,1793,I19668297,Q448403,openalex;wikidata,3,True
GB,United Kingdom,True,Leeds Trinity University,https://leedstrinity.ac.uk,1721,I339756655,Q1849271,openalex;wikidata,3,True
GB,United Kingdom,True,"Heythrop College, University of London",http://www.heythrop.ac.uk/,1476,I180628986,Q641609,openalex;wikidata,3,True
GB,United Kingdom,True,Newman University,http://www.newman.ac.uk/,1332,I210300861,Q4710828,openalex;wikidata,3,True
GB,United Kingdom,True,Regent's University London,https://regents.ac.uk,1276,I245794714,Q7308066,openalex;wikidata,3,True
GB,United Kingdom,True,Royal Society of Medicine,https://www.rsm.ac.uk/,1232,I127237049,,openalex,2,True
GB,United Kingdom,True,Royal Agricultural University,https://www.rau.ac.uk,1192,I888641300,Q3445856,openalex;wikidata,3,True
GB,United Kingdom,True,Glasgow School of Art,https://www.gsa.ac.uk,1186,I119511950,Q748106,openalex;wikidata,3,True
GB,United Kingdom,True,Medway School of Pharmacy,http://www.msp.ac.uk/,1027,I167056439,Q16951256,openalex;wikidata,2,False
GB,United Kingdom,True,Health Sciences University,https://www.hsu.ac.uk,986,I200358475,Q4763618,openalex;wikidata,3,True
GB,United Kingdom,True,Plymouth Marjon University,https://www.marjon.ac.uk/,937,I4210132580,Q7894637,openalex;wikidata,3,True
GB,United Kingdom,True,Sarah Cannon Research Institute,http://sarahcannonresearch.co.uk/,922,I172427033,,openalex,2,True
GB,United Kingdom,True,Bishop Grosseteste University,https://www.bgu.ac.uk,903,I2801155571,,openalex,2,True
GB,United Kingdom,True,Hartpury University,https://www.hartpury.ac.uk/,875,I4210111655,,openalex,2,True
GB,United Kingdom,True,London Postgraduate Medical and Dental Education,http://www.lpmde.ac.uk/,874,I4210103404,,openalex,2,True
GB,United Kingdom,True,Northeastern University London,https://www.nulondon.ac.uk,874,I2800917498,Q1982481,openalex;wikidata,3,True
GB,United Kingdom,True,Falmouth University,https://www.falmouth.ac.uk,810,I189486483,Q5432602,openalex;wikidata,3,True
GB,United Kingdom,True,Royal College of Surgeons of Edinburgh,http://www.rcsed.ac.uk/,747,I157543744,,openalex,2,True
GB,United Kingdom,True,Royal College of Physicians of Edinburgh,https://www.rcpe.ac.uk/,732,I150346915,,openalex,2,True
GB,United Kingdom,True,Hult International Business School,http://www.hult.edu/,676,I180507712,,openalex,2,True
GB,United Kingdom,True,Arden University,https://arden.ac.uk/,671,I4210143921,Q28401421,openalex;wikidata,3,True
GB,United Kingdom,True,University for the Creative Arts,https://www.uca.ac.uk,644,I65106266,Q2598272,openalex;wikidata,3,True
GB,United Kingdom,True,Royal College of Paediatrics and Child Health,https://www.rcpch.ac.uk,614,I55571929,,openalex,2,True
GB,United Kingdom,True,Royal College of Music,https://rcm.ac.uk,587,I136605902,Q304985,openalex;wikidata,3,True
GB,United Kingdom,True,Royal Military Academy Sandhurst,https://www.army.mod.uk/support-and-training/our-schools-and-colleges/rma-sandhurst/,568,I126787527,,openalex,2,True
GB,United Kingdom,True,London Institute for Mathematical Sciences,https://lims.ac.uk,520,I4210123447,,openalex,2,True
GB,United Kingdom,True,Royal College of Veterinary Surgeons,https://www.rcvs.org.uk/home/,506,I3129982075,,openalex,2,True
GB,United Kingdom,True,"The University of Wales, Newport",http://www.newport.ac.uk,489,I4405263949,Q935290,openalex;wikidata,3,True
GB,United Kingdom,True,BPP University,http://www.bpp.com/bpp-university/home,483,I2800328743,Q4836273,openalex;wikidata,3,True
GB,United Kingdom,True,Leicester College,https://leicestercollege.ac.uk,481,I2801815002,,openalex,2,True
GB,United Kingdom,True,Royal Central School of Speech and Drama,https://cssd.ac.uk,478,I2801119737,Q981195,openalex;wikidata,3,True
GB,United Kingdom,True,New College,https://www.newcollege.ac.uk,441,I4210149706,,openalex,2,True
GB,United Kingdom,True,Manchester College,http://www.themanchestercollege.ac.uk/,408,I4210136534,,openalex,2,True
GB,United Kingdom,True,"Richmond, The American International University in London",https://www.richmond.ac.uk,384,I18077023,Q7330738,openalex;wikidata,3,True
GB,United Kingdom,True,The Loke Centre for Trophoblast Research,https://www.trophoblast.cam.ac.uk,384,I4405263101,,openalex,2,True
GB,United Kingdom,True,Portsmouth College,https://www.portsmouth-college.ac.uk/,347,I3129963184,,openalex,2,True
GB,United Kingdom,True,Royal College of Physicians and Surgeons of Glasgow,https://www.rcpsg.ac.uk/,337,I59604499,,openalex,2,True
GB,United Kingdom,True,Royal Academy of Music,https://www.ram.ac.uk,336,I7715029,Q1144673,openalex;wikidata,3,True
GB,United Kingdom,True,Ruskin College,https://www.ruskin.ac.uk/,328,I63885303,,openalex,2,True
GB,United Kingdom,True,St Mary's University College,https://www.stmarys-belfast.ac.uk/,321,I78547848,,openalex,2,True
GB,United Kingdom,True,Higher Education Academy,https://www.heacademy.ac.uk,314,I68879011,,openalex,2,True
GB,United Kingdom,True,The University of Law,https://www.law.ac.uk,314,I4210095757,Q9357897,openalex;wikidata,3,True
GB,United Kingdom,True,Ravensbourne University London,http://www.ravensbourne.ac.uk/,281,I4210086302,Q7296496,openalex;wikidata,3,True
GB,United Kingdom,True,"Bradford College, England",https://www.bradfordcollege.ac.uk/,271,I921248508,,openalex,2,True
GB,United Kingdom,True,Guildhall School of Music and Drama,https://www.gsmd.ac.uk,252,I2802461616,Q1419737,openalex;wikidata,2,False
GB,United Kingdom,True,City of Glasgow College,https://www.cityofglasgowcollege.ac.uk/,238,I867661903,,openalex,2,True
GB,United Kingdom,True,University College Birmingham,https://www.ucb.ac.uk,234,I3133184724,Q7894613,openalex;wikidata,3,True
GB,United Kingdom,True,Northampton College,https://www.northamptoncollege.ac.uk/,224,I2800412648,,openalex,2,True
GB,United Kingdom,True,North London College,http://www.northlondoncollege.co.uk/index.php/en/,220,I4210147506,,openalex,2,True
GB,United Kingdom,True,Arts University Bournemouth,https://aub.ac.uk,219,I3131094493,,openalex,2,True
GB,United Kingdom,True,Polish University Abroad,https://puno.ac.uk,212,I4210106796,Q7209998,openalex;wikidata,2,False
GB,United Kingdom,True,York College,https://www.yorkcollege.ac.uk/,207,I4210135528,,openalex,2,True
GB,United Kingdom,True,City College Brighton and Hove,http://www.ccb.ac.uk/,201,I4210152251,,openalex,2,True
GB,United Kingdom,True,North East Surrey College of Technology,https://www.nescot.ac.uk,198,I116038262,,openalex,2,True
GB,United Kingdom,True,Manchester School of Architecture,http://www.msa.ac.uk/,196,I3132256593,,openalex,2,True
GB,United Kingdom,True,Derby College,https://www.derby-college.ac.uk/,193,I4210123711,,openalex,2,True
GB,United Kingdom,True,Norwich University of the Arts,https://www.norwichuni.ac.uk,193,I2801739420,Q3695681,openalex;wikidata,3,True
GB,United Kingdom,True,Universities at Medway,http://www.medway.ac.uk/,193,I3132930427,Q7894464,openalex;wikidata,2,False
GB,United Kingdom,True,Loughborough College,https://www.loucoll.ac.uk/,191,I2802255150,,openalex,2,True
GB,United Kingdom,True,University College of Estate Management,https://www.ucem.ac.uk/,190,I4210116977,,openalex,2,True
GB,United Kingdom,True,City College Norwich,https://www.ccn.ac.uk/,184,I63202286,,openalex,2,True
GB,United Kingdom,True,Edinburgh College,https://edinburghcollege.ac.uk,180,I3130638677,,openalex,2,True
GB,United Kingdom,True,Leeds Arts University,http://www.leeds-art.ac.uk/,177,I2801351888,,openalex,2,True
GB,United Kingdom,True,NIHR School for Primary Care Research,https://www.spcr.nihr.ac.uk,171,I4391768249,,openalex,2,True
GB,United Kingdom,True,Newcastle College,https://ncl-coll.ac.uk,170,I2800844553,,openalex,2,True
GB,United Kingdom,True,Cambridge University Health Partners,http://cuhp.org.uk/,158,I4210114010,,openalex,2,True
GB,United Kingdom,True,Manchester Grammar School,http://mgs.org/,158,I2799341351,,openalex,2,True
GB,United Kingdom,True,Oxford Spires Academy,http://www.oxfordspiresacademy.org/,157,I4210166754,,openalex,2,True
GB,United Kingdom,True,Royal College of Emergency Medicine,http://www.rcem.ac.uk/,155,I154935518,,openalex,2,True
GB,United Kingdom,True,Suffolk New College,https://www.suffolk.ac.uk,152,I4210106237,,openalex,2,True
GB,United Kingdom,True,London School of Commerce,http://www.lsclondon.co.uk/,147,I2799946305,Q6670738,openalex;wikidata,3,True
GB,United Kingdom,True,Royal Society of Edinburgh,https://www.royalsoced.org.uk/,146,I1314169295,,openalex,2,True
GB,United Kingdom,True,Hull College,http://www.hull-college.ac.uk/,133,I2799441781,,openalex,2,True
GB,United Kingdom,True,Arts University Plymouth,https://www.aup.ac.uk,131,I2801530513,Q7205783,openalex;wikidata,3,True
GB,United Kingdom,True,Academy of Medical Royal Colleges,http://www.aomrc.org.uk/,125,I175271995,,openalex,2,True
GB,United Kingdom,True,New College Durham,http://www.newcollegedurham.ac.uk/,117,I11244750,,openalex,2,True
GB,United Kingdom,True,London School of Business and Management,http://www.lsbm.ac.uk/,109,I2799858192,,openalex,2,True
GB,United Kingdom,True,The London College,https://www.lcuck.ac.uk/,107,I4210144746,,openalex,2,True
GB,United Kingdom,True,The London Interdisciplinary School,https://www.lis.ac.uk,107,I4405257746,Q104862011,openalex;wikidata,3,True
GB,United Kingdom,True,Blackpool and The Fylde College,https://www.blackpool.ac.uk,101,I4210129323,Q16984484,openalex;wikidata,2,False
GB,United Kingdom,True,British College of Osteopathic Medicine,http://www.bcom.ac.uk/,101,I2801267814,,openalex,2,True
GB,United Kingdom,True,Canterbury College,http://www.ekcgroup.ac.uk/colleges/canterbury-college,99,I4210136427,,openalex,2,True
GB,United Kingdom,True,Nottingham College,https://www.nottinghamcollege.ac.uk/,92,I4210133130,,openalex,2,True
GB,United Kingdom,True,Kingston College,https://kingston-college.ac.uk/,88,I2801402261,,openalex,2,True
GB,United Kingdom,True,Chichester College,https://chichester.ac.uk/,85,I2800026193,,openalex,2,True
GB,United Kingdom,True,College of North West London,http://www.cnwl.ac.uk/,85,I2801343013,,openalex,2,True
GB,United Kingdom,True,Liverpool College,https://liverpoolcollege.org.uk,81,I3130378879,,openalex,2,True
GB,United Kingdom,True,Britannia Royal Naval College,http://www.royalnavy.mod.uk/our-organisation/where-we-are/training-establishments/brnc-dartmouth,79,I4210133766,Q1795492,openalex;wikidata,2,False
GB,United Kingdom,True,Belfast Metropolitan College,https://www.belfastmet.ac.uk,78,I135526715,,openalex,2,True
GB,United Kingdom,True,City of Liverpool College,http://www.liv-coll.ac.uk/,77,I2799432301,,openalex,2,True
GB,United Kingdom,True,South Essex College,http://www.southessex.ac.uk/,73,I2892357484,,openalex,2,True
GB,United Kingdom,True,Royal Air Force College Cranwell,http://www.raf.mod.uk/rafcollegecranwell/,72,I2800289278,Q7373601,openalex;wikidata,2,False
GB,United Kingdom,True,Trinity College London,http://www.trinitycollege.com/,72,I2802207673,,openalex,2,True
GB,United Kingdom,True,UK Management College,https://www.ukmc.ac.uk,71,I4405266937,,openalex,2,True
GB,United Kingdom,True,City of Westminster College,http://www.cwc.ac.uk/,70,I3210091819,,openalex,2,True
GB,United Kingdom,True,City of Wolverhampton College,https://www.wolvcoll.ac.uk,65,I2801783332,,openalex,2,True
GB,United Kingdom,True,City of Bristol College,http://www.cityofbristol.ac.uk/,64,I2802576431,,openalex,2,True
GB,United Kingdom,True,Sunderland College,http://sunderlandcollege.ac.uk/,63,I2802223148,,openalex,2,True
GB,United Kingdom,True,Bristol and Bath Science Park,https://www.bbsp.co.uk/,61,I3132500319,,openalex,2,True
GB,United Kingdom,True,ICON College of Technology and Management,https://www.iconcollege.ac.uk,59,I4405263878,,openalex,2,True
GB,United Kingdom,True,Bournemouth and Poole College,http://www.thecollege.co.uk/,58,I2799753734,,openalex,2,True
GB,United Kingdom,True,Leeds City College,https://leedscitycollege.ac.uk,58,I3130493017,,openalex,2,True
GB,United Kingdom,True,Richmond upon Thames College,https://www.rutc.ac.uk/,58,I43565586,,openalex,2,True
GB,United Kingdom,True,Bishop Auckland College,https://bacoll.ac.uk/,57,I4210087718,,openalex,2,True
GB,United Kingdom,True,Cambridge Muslim College,http://www.cambridgemuslimcollege.org/,56,I2800339927,,openalex,2,True
GB,United Kingdom,True,Royal College of Speech and Language Therapists,https://www.rcslt.org/,55,I3132460479,,openalex,2,True
GB,United Kingdom,True,Walbrook Institute London,https://www.walbrook.ac.uk,53,I4405258153,,openalex,2,True
GB,United Kingdom,True,College of West Anglia,https://www.cwa.ac.uk,49,I2802519977,Q5146873,openalex;wikidata,3,True
GB,United Kingdom,True,American University in London,http://www.aul.edu/,48,I2800490233,Q4745314,openalex;wikidata,3,True
GB,United Kingdom,True,Leeds College of Music,https://lcm.ac.uk,48,I148357934,,openalex,2,True
GB,United Kingdom,True,Lancaster Royal Grammar School,https://www.lrgs.org.uk/,47,I2802296100,,openalex,2,True
GB,United Kingdom,True,London School of Business and Finance,http://www.lsbf.org.uk/,46,I2801373344,,openalex,2,True
GB,United Kingdom,True,Royal Academy of Dramatic Art,https://www.rada.ac.uk,44,I4405259227,,openalex,2,True
GB,United Kingdom,True,Wirral Metropolitan College,https://wmc.ac.uk,44,I197358716,,openalex,2,True
GB,United Kingdom,True,Bowel Cancer UK,https://www.bowelcanceruk.org.uk/,43,I4210128652,,openalex,2,True
GB,United Kingdom,True,Haywood Academy,https://www.haywoodacademy.coop/,40,I4210136055,,openalex,2,True
GB,United Kingdom,True,West College Scotland,https://www.westcollegescotland.ac.uk,39,I2802079417,,openalex,2,True
GB,United Kingdom,True,MRC Centre of Research Excellence in Restorative Neural Dynamics,https://rnd.ac.uk,38,I4405263025,,openalex,2,True
GB,United Kingdom,True,London Studio Centre,http://www.londonstudiocentre.org/,34,I4210098326,,openalex,2,True
GB,United Kingdom,True,The Liverpool Institute for Performing Arts,http://www.lipa.ac.uk/,34,I2800582552,Q1668871,openalex;wikidata,3,True
GB,United Kingdom,True,Robert Gordon's College,https://www.rgc.aberdeen.sch.uk/,33,I4210150008,,openalex,2,True
GB,United Kingdom,True,Institute for Research in Schools,http://www.researchinschools.org/,31,I4210128100,,openalex,2,True
GB,United Kingdom,True,Kingston Maurward College,https://www.kmc.ac.uk,31,I2800013074,,openalex,2,True
GB,United Kingdom,True,Newcastle-under-Lyme College,https://www.nulc.ac.uk/,31,I2800269742,,openalex,2,True
GB,United Kingdom,True,Richmond School and Sixth Form College,http://www.richmondschool.net/,28,I4210155430,,openalex,2,True
GB,United Kingdom,True,Bath College,https://www.bathcollege.ac.uk/,26,I2801963553,,openalex,2,True
GB,United Kingdom,True,Bishop Burton College,https://www.bishopburton.ac.uk/,26,I2799649839,,openalex,2,True
GB,United Kingdom,True,London Film School,https://lfs.org.uk/,26,I3129953342,,openalex,2,True
GB,United Kingdom,True,Lancaster and Morecambe College,https://www.lmc.ac.uk,25,I2800687053,,openalex,2,True
GB,United Kingdom,True,South and City College Birmingham,http://www.sccb.ac.uk/,24,I2940582748,,openalex,2,True
GB,United Kingdom,True,South Gloucestershire and Stroud College,https://www.sgscol.ac.uk,24,I2803036487,,openalex,2,True
GB,United Kingdom,True,College of St George,https://www.stgeorges-windsor.org/,23,I4210104656,,openalex,2,True
GB,United Kingdom,True,Leeds College of Building,https://www.lcb.ac.uk/,23,I3130725698,,openalex,2,True
GB,United Kingdom,True,Gower College Swansea,https://gcs.ac.uk,22,I2801827304,,openalex,2,True
GB,United Kingdom,True,Scottish Universities Life Sciences Alliance,http://www.sulsa.ac.uk/,22,I4210135866,,openalex,2,True
GB,United Kingdom,True,Cardiff and Vale College,https://www.cavc.ac.uk,21,I4210112261,,openalex,2,True
GB,United Kingdom,True,Kensington College of Business,http://www.kensingtoncoll.ac.uk/,20,I2800778610,,openalex,2,True
GB,United Kingdom,True,Glasgow Kelvin College,https://glasgowkelvin.ac.uk,19,I2801372796,,openalex,2,True
GB,United Kingdom,True,Dundee and Angus College,https://dundeeandangus.ac.uk/,18,I2799748993,,openalex,2,True
GB,United Kingdom,True,City College Southampton,https://www.southampton-city.ac.uk/,17,I4210087893,,openalex,2,True
GB,United Kingdom,True,Sussex Downs College,http://www.sussexdowns.ac.uk/,17,I254693768,,openalex,2,True
GB,United Kingdom,True,Warnborough College,http://warnborough.ac.uk/,17,I2802462076,Q7969667,openalex;wikidata,2,False
GB,United Kingdom,True,Stanground Academy,http://www.stangroundacademy.org/home/,16,I4210125156,,openalex,2,True
GB,United Kingdom,True,North Kent College,http://www.northkent.ac.uk/,15,I3042701018,,openalex,2,True
GB,United Kingdom,True,Fife College,https://fife.ac.uk,14,I2802682648,Q16992127,openalex;wikidata,2,False
GB,United Kingdom,True,Twyford Church of England High School,https://twyford.ealing.sch.uk,13,I4210118606,,openalex,2,True
GB,United Kingdom,True,Birmingham Metropolitan College,http://www.bmetc.ac.uk/,12,I2802845139,,openalex,2,True
GB,United Kingdom,True,North Hertfordshire College,https://www.nhc.ac.uk,12,I3024743231,,openalex,2,True
GB,United Kingdom,True,Lloyd's Maritime Academy,http://www.lloydsmaritimeacademy.com/,11,I4210096401,,openalex,2,True
GB,United Kingdom,True,West Suffolk College,http://www.westsuffolkcollege.ac.uk/,10,I4210158629,,openalex,2,True
GB,United Kingdom,True,Runshaw College,https://www.runshaw.ac.uk/,9,I2801447011,Q7380113,openalex;wikidata,2,False
GB,United Kingdom,True,European College of Business and Management,http://www.ecbm-london.de/en/?no_cache=1,8,I2799580797,,openalex,2,True
GB,United Kingdom,True,Queen Elizabeth’s Academy,https://www.queenelizabeths-ac.org.uk/,8,I4210165275,,openalex,2,True
GB,United Kingdom,True,Queen Margaret's,https://queenmargarets.com/,8,I4210156303,,openalex,2,True
GB,United Kingdom,True,Westminster Kingsway College,http://westking.ac.uk/,7,I2802673661,,openalex,2,True
GB,United Kingdom,True,Azad University in Oxford,http://www.auox.org.uk/,6,I2802158427,,openalex,2,True
GB,United Kingdom,True,City College Coventry,http://www.covcollege.ac.uk/,5,I2800882465,,openalex,2,True
GB,United Kingdom,True,Irish Baptist College,http://www.irishbaptistcollege.net/,5,I3166016001,Q6070523,openalex;wikidata,2,False
GB,United Kingdom,True,London Social Science,http://londonsocialscience.org.uk/main/index.php,5,I4210108379,,openalex,2,True
GB,United Kingdom,True,Shawlands Academy,http://www.shawlandsacademy.glasgow.sch.uk/default.aspx,5,I3130116131,,openalex,2,True
GB,United Kingdom,True,Sussex Recovery College,https://www.sussexrecoverycollege.org.uk/,5,I4210091734,,openalex,2,True
GB,United Kingdom,True,King's Health Partners Clinical Trials Office,https://khpcto.co.uk/,3,I4405267340,,openalex,2,True
GB,United Kingdom,True,Sheffield Children's University,http://www.childrensuniversity.co.uk/home/work-with-us/local-cus/sheffield-childrens-university/home/,3,I4210089380,,openalex,2,True
GB,United Kingdom,True,Walsall Academy,https://www.walsallacademy.com/,3,I4210109235,,openalex,2,True
GB,United Kingdom,True,Balshaw’s Church of England High School,https://www.balshaws.lancs.sch.uk/,2,I4210087292,,openalex,2,True
GB,United Kingdom,True,British Scoliosis Research Foundation,http://www.bsrf.co.uk/,2,I4210155485,,openalex,2,True
GB,United Kingdom,True,Elmwood College,,2,I4405265469,Q2368866,openalex;wikidata,2,False
GB,United Kingdom,True,Ossett Academy,https://www.ossettacademy.co.uk/,2,I4210138140,,openalex,2,True
GB,United Kingdom,True,Salford City College,https://www.salfordcc.ac.uk,2,I2852761870,,openalex,2,True
GB,United Kingdom,True,South Staffordshire College,https://www.southstaffs.ac.uk,2,I2892499309,,openalex,2,True
GB,United Kingdom,True,Beacon Hill Academy,http://www.beaconhill.thurrock.sch.uk/s,1,I4210113476,,openalex,2,True
GB,United Kingdom,True,Christ the King Sixth Form College,http://www.ctksfc.ac.uk/,1,I4210124168,,openalex,2,True
GB,United Kingdom,True,Glasgow Clyde College,https://www.glasgowclyde.ac.uk,1,I3019794580,,openalex,2,True
GB,United Kingdom,True,American University of London,http://www.americanuniversity.eu,0,,Q4745318,wikidata,2,True
GB,United Kingdom,True,AWQAF Africa Muslim Open College,,0,,Q4655146,wikidata,2,True
GB,United Kingdom,True,Bellahouston Academy,http://www.bellahoustonacademy.glasgow.sch.uk/,0,I4210114871,,openalex,2,True
GB,United Kingdom,True,BIMM University,https://www.bimm.ac.uk,0,,Q4967681,wikidata,2,True
GB,United Kingdom,True,Birmingham Polytechnic Institution,,0,,Q4916777,wikidata,2,True
GB,United Kingdom,True,Birmingham School of Jewellery,https://www.bcu.ac.uk/jewellery,0,,Q4916801,wikidata,2,True
GB,United Kingdom,True,Blueberry Academy,https://www.blueberryacademy.co.uk,0,I4210102232,,openalex,2,True
GB,United Kingdom,True,Brighton Polytechnic,,0,,Q60651297,wikidata,2,True
GB,United Kingdom,True,Bristol Baptist College,,0,,Q26514873,wikidata,2,True
GB,United Kingdom,True,British Maternal and Fetal Medicine Society,http://www.bmfms.org.uk,0,,Q15994953,wikidata,2,True
GB,United Kingdom,True,Cambridge Institute for Sustainability Leadership,https://www.cisl.cam.ac.uk,0,,Q5025499,wikidata,2,True
GB,United Kingdom,True,Canterbury Christ Church University - Broadstairs,,0,,Q24673948,wikidata,2,True
GB,United Kingdom,True,Canterbury Christ Church University - Salomons,,0,,Q24673951,wikidata,2,True
GB,United Kingdom,True,Cardiff School of Art & Design,https://www.cardiffmet.ac.uk/artanddesign/Pages/default.aspx,0,,Q5038460,wikidata,2,True
GB,United Kingdom,True,Cardiff Technical College,,0,,Q74706787,wikidata,2,True
GB,United Kingdom,True,Cardiff U3A,,0,,Q140666724,wikidata,2,True
GB,United Kingdom,True,Cardiff West Community High School,http://www.cardiffwestchs.cardiff.sch.uk/,0,I4210104077,,openalex,2,True
GB,United Kingdom,True,"Centre for Energy, Petroleum and Mineral Law and Policy",http://www.dundee.ac.uk/cepmlp,0,,Q5062424,wikidata,2,True
GB,United Kingdom,True,City of Birmingham Polytechnic,,0,,Q120446027,wikidata,2,True
GB,United Kingdom,True,College of Contract Management,https://www.theccm.co.uk/,0,I4210094781,,openalex,2,True
GB,United Kingdom,True,Cumbria County History Trust,http://www.cumbriacountyhistory.org.uk,0,,Q17183672,wikidata,2,True
GB,United Kingdom,True,"Department of Economics, University of Oxford",,0,,Q45133634,wikidata,2,True
GB,United Kingdom,True,Durham University Athletic Union,,0,,Q5316577,wikidata,2,True
GB,United Kingdom,True,Emil Dale Academy,,0,,Q110128752,wikidata,2,True
GB,United Kingdom,True,"Faculty of Education, Law and Social Sciences",http://www.bcu.ac.uk/elss,0,,Q5428938,wikidata,2,True
GB,United Kingdom,True,Federal University of Surrey,,0,,Q5440480,wikidata,2,True
GB,United Kingdom,True,Functional Food Centre at Oxford Brookes University,,0,,Q5508786,wikidata,2,True
GB,United Kingdom,True,GCU London,http://www.gculondon.ac.uk,0,,Q5513054,wikidata,2,True
GB,United Kingdom,True,Glasgow School for Business and Society,http://www.moffatcentre.com,0,,Q5566908,wikidata,2,True
GB,United Kingdom,True,Hartpury University and College,https://www.hartpury.ac.uk,0,,Q5675151,wikidata,2,True
GB,United Kingdom,True,Hartpury University and Hartpury College,,0,,Q132451294,wikidata,2,True
GB,United Kingdom,True,International College Portsmouth,http://www.port.ac.uk/icp,0,,Q6049362,wikidata,2,True
GB,United Kingdom,True,International University of Islamic Sciences,,0,,Q6722367,wikidata,2,True
GB,United Kingdom,True,INTO City University London,,0,,Q102522267,wikidata,2,True
GB,United Kingdom,True,"King's College, Newcastle-upon-Tyne",,0,,Q78308792,wikidata,2,True
GB,United Kingdom,True,Kingston College of Art,,0,,Q124538829,wikidata,2,True
GB,United Kingdom,True,Kingston College of Technology,,0,,Q124538824,wikidata,2,True
GB,United Kingdom,True,Kingston University,https://www.kingston.ac.uk,0,,Q2503809,wikidata,2,True
GB,United Kingdom,True,Lincoln Bishop University,http://www.lincolnbishop.ac.uk,0,,Q4917580,wikidata,2,True
GB,United Kingdom,True,Liverpool Media Academy,https://www.lma.ac.uk,0,,Q6658506,wikidata,2,True
GB,United Kingdom,True,London College of Fashion,http://arts.ac.uk/fashion,0,,Q1627503,wikidata,2,True
GB,United Kingdom,True,London College of Music,https://uwl.ac.uk/lcm,0,,Q3258945,wikidata,2,True
GB,United Kingdom,True,London College of Music Examinations,http://www.uwl.ac.uk/lcmexams,0,,Q6670254,wikidata,2,True
GB,United Kingdom,True,London Consortium,http://www.londonconsortium.com,0,,Q16996858,wikidata,2,True
GB,United Kingdom,True,London Guildhall University,,0,,Q6670459,wikidata,2,True
GB,United Kingdom,True,Margaret McMillan College,,0,,Q127502359,wikidata,2,True
GB,United Kingdom,True,Middlesex University,https://www.mdx.ac.uk,0,,Q1760791,wikidata,2,True
GB,United Kingdom,True,National College of Agricultural Engineering,,0,,Q6971595,wikidata,2,True
GB,United Kingdom,True,Nottingham University Samworth Academy,https://www.nusa.org.uk/,0,I4210141317,,openalex,2,True
GB,United Kingdom,True,Open University UK,,0,,Q12746403,wikidata,2,True
GB,United Kingdom,True,Park Vale Academy,http://www.parkvaleacademy.org.uk/,0,I4210118417,,openalex,2,True
GB,United Kingdom,True,Pearson College London,https://www.pearsoncollege.ac.uk,0,,Q1496803,wikidata,2,True
GB,United Kingdom,True,Plymouth Devon International College,http://www.plymouth.ac.uk/pdic,0,,Q7205798,wikidata,2,True
GB,United Kingdom,True,Queen Margaret College,,0,,Q7270436,wikidata,2,True
GB,United Kingdom,True,"School of Engineering, University of Edinburgh",,0,,Q131388748,wikidata,2,True
GB,United Kingdom,True,"School of Mathematics, University of Edinburgh",,0,,Q131299013,wikidata,2,True
GB,United Kingdom,True,"School of Physics and Astronomy, University of Leicester",,0,,Q136352331,wikidata,2,True
GB,United Kingdom,True,Sea Mammal Research Unit,http://www.smru.st-andrews.ac.uk,0,,Q7439950,wikidata,2,True
GB,United Kingdom,True,South London Christian College,http://www.globalinstitute.org.uk,0,,Q7567835,wikidata,2,True
GB,United Kingdom,True,South-East Essex Technical College and School of Art,,0,,Q7565272,wikidata,2,True
GB,United Kingdom,True,"St Mary's College, Aberystwyth",,0,,Q16900501,wikidata,2,True
GB,United Kingdom,True,"St Mary's University, Twickenham",https://www.stmarys.ac.uk,0,,Q2321391,wikidata,2,True
GB,United Kingdom,True,Swansea University Medical School,http://www.swansea.ac.uk/medicine,0,,Q7653715,wikidata,2,True
GB,United Kingdom,True,Teikyo University of Japan in Durham,https://www.teikyouniversitydurham.com/,0,I4210092051,Q17055617,openalex;wikidata,3,True
GB,United Kingdom,True,The Academy at Shotton Hall,http://www.shottonhallacademy.co.uk/,0,I3133062253,,openalex,2,True
GB,United Kingdom,True,Trinity College,https://www.trin.cam.ac.uk,0,,Q332342,wikidata,2,True
GB,United Kingdom,True,Trustees' Academy,,0,,Q122768154,wikidata,2,True
GB,United Kingdom,True,Ulster University,https://www.ulster.ac.uk,0,,Q2096524,wikidata,2,True
GB,United Kingdom,True,University Academy Holbeach,https://www.universityacademyholbeach.org/,0,I4210123180,Q7894499,openalex;wikidata,3,True
GB,United Kingdom,True,University for the Creative Arts - Canterbury,,0,,Q24673953,wikidata,2,True
GB,United Kingdom,True,University for the Creative Arts - Epsom,,0,,Q24673945,wikidata,2,True
GB,United Kingdom,True,University for the Creative Arts - Maidstone,,0,,Q24673949,wikidata,2,True
GB,United Kingdom,True,University for the Creative Arts - Rochester,,0,,Q24673947,wikidata,2,True
GB,United Kingdom,True,University of Abertay Dundee,http://www.abertay.ac.uk,0,,Q1505925,wikidata,2,True
GB,United Kingdom,True,University of Central England in Birmingham,,0,,Q120446079,wikidata,2,True
GB,United Kingdom,True,University of Greenwich - Avery Hill,,0,,Q24678088,wikidata,2,True
GB,United Kingdom,True,University of Greenwich - Medway,,0,,Q24673952,wikidata,2,True
GB,United Kingdom,True,University of Kent - Tonbridge,https://www.kent.ac.uk/tonbridge,0,,Q24678086,wikidata,2,True
GB,United Kingdom,True,University of Kent – School of Sport & Exercise Sciences,,0,,Q17040338,wikidata,2,True
GB,United Kingdom,True,University of Lancaster,http://www.lancs.ac.uk,0,,Q262854,wikidata,2,True
GB,United Kingdom,True,University of London Institute in Paris,https://ulip.london.ac.uk,0,,Q3551353,wikidata,2,True
GB,United Kingdom,True,University of Manchester Institute of Science and Technology,http://www.manchester.ac.uk,0,,Q4272498,wikidata,2,True
GB,United Kingdom,True,University of North London,,0,,Q7895971,wikidata,2,True
GB,United Kingdom,True,University of Strathclyde Faculty of Engineering,https://www.strath.ac.uk/engineering,0,,Q16258750,wikidata,2,True
GB,United Kingdom,True,University of Wales Institute of Science and Technology,,0,,Q119039638,wikidata,2,True
GB,United Kingdom,True,University of Wales Trinity Saint David - Lampeter Campus,http://www.uwtsd.ac.uk,0,,Q1816905,wikidata,2,True
GB,United Kingdom,True,University of Wales Trinity Saint David - Swansea Campus,http://www.smu.ac.uk,0,,Q7653704,wikidata,2,True
GB,United Kingdom,True,Victoria University of Manchester,,0,,Q867530,wikidata,2,True
GB,United Kingdom,True,Wellcome Institute for the History of Medicine,http://wihm.ucl.ac.uk,0,,Q19600144,wikidata,2,True
GB,United Kingdom,True,West Lancashire College,http://www.westlancs.ac.uk,0,,Q16250244,wikidata,2,True
GR,Greece,False,National and Kapodistrian University of Athens,https://www.uoa.gr,144739,I200777214,Q547867,openalex;wikidata,3,True
GR,Greece,False,Aristotle University of Thessaloniki,https://www.auth.gr,116055,I21370196,Q667568,openalex;wikidata,3,True
GR,Greece,False,National Technical University of Athens,https://www.ntua.gr,63228,I174458059,Q1640726,openalex;wikidata,3,True
GR,Greece,False,University of Patras,https://www.upatras.gr,60188,I174878644,Q1462246,openalex;wikidata,3,True
GR,Greece,False,University of Crete,https://www.uoc.gr,44221,I142617266,Q2302473,openalex;wikidata,3,True
GR,Greece,False,University of Ioannina,https://uoi.gr,39218,I194019607,Q1229924,openalex;wikidata,3,True
GR,Greece,False,University of Thessaly,https://www.uth.gr,33846,I145722265,Q1471684,openalex;wikidata,3,True
GR,Greece,False,Democritus University of Thrace,https://duth.gr,26582,I147962203,Q1121584,openalex;wikidata,3,True
GR,Greece,False,University of the Aegean,https://www.aegean.gr,16893,I98805295,Q593556,openalex;wikidata,3,True
GR,Greece,False,Agricultural University of Athens,https://www2.aua.gr,14867,I109954829,Q1804771,openalex;wikidata,3,True
GR,Greece,False,University of Piraeus,https://unipi.gr,12554,I154757721,Q550263,openalex;wikidata,3,True
GR,Greece,False,University of West Attica,https://www.uniwa.gr,11769,I4210094138,Q50359480,openalex;wikidata,3,True
GR,Greece,False,Technical University of Crete,https://www.tuc.gr,11688,I55741626,Q1974562,openalex;wikidata,3,True
GR,Greece,False,Athens University of Economics and Business,https://aueb.gr,11627,I73142707,Q1474656,openalex;wikidata,3,True
GR,Greece,False,University of Macedonia,https://www.uom.gr,8414,I192756129,Q1637117,openalex;wikidata,3,True
GR,Greece,False,Hellenic Open University,http://www.eap.gr/,8241,I231025917,Q3035299,openalex;wikidata,3,True
GR,Greece,False,University of Peloponnese,https://www.uop.gr,7985,I158716096,Q3551766,openalex;wikidata,3,True
GR,Greece,False,Hellenic Mediterranean University,https://hmu.gr,7721,I28710699,Q63479721,openalex;wikidata,3,True
GR,Greece,False,Harokopio University of Athens,https://www.hua.gr,7702,I32762134,Q1067642,openalex;wikidata,3,True
GR,Greece,False,International Hellenic University,https://www.ihu.gr,7272,I183898223,Q6050910,openalex;wikidata,3,True
GR,Greece,False,University of Western Macedonia,https://www.uowm.gr,7010,I89506807,Q2665063,openalex;wikidata,3,True
GR,Greece,False,Academy of Athens,https://www.academyofathens.gr,6493,I206127235,,openalex,2,True
GR,Greece,False,Panteion University,http://www.panteion.gr/,4454,I177144353,Q953421,openalex;wikidata,3,True
GR,Greece,False,Ionian University,https://ionio.gr/gr/,4180,I187792471,Q1672093,openalex;wikidata,3,True
GR,Greece,False,Technological Educational Institute of Athens,http://www.teiath.gr/?lang=en,4026,I40479246,,openalex,2,True
GR,Greece,False,Alexander Technological Educational Institute of Thessaloniki,http://www.teithe.gr/index_en.html,2825,I77990126,,openalex,2,True
GR,Greece,False,Technological Educational Institute of Thessaly,http://www.teilar.gr/,1537,I51955386,,openalex,2,True
GR,Greece,False,National School of Public Health,http://www.nsph.gr/?page=home&lang=EN,1521,I4210094245,,openalex,2,True
GR,Greece,False,School of Pedagogical and Technological Education,https://www.aspete.gr,1397,I254421610,Q7432540,openalex;wikidata,3,True
GR,Greece,False,Technological Educational Institute of Piraeus,http://www.teipir.gr/index.php/en/,1363,I122380217,,openalex,2,True
GR,Greece,False,Western Macedonia University Of Applied Science,http://www.teiwm.gr/index.php?lang=en,1270,I4387153823,,openalex,2,True
GR,Greece,False,Technological Educational Institute of Eastern Macedonia and Thrace,http://www.teikav.edu.gr/index.php?lang=en,1137,I53074787,,openalex,2,True
GR,Greece,False,Hellenic Military Academy,http://sse.army.gr/,1112,I24897511,,openalex,2,True
GR,Greece,False,Hellenic Naval Academy,https://www.hna.gr,1019,I152516533,Q5707269,openalex;wikidata,3,True
GR,Greece,False,Technological Educational Institute of Epirus,http://www.teiep.gr,940,I4210159397,,openalex,2,True
GR,Greece,False,Technological Educational Institute of Western Greece,http://www.teiwest.gr/index.php/en/,939,I1319660883,,openalex,2,True
GR,Greece,False,Technological Educational Institute of Central Greece,http://www.teiste.gr/,934,I179161674,,openalex,2,True
GR,Greece,False,Mediterranean Agronomic Institute of Chania,http://www.maich.gr/,875,I1283664872,Q6807032,openalex;wikidata,3,True
GR,Greece,False,Hellenic Air Force Academy,https://hafa.haf.gr,814,I4405256334,Q3566957,openalex;wikidata,3,True
GR,Greece,False,Technological Educational Institute of Central Macedonia,http://www.teicm.gr/,641,I149588736,,openalex,2,True
GR,Greece,False,Technological Educational Institute of Peloponnese,http://www.teikal.gr/en/,547,I2802303737,Q7692469,openalex;wikidata,3,True
GR,Greece,False,"Alba Graduate Business School, The American College of Greece",http://www.alba.edu.gr/Pages/Default.aspx,523,I20648287,,openalex,2,True
GR,Greece,False,British School at Athens,http://www.bsa.ac.uk/,520,I21431960,,openalex,2,True
GR,Greece,False,American School of Classical Studies at Athens,http://www.ascsa.edu.gr/,393,I98720382,,openalex,2,True
GR,Greece,False,Technological Educational Institute of the Ionian Islands,http://www.teiion.gr/,339,I180810085,,openalex,2,True
GR,Greece,False,Hellenic Mediterranean University Research and Innovation Center,https://hmu.gr/en/research/university-research-and-innovation-center/,126,I4405263223,,openalex,2,True
GR,Greece,False,Swedish Institute at Athens,http://www.sia.gr/,111,I4210091877,,openalex,2,True
GR,Greece,False,University Ecclesiastical Academy of Thessaloniki,http://web.aeath.gr/jaeath/en/,81,I4210090683,,openalex,2,True
GR,Greece,False,Athens College,https://www.athenscollege.edu.gr,54,I4405282320,,openalex,2,True
GR,Greece,False,Higher Ecclesiastical Academy of Athens,http://www.aeaa.gr/,15,I4210130733,,openalex,2,True
GR,Greece,False,Democritus University of Thrace Alexandroupolis Campus,,0,,Q38910026,wikidata,2,True
GR,Greece,False,Ionian University of Smyrna,,0,,Q6063652,wikidata,2,True
GR,Greece,False,Technological Educational Institute of Messolonghi,http://www.teimes.gr,0,,Q7692472,wikidata,2,True
GR,Greece,False,University of Athens,,0,,Q38284481,wikidata,2,True
GR,Greece,False,University of Western Greece,http://www.uwg.gr,0,,Q7896610,wikidata,2,True
HR,Croatia,False,University of Zagreb,http://www.unizg.hr/,124297,I181343428,Q675848,openalex;wikidata,2,n/a
HR,Croatia,False,University of Split,https://www.unist.hr,25290,I92251255,Q609301,openalex;wikidata,2,n/a
HR,Croatia,False,University of Rijeka,https://uniri.hr,23852,I154347574,Q787388,openalex;wikidata,2,n/a
HR,Croatia,False,University of Osijek,https://www.unios.hr/,23169,I51314090,Q1708709,openalex;wikidata,2,n/a
HR,Croatia,False,Faculty of Humanities and Social Sciences in Zagreb,https://web2020.ffzg.unizg.hr,10058,I4396570636,,openalex,1,n/a
HR,Croatia,False,Faculty of Electrical Engineering and Computing in Zagreb,https://www.fer.unizg.hr,9505,I4390039327,,openalex,1,n/a
HR,Croatia,False,University of Zadar,https://www.unizd.hr,7537,I56033108,Q2496233,openalex;wikidata,2,n/a
HR,Croatia,False,Faculty of Mechanical Engineering and Naval Architecture in Zagreb,https://www.fsb.unizg.hr,4616,I4387154256,,openalex,1,n/a
HR,Croatia,False,Ekonomski fakultet - Zagreb,https://www.efzg.unizg.hr/,3934,I4405258963,,openalex,1,n/a
HR,Croatia,False,Catholic University of Croatia,https://www.unicath.hr,2784,I4210110782,Q12632683,openalex;wikidata,2,n/a
HR,Croatia,False,Juraj Dobrila University of Pula,https://www.unipu.hr/,2775,I25607154,,openalex,1,n/a
HR,Croatia,False,University North,https://www.unin.hr,2571,I4210105025,Q57978195,openalex;wikidata,2,n/a
HR,Croatia,False,University of Dubrovnik,https://www.unidu.hr,2523,I180629606,Q2496046,openalex;wikidata,2,n/a
HR,Croatia,False,Institute for Social Research,http://www.idi.hr/en/,1304,I3133182661,,openalex,1,n/a
HR,Croatia,False,Institute of Croatian Language and Linguistics,http://ihjj.hr/en,1182,I262026596,,openalex,1,n/a
HR,Croatia,False,University of Applied Health Sciences,https://www.zvu.hr,1154,I4210103466,,openalex,1,n/a
HR,Croatia,False,Tehničko Veleučilište u Zagrebu,https://tvz.hr,920,I4210129203,,openalex,1,n/a
HR,Croatia,False,University of Slavonski Brod,https://www.unisb.hr,876,I4210148273,,openalex,1,n/a
HR,Croatia,False,Polytechnic of Rijeka,https://www.veleri.hr,744,I23736277,,openalex,1,n/a
HR,Croatia,False,Algebra Bernays University,https://www.algebra.hr/sveuciliste/,682,I4210102288,,openalex,1,n/a
HR,Croatia,False,Zagreb School of Economics and Management,http://www.zsem.hr/,666,I72852730,Q3514601,openalex;wikidata,2,n/a
HR,Croatia,False,Libertas International University,https://www.libertas.hr,658,I4210147980,,openalex,1,n/a
HR,Croatia,False,Karlovac University of Applied Sciences,https://www.vuka.hr,482,I4210151249,,openalex,1,n/a
HR,Croatia,False,Institute of Public Health Osijek-Baranja County,http://www.zzjzosijek.hr/index.php?page=main,414,I4210098348,,openalex,1,n/a
HR,Croatia,False,Polytechnic Marko Marulic,https://www.veleknin.hr,411,I4210105120,,openalex,1,n/a
HR,Croatia,False,Rochester Institute of Technology Croatia,http://www.croatia.rit.edu//,399,I2799440398,,openalex,1,n/a
HR,Croatia,False,Filozofsko-teološki institut Družbe Isusove,https://www.ftidi.hr,396,I4405260782,,openalex,1,n/a
HR,Croatia,False,VERN' University,https://www.vern.hr/,383,I4210093284,Q16110691,openalex;wikidata,2,n/a
HR,Croatia,False,Šibenik University of Applied Sciences,https://www.vus.hr,360,I4210160789,,openalex,1,n/a
HR,Croatia,False,Polytechnic of Međimurje in Čakovec,https://www.mev.hr/?lang=en,324,I4210110324,,openalex,1,n/a
HR,Croatia,False,Akademija za umjetnost i kulturu u Osijeku,https://www.uaos.unios.hr,310,I4405261200,,openalex,1,n/a
HR,Croatia,False,College of Agriculture at Križevci,https://www.vguk.hr/,305,I4210111679,,openalex,1,n/a
HR,Croatia,False,Policijska akademija,http://www.policija.hr/4542.aspx,281,I4210101070,,openalex,1,n/a
HR,Croatia,False,Polytecnic in Požega,http://www.vup.hr/,265,I4210154075,,openalex,1,n/a
HR,Croatia,False,Polytechnic Lavoslav Ružička Vukovar,https://www.vevu.hr/,232,I4210107360,Q7227034,openalex;wikidata,2,n/a
HR,Croatia,False,Baltazar Zaprešić University of Applied Sciences,http://stari.bak.hr/English/,225,I4210105077,,openalex,1,n/a
HR,Croatia,False,Akademija medicinskih znanosti Hrvatske,https://www.amzh.hr,199,I4405261419,,openalex,1,n/a
HR,Croatia,False,Umjetnička akademija u Splitu,https://www.umas.unist.hr,198,I4405261937,,openalex,1,n/a
HR,Croatia,False,Dr. Franjo Tudman Defense and Security University,https://www.sois-ft.hr,175,I4405253412,,openalex,1,n/a
HR,Croatia,False,Brodarski Institute,http://www.hrbi.hr/index.php/en/,157,I4210126609,,openalex,1,n/a
HR,Croatia,False,Muzička akademija,https://muza.unizg.hr,156,I4405262660,,openalex,1,n/a
HR,Croatia,False,Zagreb School of Business,http://www.vpsz.hr/,142,I4210128539,,openalex,1,n/a
HR,Croatia,False,Veleučilište Velika Gorica,https://vvg.hr/,140,I4210127324,,openalex,1,n/a
HR,Croatia,False,Evanđeosko teološko veleučilište,https://www.etvos.hr,126,I4405257184,,openalex,1,n/a
HR,Croatia,False,Veleučilište u Virovitici,https://www.vuv.hr,122,I4405262354,,openalex,1,n/a
HR,Croatia,False,Veleučilište Aspira,https://www.aspira.hr,116,I4405262875,,openalex,1,n/a
HR,Croatia,False,Akademija likovnih umjetnosti u Zagrebu,https://www.alu.unizg.hr,115,I4405260400,,openalex,1,n/a
HR,Croatia,False,Visoka Škola za Informacijske Tehnologije Zagreb,https://www.vsite.hr/?q=en,110,I4210130513,,openalex,1,n/a
HR,Croatia,False,Istarsko veleučilište,https://www.iv.hr,109,I4405262513,,openalex,1,n/a
HR,Croatia,False,Veleučilište studija sigurnosti,https://www.vss.hr,106,I4210089406,,openalex,1,n/a
HR,Croatia,False,Akademija dramske umjetnosti,https://www.adu.hr,91,I4405261558,,openalex,1,n/a
HR,Croatia,False,College for Management in Tourism and Informatics in Virovitica,http://www.vsmti.hr/en.html,83,I4210125877,,openalex,1,n/a
HR,Croatia,False,"Veleučilište ""Nikola Tesla"" u Gospiću",http://www.velegs-nikolatesla.hr/vele/index.php,80,I4210127359,,openalex,1,n/a
HR,Croatia,False,EFFECTUS veleučilište,https://www.effectus.com.hr,77,I4405258987,,openalex,1,n/a
HR,Croatia,False,University Center for Protestant Theology Matthias Flacius Illyricus,http://www.tfmvi.hr/,67,I4210126963,,openalex,1,n/a
HR,Croatia,False,MUP-Veleučilište kriminalistike i javne sigurnosti,https://kriminalistika.gov.hr,64,I4405262782,,openalex,1,n/a
HR,Croatia,False,Akademija tehničkih znanosti Hrvatske,https://www.hatz.hr,62,I4405258709,,openalex,1,n/a
HR,Croatia,False,Veleučilište PAR,https://www.par.hr,47,I4405262794,,openalex,1,n/a
HR,Croatia,False,Veleučilište Ivanić-Grad,https://www.vsig.hr,44,I4405262092,,openalex,1,n/a
HR,Croatia,False,Akademija primijenjenih umjetnosti u Rijeci,https://www.apuri.uniri.hr,32,I4405260629,,openalex,1,n/a
HR,Croatia,False,Veleučilište RRiF,https://rvs.hr/hr/naslovna/,26,I4405261910,,openalex,1,n/a
HR,Croatia,False,Polytechnic Pula,http://www.politehnika-pula.hr/,25,I4210159649,,openalex,1,n/a
HR,Croatia,False,Veleučilište Hrvatsko zagorje Krapina,https://www.vhzk.hr,20,I4405262460,,openalex,1,n/a
HR,Croatia,False,Sokrat,http://www.sokrat.hr/,5,I4210103043,,openalex,1,n/a
HR,Croatia,False,Srednja škola Andrije Ljudevita Adamića,https://ss-adamic.com,1,I4405259376,,openalex,1,n/a
HR,Croatia,False,Veleučilište ARCA,https://velarca.hr,1,I4405262370,,openalex,1,n/a
HR,Croatia,False,Business School PAR,http://www.par.hr,0,,Q12644730,wikidata,1,n/a
HR,Croatia,False,"Catholic faculty of Theology, University of Split",https://www.kbf.unist.hr/en,0,,Q11058998,wikidata,1,n/a
HR,Croatia,False,Dubrovnik International University,http://uni.libertas.hr/eng,0,,Q5311141,wikidata,1,n/a
HR,Croatia,False,"Faculty of Civil Engineering, University of Osijek",http://www.gfos.unios.hr,0,,Q5428923,wikidata,1,n/a
HR,Croatia,False,"Faculty of Food Technology, University of Osijek",http://www.ptfos.hr,0,,Q5428967,wikidata,1,n/a
HR,Croatia,False,"Faculty of Law, University of Osijek",http://www.pravos.unios.hr,0,,Q5429003,wikidata,1,n/a
HR,Croatia,False,"Faculty of Teacher Education, University of Osijek",http://www.ufos.unios.hr,0,,Q5429077,wikidata,1,n/a
HR,Croatia,False,Institute of Philosophy and Theology of the Society of Jesus,https://www.ftidi.hr,0,,Q97228827,wikidata,1,n/a
HR,Croatia,False,Istrian Polytechnic,https://www.iv.hr,0,,Q135410023,wikidata,1,n/a
HR,Croatia,False,Professional Business School of Higher Education LIBERTAS,http://www.vps-libertas.hr/eng/start_news.aspx,0,,Q7247938,wikidata,1,n/a
HR,Croatia,False,"School of Medicine, University of Osijek",http://www.mefos.unios.hr,0,,Q17097740,wikidata,1,n/a
HR,Croatia,False,University of Pula,https://www.unipu.hr,0,,Q633782,wikidata,1,n/a
HU,Hungary,False,Eötvös Loránd University,https://www.elte.hu,69934,I106118109,Q390287,openalex;wikidata,3,True
HU,Hungary,False,University of Szeged,https://u-szeged.hu/,57205,I227486990,Q369839,openalex;wikidata,3,True
HU,Hungary,False,Semmelweis University,https://semmelweis.hu/,56212,I101202996,Q277681,openalex;wikidata,3,True
HU,Hungary,False,University of Debrecen,https://unideb.hu,55702,I132735039,Q903092,openalex;wikidata,3,True
HU,Hungary,False,Budapest University of Technology and Economics,https://www.bme.hu,47588,I29770179,Q1186843,openalex;wikidata,3,True
HU,Hungary,False,University of Pecs,https://pte.hu,35232,I79741316,Q1187444,openalex;wikidata,3,True
HU,Hungary,False,University of Miskolc,https://www.uni-miskolc.hu/,11915,I20230540,Q729786,openalex;wikidata,3,True
HU,Hungary,False,University of Pannonia,https://uni-pannon.hu/,11759,I140275651,Q606815,openalex;wikidata,3,True
HU,Hungary,False,Corvinus University of Budapest,https://www.uni-corvinus.hu,11707,I163245316,Q851164,openalex;wikidata,3,True
HU,Hungary,False,Obuda University,https://uni-obuda.hu,10139,I103356709,Q1412435,openalex;wikidata,3,True
HU,Hungary,False,Széchenyi István University,https://uni.sze.hu,9404,I83579964,Q631317,openalex;wikidata,3,True
HU,Hungary,False,Ludovika University of Public Service,https://www.uni-nke.hu,7647,I1331168281,,openalex,2,True
HU,Hungary,False,Pázmány Péter Catholic University,https://ppke.hu,5486,I31882830,Q255285,openalex;wikidata,3,True
HU,Hungary,False,Eszterhazy Karoly Catholic University,https://uni-eszterhazy.hu,5162,I120832542,Q991872,openalex;wikidata,3,True
HU,Hungary,False,University of Sopron,https://international.uni-sopron.hu/,4774,I85686399,Q897033,openalex;wikidata,2,False
HU,Hungary,False,University of Veterinary Medicine,https://univet.hu/,4676,I4210136554,,openalex,2,True
HU,Hungary,False,Budapest University of Economics and Business,https://uni-bge.hu,2389,I110620307,,openalex,2,True
HU,Hungary,False,Károli Gáspár University of the Reformed Church in Hungary,http://www.kre.hu/english/,2189,I3132075091,Q1123379,openalex;wikidata,3,True
HU,Hungary,False,University of Kaposvár,https://ke.hu,1808,I4210117141,Q836467,openalex;wikidata,3,True
HU,Hungary,False,John von Neumann University,https://nje.hu/,1450,I4210142209,Q1105954,openalex;wikidata,3,True
HU,Hungary,False,University of Nyíregyháza,https://www.nye.hu,1426,I4210141873,Q1219886,openalex;wikidata,3,True
HU,Hungary,False,Hungarian University of Sports Science,https://tf.hu,1331,I4210112186,Q1287034,openalex;wikidata,3,True
HU,Hungary,False,University of Dunaújváros,https://www.uniduna.hu,797,I96221595,Q782452,openalex;wikidata,3,True
HU,Hungary,False,University of Applied Science Budapest,http://metubudapest.hu/,775,I4210091916,,openalex,2,True
HU,Hungary,False,Károly Róbert University College,http://honlap.karolyrobert.hu/h_en/,466,I4210119590,,openalex,2,True
HU,Hungary,False,Andrássy University Budapest,https://www.andrassyuni.eu/,422,I3131446353,Q281572,openalex;wikidata,3,True
HU,Hungary,False,Kodolányi János University of Applied Sciences,https://www.kodolanyi.hu,329,I3131414115,,openalex,2,True
HU,Hungary,False,Institute of Advanced Studies Kőszeg,https://iask.hu,305,I4405253705,,openalex,2,True
HU,Hungary,False,Moholy-Nagy University of Art and Design,https://mome.hu,283,I170754417,Q718311,openalex;wikidata,3,True
HU,Hungary,False,Aquincum Institute of Technology,https://www.ait-budapest.com,250,I4210146511,Q4783001,openalex;wikidata,3,True
HU,Hungary,False,Wekerle Business School,https://wsuf.hu,239,I2802681329,,openalex,2,True
HU,Hungary,False,International Business School,https://www.ibs-b.hu/en/,212,I192915278,,openalex,2,True
HU,Hungary,False,Debrecen Reformed Theological University,https://www.drhe.hu/,182,I3129251950,Q693351,openalex;wikidata,3,True
HU,Hungary,False,Edutus University,https://www.edutus.hu/,141,I4210122451,Q987722,openalex;wikidata,2,False
HU,Hungary,False,Zrínyi Miklós National Defence University,,118,I4210163317,,openalex,2,True
HU,Hungary,False,Sapientia College of Theology of Religious Orders,https://sapientia.hu,114,I4210120719,,openalex,2,True
HU,Hungary,False,Dennis Gabor University,https://gde.hu,96,I4210138717,,openalex,2,True
HU,Hungary,False,Gál Ferenc Főiskola,http://gff-szeged.hu/,77,I4210096892,,openalex,2,True
HU,Hungary,False,Eötvös József Főiskola,https://ejf.hu/,76,I4210111519,,openalex,2,True
HU,Hungary,False,Budapest University of Jewish Studies,https://or-zse.hu,74,I3130688240,Q285382,openalex;wikidata,3,True
HU,Hungary,False,Hungarian Dance University,https://mte.eu,74,I2802775840,Q15148601,openalex;wikidata,3,True
HU,Hungary,False,Sárospatak Reformed Theological University,https://srhe.hu,70,I4210128338,,openalex,2,True
HU,Hungary,False,University of Theatre and Film Arts,https://szfe.hu,60,I2802659615,Q1303297,openalex;wikidata,2,False
HU,Hungary,False,Hungarian University of Fine Arts,https://mke.hu,56,I3130318847,Q844153,openalex;wikidata,3,True
HU,Hungary,False,Hungarian Institute for Educational Research and Development,http://www.ofi.hu/en,33,I4210160678,,openalex,2,True
HU,Hungary,False,Eötvös József Gimnázium,http://www.ejg.hu/,29,I4210096231,,openalex,2,True
HU,Hungary,False,Lutheran Theological University,https://uni.lutheran.hu,16,I4210162492,Q240041,openalex;wikidata,3,True
HU,Hungary,False,King Sigismund Business School,http://www.zskf.hu/en,11,I4210164722,,openalex,2,True
HU,Hungary,False,Baptist Theological Academy,http://www.bta.hu/,5,I4210149095,,openalex,2,True
HU,Hungary,False,European Distance and E-Learning Network,http://www.eden-online.org/,5,I4210090849,,openalex,2,True
HU,Hungary,False,"""Horthy Miklós"" Air Force Academy",,0,,Q137383782,wikidata,2,True
HU,Hungary,False,Albert Szent-Györgyi University of Medicine,,0,,Q61052428,wikidata,2,True
HU,Hungary,False,Budapest Business University,https://uni-bge.hu,0,,Q573061,wikidata,2,True
HU,Hungary,False,Budapest Metropolitan University,https://www.metropolitan.hu,0,,Q851175,wikidata,2,True
HU,Hungary,False,Budapest Semesters in Mathematics,http://www.bsmath.hu,0,,Q850996,wikidata,2,True
HU,Hungary,False,Debrecen University of Agrarian Sciences,,0,,Q59386645,wikidata,2,True
HU,Hungary,False,"Faculty of Agricultural and Food Sciences, Széchenyi István University",https://ovarikar.sze.hu,0,,Q25457344,wikidata,2,True
HU,Hungary,False,Franz Liszt Academy of Music,http://www.zeneakademia.hu,0,,Q847099,wikidata,2,True
HU,Hungary,False,Gál Ferenc University,,0,,Q27994491,wikidata,2,True
HU,Hungary,False,Hungarian University of Agriculture and Life Sciences,https://www.uni-mate.hu,0,,Q1296434,wikidata,2,True
HU,Hungary,False,Kodolányi János University,http://www.kodolanyi.hu,0,,Q1114851,wikidata,2,True
HU,Hungary,False,McDaniel College Budapest,http://mcdaniel.hu,0,,Q20439228,wikidata,2,True
HU,Hungary,False,Medical University of Debrecen,,0,,Q61268750,wikidata,2,True
HU,Hungary,False,Medical University of Pécs,,0,,Q61187321,wikidata,2,True
HU,Hungary,False,Milton Friedman University,https://uni-milton.hu,0,,Q27915871,wikidata,2,True
HU,Hungary,False,National University of Public Service,https://www.uni-nke.hu,0,,Q12815487,wikidata,2,True
HU,Hungary,False,Pázmány Péter Catholic University Faculty of Theology,https://htk.ppke.hu,0,,Q1242703,wikidata,2,True
HU,Hungary,False,University of Veterinary Medicine Budapest,https://univet.hu,0,,Q1469723,wikidata,2,True
HU,Hungary,False,Zrínyi Miklós National Defense University,http://www.zmne.hu,0,,Q1467882,wikidata,2,True
IE,Ireland,False,University College Dublin,https://www.ucd.ie,110923,I100930933,Q1068258,openalex;wikidata,2,False
IE,Ireland,False,Trinity College Dublin,https://www.tcd.ie/,101222,I205274468,Q258464,openalex;wikidata,2,False
IE,Ireland,False,University College Cork,https://www.ucc.ie,64820,I27577105,Q1574185,openalex;wikidata,2,False
IE,Ireland,False,University of Limerick,https://www.ul.ie,38408,I230495080,Q573954,openalex;wikidata,2,False
IE,Ireland,False,Dublin City University,https://www.dcu.ie,33982,I42934936,Q1202897,openalex;wikidata,2,False
IE,Ireland,False,Technological University Dublin,https://www.tudublin.ie/,10668,I4210144925,Q55619051,openalex;wikidata,2,False
IE,Ireland,False,National University of Ireland,https://www.nui.ie/,9054,I181231927,Q1860208,openalex;wikidata,2,False
IE,Ireland,False,Dublin Institute of Technology,http://www.dit.ie/,8079,I4387153685,Q3098071,openalex;wikidata,2,False
IE,Ireland,False,Atlantic Technological University,https://www.atu.ie,2577,I4387152698,Q58310020,openalex;wikidata,2,False
IE,Ireland,False,Letterkenny Institute of Technology,http://www.lyit.ie/,2500,I18452974,Q3713543,openalex;wikidata,2,False
IE,Ireland,False,Mary Immaculate College,https://www.mic.ul.ie,1796,I4387155487,Q6779823,openalex;wikidata,2,False
IE,Ireland,False,Dundalk Institute of Technology,https://www.dkit.ie/,1762,I94876832,Q5314731,openalex;wikidata,2,False
IE,Ireland,False,South East Technological University,https://www.setu.ie,1739,I4387156359,Q55670387,openalex;wikidata,2,False
IE,Ireland,False,Galway-Mayo Institute of Technology,http://www.gmit.ie/,1279,I63871047,Q5519456,openalex;wikidata,2,False
IE,Ireland,False,Athlone Institute of Technology,http://www.ait.ie/,1205,I151939572,Q14328110,openalex;wikidata,2,False
IE,Ireland,False,Institute of Technology Sligo,http://itsligo.ie/,1150,I82288201,Q11042094,openalex;wikidata,2,False
IE,Ireland,False,Institute of Technology Tallaght,http://www.it-tallaght.ie/,702,I4387153671,Q6040919,openalex;wikidata,2,False
IE,Ireland,False,Limerick Institute of Technology,http://www.lit.ie/default.aspx,445,I882645478,Q6549261,openalex;wikidata,2,False
IE,Ireland,False,Institute of Technology Tralee,http://www.ittralee.ie/en/,341,I4387155865,Q6040921,openalex;wikidata,2,False
IE,Ireland,False,"Dún Laoghaire Institute of Art, Design and Technology",https://iadt.ie,307,I4210121656,Q5320428,openalex;wikidata,2,False
IE,Ireland,False,"Institute of Technology, Blanchardstown",http://www.itb.ie/,244,I4387155068,Q6040908,openalex;wikidata,2,False
IE,Ireland,False,Free University of Ireland,http://www.saor-ollscoil.ie/,41,I4210124976,Q5500134,openalex;wikidata,2,False
IE,Ireland,False,Griffith College Limerick,https://www.griffith.ie/locations/limerick,2,I4405257266,Q285706,openalex;wikidata,2,False
IS,Iceland,False,University of Iceland,https://www.hi.is,34310,I165368041,Q196559,openalex;wikidata,3,True
IS,Iceland,False,Reykjavík University,https://www.ru.is,6693,I123185442,Q1542418,openalex;wikidata,3,True
IS,Iceland,False,University of Akureyri,https://www.unak.is,1919,I61174481,Q1463356,openalex;wikidata,3,True
IS,Iceland,False,Agricultural University of Iceland,https://lbhi.is,994,I119476548,Q3481997,openalex;wikidata,3,True
IS,Iceland,False,Hólar University College,https://www.holar.is,570,I204557473,Q1523183,openalex;wikidata,3,True
IS,Iceland,False,Bifröst University,https://www.bifrost.is/,223,I56753173,Q3107095,openalex;wikidata,3,True
IS,Iceland,False,Iceland University of the Arts,https://www.lhi.is,46,I2799785105,Q1134292,openalex;wikidata,3,True
IS,Iceland,False,Technical University of Iceland,https://www.thi.is,0,,Q16429196,wikidata,2,True
IS,Iceland,False,University of Iceland -School of Education,https://www.hi.is/menntavisindasvid,0,,Q5985674,wikidata,2,True
IT,Italy,False,University of Milan,https://www.unimi.it,413957,I189158943,Q46210,openalex;wikidata,3,True
IT,Italy,False,Sapienza University of Rome,https://www.uniroma1.it,288492,I861853513,Q209344,openalex;wikidata,3,True
IT,Italy,False,Politecnico di Milano,https://polimi.it,262794,I93860229,,openalex,2,True
IT,Italy,False,University of Bologna,https://www.unibo.it,241763,I9360294,Q131262,openalex;wikidata,3,True
IT,Italy,False,University of Padua,https://www.unipd.it,228211,I138689650,Q193510,openalex;wikidata,3,True
IT,Italy,False,University of Naples Federico II,https://www.unina.it,184302,I71267560,Q691851,openalex;wikidata,3,True
IT,Italy,False,University of Turin,https://www.unito.it,169490,I55143463,Q499911,openalex;wikidata,3,True
IT,Italy,False,University of Florence,https://www.unifi.it,158955,I45084792,Q820887,openalex;wikidata,3,True
IT,Italy,False,University of Pisa,https://www.unipi.it,146195,I108290504,Q645663,openalex;wikidata,3,True
IT,Italy,False,University of Genoa,https://unige.it,113663,I83816512,Q593321,openalex;wikidata,3,True
IT,Italy,False,University of Rome Tor Vergata,https://web.uniroma2.it,102443,I116067653,,openalex,2,True
IT,Italy,False,University of Pavia,https://portale.unipv.it/it,99654,I25217355,Q219317,openalex;wikidata,3,True
IT,Italy,False,University of Bari Aldo Moro,https://www.uniba.it,88156,I5561750,,openalex,2,True
IT,Italy,False,University of Palermo,https://www.unipa.it,88030,I900890020,Q1641504,openalex;wikidata,3,True
IT,Italy,False,Università Cattolica del Sacro Cuore,https://www.unicatt.eu,86993,I103320735,,openalex,2,True
IT,Italy,False,Politecnico di Torino,https://www.polito.it,86767,I177477856,,openalex,2,True
IT,Italy,False,University of Catania,https://www.unict.it,82862,I39063666,Q1248821,openalex;wikidata,3,True
IT,Italy,False,University of Milano-Bicocca,https://www.unimib.it,80297,I66752286,,openalex,2,True
IT,Italy,False,University of Perugia,https://www.unipg.it,72044,I27483092,Q748085,openalex;wikidata,3,True
IT,Italy,False,University of Parma,https://www.unipr.it,68356,I124601658,Q1758474,openalex;wikidata,3,True
IT,Italy,False,University of Modena and Reggio Emilia,https://www.unimore.it,67744,I122346577,Q1243705,openalex;wikidata,3,True
IT,Italy,False,University of Verona,https://www.univr.it,64860,I119439378,Q2531629,openalex;wikidata,3,True
IT,Italy,False,University of Trento,https://unitn.it,64105,I193223587,Q930528,openalex;wikidata,3,True
IT,Italy,False,University of Siena,https://www.unisi.it,62961,I102064193,Q1245999,openalex;wikidata,3,True
IT,Italy,False,University of Trieste,https://units.it,61602,I142444530,Q1751060,openalex;wikidata,3,True
IT,Italy,False,University of Ferrara,https://www.unife.it,58337,I201324441,Q955609,openalex;wikidata,3,True
IT,Italy,False,"University of Campania ""Luigi Vanvitelli""",https://unina2.it,58288,I197809005,Q3551649,openalex;wikidata,3,True
IT,Italy,False,University of Messina,https://www.unime.it,57904,I112862951,Q1245318,openalex;wikidata,3,True
IT,Italy,False,University of Salerno,https://web.unisa.it,57607,I131729948,Q1633215,openalex;wikidata,3,True
IT,Italy,False,University of Cagliari,https://www.unica.it/,56035,I172446870,Q2067315,openalex;wikidata,3,True
IT,Italy,False,University of Brescia,https://www.unibs.it,50027,I79940851,Q1781263,openalex;wikidata,3,True
IT,Italy,False,University of L'Aquila,https://www.univaq.it,45436,I26415053,Q1494671,openalex;wikidata,3,True
IT,Italy,False,University of Calabria,https://www.unical.it,43447,I45204951,Q1752540,openalex;wikidata,3,True
IT,Italy,False,University of Udine,https://www.uniud.it,43082,I129043915,Q2307935,openalex;wikidata,3,True
IT,Italy,False,Marche Polytechnic University,https://univpm.it,42361,I122534668,,openalex,2,True
IT,Italy,False,University of Chieti-Pescara,https://www.unich.it,38189,I39387349,,openalex,2,True
IT,Italy,False,Ca' Foscari University of Venice,https://www.unive.it,34272,I149461666,Q1546906,openalex;wikidata,3,True
IT,Italy,False,Vita-Salute San Raffaele University,https://www.unisr.it,33261,I154387261,Q3551506,openalex;wikidata,3,True
IT,Italy,False,University of Salento,https://unisalento.it,32988,I142910587,Q1230902,openalex;wikidata,3,True
IT,Italy,False,University of Sassari,https://www.uniss.it,31099,I159650629,Q532822,openalex;wikidata,3,True
IT,Italy,False,University of Insubria,https://www.uninsubria.eu/,28847,I115752224,Q1309998,openalex;wikidata,3,True
IT,Italy,False,Università degli Studi del Piemonte Orientale “Amedeo Avogadro”,https://www.uniupo.it,26075,I123338534,,openalex,2,True
IT,Italy,False,Polytechnic University of Bari,http://www.poliba.it/,23204,I68618741,Q1054324,openalex;wikidata,3,True
IT,Italy,False,Scuola Internazionale Superiore di Studi Avanzati,https://www.sissa.it/,22725,I138549579,,openalex,2,True
IT,Italy,False,Bocconi University,https://www.unibocconi.it,21789,I71209653,Q959524,openalex;wikidata,3,True
IT,Italy,False,Scuola Superiore Sant'Anna,https://www.santannapisa.it,21577,I162290304,,openalex,2,True
IT,Italy,False,Scuola Normale Superiore,https://www.sns.it,21382,I157210198,,openalex,2,True
IT,Italy,False,Università di Camerino,https://www.unicam.it,20971,I112859197,,openalex,2,True
IT,Italy,False,Università Campus Bio-Medico,https://www.unicampus.it/,20264,I155125353,,openalex,2,True
IT,Italy,False,University of Foggia,https://www.unifg.it,19904,I106296451,Q617446,openalex;wikidata,3,True
IT,Italy,False,Humanitas University,https://www.hunimed.eu,17820,I1339471597,Q59386762,openalex;wikidata,3,True
IT,Italy,False,University of Urbino,https://www.uniurb.it,17736,I190397597,Q2119752,openalex;wikidata,3,True
IT,Italy,False,Università degli Studi della Tuscia,http://www.unitus.it,17661,I138938424,,openalex,2,True
IT,Italy,False,European University Institute,https://www.eui.eu/home,17159,I874792244,Q1378099,openalex;wikidata,3,True
IT,Italy,False,University of Basilicata,http://portale.unibas.it/site/home.html,16932,I20272500,Q1084383,openalex;wikidata,3,True
IT,Italy,False,Free University of Bozen-Bolzano,https://www.unibz.it,15806,I171543936,Q1231433,openalex;wikidata,3,True
IT,Italy,False,Parthenope University of Naples,https://www.uniparthenope.it/,14497,I183638586,Q3551650,openalex;wikidata,3,True
IT,Italy,False,University of Bergamo,https://www.unibg.it,14355,I11039511,Q45855,openalex;wikidata,3,True
IT,Italy,False,University of Molise,http://www.unimol.it/,13142,I129627893,Q1093340,openalex;wikidata,3,True
IT,Italy,False,University of Reggio Calabria,https://www.unirc.it,12315,I59725666,,openalex,2,True
IT,Italy,False,Università degli studi di Cassino e del Lazio Meridionale,https://www.unicas.it,12064,I186995768,,openalex,2,True
IT,Italy,False,University of Sannio,https://unisannio.it,11221,I16337185,Q3551769,openalex;wikidata,3,True
IT,Italy,False,Libera Università Internazionale degli Studi Sociali Guido Carli,https://www.luiss.it/,7571,I56441308,,openalex,2,True
IT,Italy,False,Università degli Studi di Enna Kore,http://www.unikore.it/,6630,I246010334,,openalex,2,True
IT,Italy,False,University of Teramo,https://www.unite.it,6558,I124326101,Q2303527,openalex;wikidata,3,True
IT,Italy,False,University of Macerata,https://www.unimc.it,6386,I55133342,Q1742507,openalex;wikidata,3,True
IT,Italy,False,IMT School for Advanced Studies Lucca,https://www.imtlucca.it/,4831,I127077003,,openalex,2,True
IT,Italy,False,Istituto Universitario di Studi Superiori di Pavia,https://www.iusspavia.it,4613,I2800920820,,openalex,2,True
IT,Italy,False,Marconi University,https://www.unimarconi.it,3923,I2801039369,,openalex,2,True
IT,Italy,False,Foro Italico University of Rome,http://www.uniroma4.it/,3845,I210167222,Q3152661,openalex;wikidata,3,True
IT,Italy,False,Università Iuav di Venezia,http://www.iuav.it/homepage/,3758,I11986463,,openalex,2,True
IT,Italy,False,University of Naples - L'Orientale,https://www.unior.it/,3655,I127927624,,openalex,2,True
IT,Italy,False,Saint Camillus International University of Health and Medical Sciences,https://unicamillus.org,3469,I4210095444,Q60741027,openalex;wikidata,3,True
IT,Italy,False,Università degli Studi eCampus,https://www.uniecampus.it,3344,I167322064,Q4005892,openalex;wikidata,2,False
IT,Italy,False,University Niccolò Cusano,https://www.unicusano.it,3192,I4210124295,,openalex,2,True
IT,Italy,False,San Raffaele University of Rome,https://www.uniroma5.it/,2944,I292310028,,openalex,2,True
IT,Italy,False,Libera Università Maria SS. Assunta,https://lumsa.it,2915,I128649747,Q1454044,openalex;wikidata,3,True
IT,Italy,False,Link Campus University,https://www.unilink.it,2824,I42775652,Q3833046,openalex;wikidata,3,True
IT,Italy,False,Collegio Carlo Alberto,https://www.carloalberto.org/,2797,I1330701686,Q3682946,openalex;wikidata,2,False
IT,Italy,False,Pegaso University,https://www.unipegaso.it/,2766,I4210125310,,openalex,2,True
IT,Italy,False,UniNettuno University,https://www.uninettunouniversity.net,2568,I4210155399,,openalex,2,True
IT,Italy,False,Scuola Superiore Meridionale,https://www.ssmeridionale.it,1963,I4210149489,,openalex,2,True
IT,Italy,False,IULM University,https://www.iulm.it,1849,I200420086,,openalex,2,True
IT,Italy,False,Mercatorum University,https://www.unimercatorum.it,1823,I4210132817,,openalex,2,True
IT,Italy,False,University Carlo Cattaneo,http://en.liuc.it/,1569,I2802304065,Q3551385,openalex;wikidata,3,True
IT,Italy,False,Pontifical Gregorian University,http://www.unigre.it/newbiblio/index_en.php,1557,I111467783,Q467025,openalex;wikidata,2,False
IT,Italy,False,Università degli Studi Suor Orsola Benincasa,http://www.unisob.na.it/,1364,I2802142324,,openalex,2,True
IT,Italy,False,European University of Rome,http://www.universitaeuropeadiroma.it/,1147,I4210099865,,openalex,2,True
IT,Italy,False,Unitelma Sapienza University,https://www.unitelmasapienza.it,1103,I4210130905,,openalex,2,True
IT,Italy,False,University of Gastronomic Sciences,https://www.unisg.it/,1095,I31762744,Q2523033,openalex;wikidata,3,True
IT,Italy,False,Pontifical University Antonianum,https://www.antonianum.eu/,1031,I187654780,Q1807942,openalex;wikidata,2,False
IT,Italy,False,University of Aosta Valley,https://www.univda.it/,1000,I4210133595,,openalex,2,True
IT,Italy,False,Pontifical University of the Holy Cross,http://en.pusc.it/,962,I99332240,Q548435,openalex;wikidata,2,False
IT,Italy,False,Giustino Fortunato University,https://www.unifortunato.eu/,897,I4210165932,,openalex,2,True
IT,Italy,False,John Cabot University,https://www.johncabot.edu/,836,I59857034,Q1314405,openalex;wikidata,2,False
IT,Italy,False,University for Foreigners Perugia,https://www.unistrapg.it,834,I9568059,,openalex,2,True
IT,Italy,False,Johns Hopkins University SAIS Bologna Center,https://www.sais-jhu.edu/campus-life/europe#welcome,686,I4210131961,Q7743414,openalex;wikidata,3,True
IT,Italy,False,University for Foreigners of Siena,https://www.unistrasi.it/,627,I37745579,,openalex,2,True
IT,Italy,False,Salesian Pontifical University,https://www.unisal.it/,544,I313325847,Q543289,openalex;wikidata,3,True
IT,Italy,False,Mediterranean Universities Union,http://www.uni-med.net/en/,531,I2801626944,Q850927,openalex;wikidata,2,False
IT,Italy,False,American University of Rome,https://aur.edu,357,I161592783,Q469446,openalex;wikidata,2,False
IT,Italy,False,University of Ragusa,http://www.unirg.it/,295,I4210096868,Q3699300,openalex;wikidata,2,False
IT,Italy,False,Italian University Line,https://www.iuline.it,271,I4210125243,,openalex,2,True
IT,Italy,False,New York University Florence,http://www.nyu.edu/florence.html,211,I4210123063,,openalex,2,True
IT,Italy,False,Pontifical Athenaeum Regina Apostolorum,https://www.upra.org,203,I2906629628,Q1504133,openalex;wikidata,2,False
IT,Italy,False,Università per Stranieri Dante Alighieri,http://www.unistrada.it/,164,I4210107293,,openalex,2,True
IT,Italy,False,International University College of Turin,http://www.iuctorino.it/,158,I4210166266,Q3799758,openalex;wikidata,3,True
IT,Italy,False,European Research Institute on Cooperative and Social Enterprise,http://www.euricse.eu/,148,I4210144067,,openalex,2,True
IT,Italy,False,Accademia di Belle Arti di Catanzaro,http://www.abacatanzaro.it/,142,I4210133179,,openalex,2,True
IT,Italy,False,Accademia di Belle Arti di Palermo,http://www.accademiadipalermo.it/,132,I2801119739,,openalex,2,True
IT,Italy,False,Pontificio Ateneo Sant'Anselmo,https://www.anselmianum.com,120,I2799447819,Q470997,openalex;wikidata,2,False
IT,Italy,False,Venice International University,https://univiu.org,104,I168208266,Q2905216,openalex;wikidata,3,True
IT,Italy,False,Pontifical Oriental Institute,https://orientale.it/it,98,I4405262331,Q176473,openalex;wikidata,2,False
IT,Italy,False,Scuola Nazionale dell'Amministrazione,http://www.sna.gov.it/,81,I4210113340,,openalex,2,True
IT,Italy,False,Accademia di Belle Arti di Venezia,http://www.accademiavenezia.it/,62,I2800782356,Q338505,openalex;wikidata,3,True
IT,Italy,False,Global Campus of Human Rights,https://gchumanrights.org,59,I2799417728,,openalex,2,True
IT,Italy,False,Higher Institute for Artistic Industries Roma,http://www.isiaroma.it/,59,I4210141967,Q50379463,openalex;wikidata,2,False
IT,Italy,False,Accademia di Belle Arti di Bologna,http://www.ababo.it/ABA/,52,I2802616479,,openalex,2,True
IT,Italy,False,Abiogen Pharma (Italy),http://www.abiogen.it/en/,51,I4210135843,,openalex,2,True
IT,Italy,False,Higher Institute for Artistic Industries Firenze,http://www.isiadesign.fi.it/,42,I4210104867,Q50379462,openalex;wikidata,2,False
IT,Italy,False,Università a Vicenza,http://www.univi.it/fsu.html,38,I4210095861,Q123600984,openalex;wikidata,2,False
IT,Italy,False,Accademia di Belle Arti di Macerata,http://www.abamc.it/it/,36,I3133132230,,openalex,2,True
IT,Italy,False,Touro University Rome,,23,I4210166881,Q3996914,openalex;wikidata,2,False
IT,Italy,False,Higher Institute for Artistic Industries Urbino,http://www.isiaurbino.net/home/,21,I4210117590,,openalex,2,True
IT,Italy,False,Rome International School,http://romeinternationalschool.it/,20,I3213158566,,openalex,2,True
IT,Italy,False,Accademia di Belle Arti di Sassari,http://www.accademiasironi.it/#&panel1-7,18,I3131725029,,openalex,2,True
IT,Italy,False,University Institute of European Studies,https://iuse.it,17,I4210129704,,openalex,2,True
IT,Italy,False,Scuola Superiore Internazionale di Studi Universitari di Ricerca e Formazione,,16,I4210162684,,openalex,2,True
IT,Italy,False,"Scuola Internazionale Europea Statale ""Altiero Spinelli""",https://scuolaspinelli.edu.it,15,I4405253245,,openalex,2,True
IT,Italy,False,Accademia di Belle Arti dell'Aquila,https://www.abaq.it,14,I4210130598,,openalex,2,True
IT,Italy,False,Accademia di Belle Arti di Verona,https://accademiabelleartiverona.it,13,I4405263724,,openalex,2,True
IT,Italy,False,St. John International University,http://www.sjiu.it,11,I4210152072,Q3967519,openalex;wikidata,3,True
IT,Italy,False,Accademia di Belle Arti di Catania,https://www.abacatania.it,10,I4210131787,,openalex,2,True
IT,Italy,False,American School of Milan,https://www.asmilan.org/,10,I4210139915,,openalex,2,True
IT,Italy,False,Siena School for Liberal Arts,https://www.sienaschool.com/,10,I4210094642,,openalex,2,True
IT,Italy,False,Accademia di Belle Arti di Urbino,http://www.accademiadiurbino.it/aabb/,9,I3129366506,,openalex,2,True
IT,Italy,False,Florence University of the Arts,https://www.fua.it,9,I4405269833,,openalex,2,True
IT,Italy,False,International School of Europe,http://www.internationalschoolofeurope.it/,8,I4210088283,,openalex,2,True
IT,Italy,False,"Istituto di Istruzione Secondaria Superiore ""V. Lilla"" Francavilla Fontana - Oria",http://www.liceolilla.it,7,I4210094072,,openalex,2,True
IT,Italy,False,Tecres (Italy),https://www.tecres.it/,7,I4210124160,,openalex,2,True
IT,Italy,False,Theological University of Northern Italy,,6,I4210166987,,openalex,2,True
IT,Italy,False,Accademia di Belle Arti di Foggia,http://www.abafg.it/,5,I4210132325,,openalex,2,True
IT,Italy,False,Accademia di Belle Arti di Reggio Calabria,http://www.accademiabelleartirc.it/,5,I4210116360,,openalex,2,True
IT,Italy,False,"Liceo Scientifico Statale ""S. Cannizzaro"" di Palermo",https://liceocannizzaropalermo.edu.it,5,I4405254819,,openalex,2,True
IT,Italy,False,Higher Institute for Artistic Industries Faenza,http://www.isiafaenza.it/?lang=en,1,I4210105080,Q3788819,openalex;wikidata,3,True
IT,Italy,False,Scuola di Psicanalisi Freudiana,https://www.scuoladipsicanalisifreudiana.it,1,I4405254296,,openalex,2,True
IT,Italy,False,Accademia di Belle Arti di Perugia,http://www.abaperugia.org,0,,Q3604024,wikidata,2,True
IT,Italy,False,Alta Scuola Politecnica,https://www.asp-poli.it,0,,Q3613070,wikidata,2,True
IT,Italy,False,Aosta Valley University,https://www.univda.it,0,,Q2319621,wikidata,2,True
IT,Italy,False,Campus Bio Medico University of Rome,https://www.unicampus.it,0,,Q1440288,wikidata,2,True
IT,Italy,False,Caserma della Scuola allievi ufficiali dei Carabinieri,,0,,Q3953237,wikidata,2,True
IT,Italy,False,Centre for Studies on Federalism,http://www.csfederalismo.it/index.php/en,0,,Q1054341,wikidata,2,True
IT,Italy,False,D'Annunzio University of Chieti–Pescara,https://www.unich.it,0,,Q2261128,wikidata,2,True
IT,Italy,False,Facoltà di Architettura di Torino,,0,,Q35326177,wikidata,2,True
IT,Italy,False,Facoltà teologica dell'Emilia-Romagna,https://www.fter.it,0,,Q3738242,wikidata,2,True
IT,Italy,False,Faculty of Theology of the Pontifical Salesian University,,0,,Q118917962,wikidata,2,True
IT,Italy,False,Fleming College Florence,,0,,Q5458567,wikidata,2,True
IT,Italy,False,Foreigners University of Siena,http://www.unistrasi.it,0,,Q600924,wikidata,2,True
IT,Italy,False,Graduate School of Economics and International Relations,http://aseri.unicatt.it,0,,Q4654207,wikidata,2,True
IT,Italy,False,Higher Institute of Religious Sciences “S. Maria della Lettera”,http://www.chiesacattolica.it/anagrafe/visualizzascheda.jsp?codice_cei=cei654b00002,0,,Q113687430,wikidata,2,True
IT,Italy,False,Institute for International Political Studies,https://www.ispionline.it,0,,Q6039434,wikidata,2,True
IT,Italy,False,Institute of Anthropology: Interdisciplinary Studies on Human Dignity and Care,https://iadc.unigre.it,0,,Q27926167,wikidata,2,True
IT,Italy,False,International School for Advanced Studies,http://www.sissa.it,0,,Q2424299,wikidata,2,True
IT,Italy,False,International School of Trieste,http://www.istrieste.org/,0,I4210088820,,openalex,2,True
IT,Italy,False,ISIA Urbino,https://isiaurbino.net,0,,Q16566666,wikidata,2,True
IT,Italy,False,"Istituto Superiore di Scienze Religiose all'Apollinare, pontificia Università della Santa Croce",https://www.pusc.it/issra/home,0,,Q84024030,wikidata,2,True
IT,Italy,False,"Istituto Superiore di Scienze Religiose Metropolitano ""Don Tonino Bello""",https://www.issrm-dontoninobello.org,0,,Q140191131,wikidata,2,True
IT,Italy,False,Istituto superiore di studi musicali Pietro Mascagni,https://www.consli.it,0,,Q3803829,wikidata,2,True
IT,Italy,False,Istituto Superiore per Imprenditori e Dirigenti di Azienda,,0,,Q104628992,wikidata,2,True
IT,Italy,False,Istituto Universitario Salesiano Venezia,http://iusve.it,0,,Q48805280,wikidata,2,True
IT,Italy,False,Istruzione Tecnica Superiore,http://www.indire.it/its/,0,I4210152339,,openalex,2,True
IT,Italy,False,Italian Institute of Human Sciences (SUM),http://www.sumitalia.it,0,,Q3803772,wikidata,2,True
IT,Italy,False,Italian Naval Academy,https://www.marina.difesa.it/il-tuo-futuro-e-il-mare/formazione-in-marina/accademia_navale/Pagine/default.aspx,0,,Q497499,wikidata,2,True
IT,Italy,False,Italian Navy Sub-Officer School,,0,,Q3953361,wikidata,2,True
IT,Italy,False,IUAV University of Venice,http://www.iuav.it/homepage,0,,Q727492,wikidata,2,True
IT,Italy,False,IULM University of Milan,https://www.iulm.it,0,,Q1077639,wikidata,2,True
IT,Italy,False,Kore University of Enna,https://www.unikore.it/index.php,0,,Q1481995,wikidata,2,True
IT,Italy,False,Libera Accademia di Belle Arti,https://laba.biz,0,,Q131322938,wikidata,2,True
IT,Italy,False,Libera Università Mediterranea,https://www.lum.it,0,,Q3831607,wikidata,2,True
IT,Italy,False,Luiss University,https://www.luiss.edu,0,,Q1122851,wikidata,2,True
IT,Italy,False,Magna Græcia University,https://web.unicz.it,0,,Q266537,wikidata,2,True
IT,Italy,False,Mediterranea University of Reggio Calabria,http://www.unirc.it,0,,Q1780716,wikidata,2,True
IT,Italy,False,Naples Eastern University,https://www.unior.it,0,,Q1632525,wikidata,2,True
IT,Italy,False,Niccolò Tommaseo Naval College,,0,,Q3682988,wikidata,2,True
IT,Italy,False,Pisa University System,http://rassegnastampa.unipi.it/sup,0,,Q7198162,wikidata,2,True
IT,Italy,False,Polytechnic University of Milan,https://www.polimi.it,0,,Q392904,wikidata,2,True
IT,Italy,False,Polytechnic University of Turin,https://www.polito.it,0,,Q392897,wikidata,2,True
IT,Italy,False,Pontifical Institute of Arab and Islamic Studies,https://www.pisai.it,0,,Q498107,wikidata,2,True
IT,Italy,False,Pontifical John Paul II Institute for Studies on Marriage and Family,http://www.istitutogp2.it,0,,Q1893075,wikidata,2,True
IT,Italy,False,Pontificio seminario regionale minore di Basilicata,,0,,Q3908297,wikidata,2,True
IT,Italy,False,Postgraduate School for Environmental Studies,http://asa.unicatt.it,0,,Q4654068,wikidata,2,True
IT,Italy,False,Regia Scuola di Ingegneria,,0,,Q111596661,wikidata,2,True
IT,Italy,False,Royal Academy of Turin,,0,,Q3603945,wikidata,2,True
IT,Italy,False,Royal School of Navy of Genoa,,0,,Q116535606,wikidata,2,True
IT,Italy,False,"School of Mathematics, Physics e Natural Sciences",https://www.scienze.unifi.it,0,,Q35326663,wikidata,2,True
IT,Italy,False,Scuola di Ingegneria Aerospaziale,https://web.uniroma1.it/scuolaingegneriaaerospaziale,0,,Q3953276,wikidata,2,True
IT,Italy,False,Scuola di Pavia,,0,,Q113253448,wikidata,2,True
IT,Italy,False,Scuola Italiana Design,http://www.scuolaitalianadesign.com,0,,Q7439503,wikidata,2,True
IT,Italy,False,Scuola nautica della Guardia di Finanza,,0,,Q3953342,wikidata,2,True
IT,Italy,False,Scuola Politecnica di Design,http://www.scuoladesign.com,0,,Q3953349,wikidata,2,True
IT,Italy,False,Scuola sommergibili della Marina Militare,,0,,Q3953359,wikidata,2,True
IT,Italy,False,Scuola sottufficiali Marina Militare La Maddalena,,0,,Q28668078,wikidata,2,True
IT,Italy,False,Scuola sottufficiali Marina Militare Taranto,,0,,Q28668075,wikidata,2,True
IT,Italy,False,Scuola superiore per mediatori linguistici Carlo Bo,https://www.ssmlcarlobo.it,0,,Q16601145,wikidata,2,True
IT,Italy,False,Scuola Superiore Studi Pavia IUSS,http://www.iusspavia.it,0,,Q3803694,wikidata,2,True
IT,Italy,False,Scuola Telecomunicazioni Forze Armate,https://www.difesa.it/SMD_/EntiMI/STELMILIT/Pagine/default.aspx,0,,Q116738511,wikidata,2,True
IT,Italy,False,Seminario arcivescovile di Cagliari,https://www.seminarioarcivescoviledicagliari.it,0,,Q109378016,wikidata,2,True
IT,Italy,False,Seminario di Bergamo,https://www.seminariobergamo.it,0,,Q59457809,wikidata,2,True
IT,Italy,False,Seminario maggiore di Verona,https://www.seminarioverona.it,0,,Q98269511,wikidata,2,True
IT,Italy,False,Seminario Vescovile di Vittorio Veneto,http://www.seminariovittorioveneto.it,0,,Q105868216,wikidata,2,True
IT,Italy,False,Suor Orsola Benincasa University of Naples,https://www.unisob.na.it,0,,Q3551499,wikidata,2,True
IT,Italy,False,Temple University Abroad. Rome Campus,,0,,Q138349469,wikidata,2,True
IT,Italy,False,Theological University of Northern Italy – Turin Campus,http://www.teologiatorino.it,0,,Q3738249,wikidata,2,True
IT,Italy,False,Tor Vergata University of Rome,https://web.uniroma2.it/it,0,,Q1031803,wikidata,2,True
IT,Italy,False,Turin School of Development,http://turinschool.itcilo.org,0,,Q7854950,wikidata,2,True
IT,Italy,False,Universita degli Studi Di Cagliari Cittadella Universitaria,,0,,Q39918611,wikidata,2,True
IT,Italy,False,"University for Foreigners ""Dante Alighieri"" of Reggio Calabria",https://www.unidarc.it,0,,Q4005936,wikidata,2,True
IT,Italy,False,University of Bari,https://www.uniba.it,0,,Q1236136,wikidata,2,True
IT,Italy,False,University of Camerino,https://www.unicam.it,0,,Q676817,wikidata,2,True
IT,Italy,False,University of Cassino,http://www.unicas.it,0,,Q504263,wikidata,2,True
IT,Italy,False,University of Eastern Piedmont,https://www.uniupo.it,0,,Q1235561,wikidata,2,True
IT,Italy,False,University of Milan-Bicocca,https://www.unimib.it,0,,Q1073674,wikidata,2,True
IT,Italy,False,University of Tuscia,http://www.unitus.it,0,,Q1780458,wikidata,2,True
IT,Italy,False,"Università ""Universitas Mercatorum""",http://www.unimercatorum.it,0,,Q4005887,wikidata,2,True
IT,Italy,False,Università degli Studi ''Guglielmo Marconi'',http://www.unimarconi.it,0,,Q4005890,wikidata,2,True
IT,Italy,False,"Università degli Studi di Roma ""Unitelma Sapienza""",http://www.unitelmasapienza.it,0,,Q4005942,wikidata,2,True
IT,Italy,False,Università degli Studi Giustino Fortunato,http://www.unifortunato.eu,0,,Q4005943,wikidata,2,True
IT,Italy,False,Università degli Studi Niccolò Cusano,http://www.unicusano.it,0,,Q26319,wikidata,2,True
IT,Italy,False,Università degli Studi Pegaso,https://www.unipegaso.it,0,,Q4005947,wikidata,2,True
IT,Italy,False,Università Leonardo da Vinci,http://www.unidav.it,0,,Q4005946,wikidata,2,True
IT,Italy,False,Università per Stranieri di Perugia,https://www.unistrapg.it,0,,Q779549,wikidata,2,True
IT,Italy,False,Università telematica internazionale UniNettuno,https://www.uninettunouniversity.net/en/default.aspx,0,,Q4005949,wikidata,2,True
IT,Italy,False,Università Telematica Pegaso sede di Roma,,0,,Q135027165,wikidata,2,True
IT,Italy,False,Università telematica San Raffaele,https://www.uniroma5.it,0,,Q4005948,wikidata,2,True
LI,Liechtenstein,False,University of Liechtenstein,https://www.uni.li,1533,I184656255,Q974328,openalex;wikidata,2,False
LI,Liechtenstein,False,Private University in the Principality of Liechtenstein,https://www.ufl.li/,775,I4210121311,Q2111101,openalex;wikidata,2,False
LI,Liechtenstein,False,International Academy of Philosophy,http://iap.li/,159,I4210109431,Q1572147,openalex;wikidata,2,False
LT,Lithuania,False,Vilnius University,https://vu.lt,45173,I173212132,Q658192,openalex;wikidata,3,True
LT,Lithuania,False,Kaunas University of Technology,https://en.ktu.edu,18860,I172574986,Q625158,openalex;wikidata,3,True
LT,Lithuania,False,Vilnius Gediminas Technical University,https://vilniustech.lt,17874,I167420956,Q389852,openalex;wikidata,3,True
LT,Lithuania,False,Lithuanian University of Health Sciences,https://lsmu.lt,13935,I131736796,Q2092640,openalex;wikidata,3,True
LT,Lithuania,False,Vytautas Magnus University,https://www.vdu.lt,10037,I188730046,Q1756541,openalex;wikidata,3,True
LT,Lithuania,False,Mykolas Romeris University,https://www.mruni.eu,5069,I146583814,Q1247342,openalex;wikidata,3,True
LT,Lithuania,False,Klaipėda University,https://www.ku.lt,5047,I337868014,Q178200,openalex;wikidata,3,True
LT,Lithuania,False,Lithuanian Sports University,https://www.lsu.lt,2380,I139173083,Q826358,openalex;wikidata,3,True
LT,Lithuania,False,Šiauliai University,http://su.lt,1493,I162380102,,openalex,2,True
LT,Lithuania,False,Lithuanian University of Educational Sciences,https://leu.lt/en/home_leu.html,1362,I181105335,Q56860,openalex;wikidata,3,True
LT,Lithuania,False,Lithuanian Institute of History,http://www.istorija.lt/en/,799,I170402219,,openalex,2,True
LT,Lithuania,False,Vilnius University of Applied Sciences,http://en.viko.lt/,594,I4210087704,,openalex,2,True
LT,Lithuania,False,ISM University of Management and Economics,https://www.ism.lt,523,I28941729,Q1626754,openalex;wikidata,3,True
LT,Lithuania,False,Kazimieras Simonavičius University,http://www.ksu.lt,375,I37613341,Q1737499,openalex;wikidata,3,True
LT,Lithuania,False,European Humanities University,https://en.ehu.lt,322,I4210159236,,openalex,2,True
LT,Lithuania,False,Šiauliai State Higher Education Institution,https://svako.lt,308,I4210109285,,openalex,2,True
LT,Lithuania,False,LCC International University,https://lcc.lt,296,I4210109457,Q1667494,openalex;wikidata,3,True
LT,Lithuania,False,Lithuanian Geological Survey,https://www.lgt.lt/index.php?lang=en,245,I4210120518,,openalex,2,True
LT,Lithuania,False,Lithuanian Academy of Music and Theatre,https://lmta.lt,214,I3131010346,Q1787936,openalex;wikidata,3,True
LT,Lithuania,False,Kaunas University of Applied Engineering Sciences,http://www.ktk.lt/,162,I4210151256,,openalex,2,True
LT,Lithuania,False,Lithuanian Maritime Academy,http://www.lmc.lt/,139,I4210134661,,openalex,2,True
LT,Lithuania,False,Vilnius College of Technologies and Design,http://www.vtdko.lt/en/,109,I2803051987,,openalex,2,True
LT,Lithuania,False,Vilnius Business College,http://www.kolegija.lt/en/frontpage.php,108,I4210115282,,openalex,2,True
LT,Lithuania,False,SMK University of Applied Social Sciences,http://www.smk.lt/en/,98,I4210094173,,openalex,2,True
LT,Lithuania,False,Panevėžys College,http://panko.lt/english/,93,I4210153457,,openalex,2,True
LT,Lithuania,False,Marijampole College,http://www.marko.lt/en/#,88,I4210145994,,openalex,2,True
LT,Lithuania,False,Lithuania Business University of Applied Science,http://www.ltvk.lt/en/,84,I4210157487,,openalex,2,True
LT,Lithuania,False,International Business School at Vilnius University,http://www.tvm.vu.lt/en,73,I4210157458,,openalex,2,True
LT,Lithuania,False,St. Ignatius Loyola College,https://www.ilk.lt,63,I4210166551,,openalex,2,True
LT,Lithuania,False,Alytus College,http://alytauskolegija.lt/en/,33,I4210096934,,openalex,2,True
LT,Lithuania,False,Northern Lithuania College,http://www.slk.lt/en/college,28,I4210163020,,openalex,2,True
LT,Lithuania,False,International School of Law and Business,http://www.islb.eu/,26,I3129336391,,openalex,2,True
LT,Lithuania,False,Kolping University of Applied Sciences,http://www.kolpingokolegija.lt/,19,I4210131213,,openalex,2,True
LT,Lithuania,False,Vilnius College of Design,http://www.dizainokolegija.lt/en/,15,I4210154180,,openalex,2,True
LT,Lithuania,False,Vilnius Cooperative College,http://www.vkk.lt/en/,15,I4210118002,,openalex,2,True
LT,Lithuania,False,Kaunas Forestry and Environmental Engineering College,http://www.kmaik.lt,0,,Q15248060,wikidata,2,True
LT,Lithuania,False,Kaunas State Vytautas Magnus University,,0,,Q132734684,wikidata,2,True
LT,Lithuania,False,Klaipėda Pedagogical Institute,,0,,Q175686,wikidata,2,True
LT,Lithuania,False,Petras-Vileišis-Transporthochschule Vilnius,http://www.vtdko.lt/gtf-naujienos,0,,Q18412215,wikidata,2,True
LT,Lithuania,False,Polish University in Vilnius,http://www.uspv.lt,0,,Q9366817,wikidata,2,True
LT,Lithuania,False,Vilnius Academy of Art,http://www.vda.lt,0,,Q1476319,wikidata,2,True
LT,Lithuania,False,Vilnius University Business School,https://www.vm.vu.lt/en,0,,Q12677592,wikidata,2,True
LT,Lithuania,False,Vilnius University Šiauliai Academy,http://www.su.lt,0,,Q1784353,wikidata,2,True
LT,Lithuania,False,Vytautas Magnus University Agriculture Academy,http://www.asu.lt,0,,Q1479914,wikidata,2,True
LU,Luxembourg,False,University of Luxembourg,https://www.uni.lu,63549,I186903577,Q59668,openalex;wikidata,2,n/a
LU,Luxembourg,False,"Interdisciplinary Centre for Security, Reliability and Trust",https://www.uni.lu/snt-en/,5672,I4405259781,,openalex,1,n/a
LU,Luxembourg,False,Luxembourg Centre for Systems Biomedicine,https://www.uni.lu/lcsb-en/,3976,I4405257232,,openalex,1,n/a
LU,Luxembourg,False,Luxembourg Centre for Contemporary and Digital History,https://www.c2dh.uni.lu,1791,I4401041606,,openalex,1,n/a
LU,Luxembourg,False,Sacred Heart University,http://www.shu.lu/,968,I4210147264,,openalex,1,n/a
LU,Luxembourg,False,LUNEX,https://www.lunex.lu,485,I4405258261,,openalex,1,n/a
LU,Luxembourg,False,Luxembourg School of Business,http://www.luxsb.lu,152,I3133181027,,openalex,1,n/a
LU,Luxembourg,False,Luxembourg Centre for European Law,https://www.uni.lu/lcel-en/,82,I4405260858,,openalex,1,n/a
LU,Luxembourg,False,Luxembourg Centre for Socio-Environmental Systems,https://www.uni.lu/lcses-en/,13,I4405260845,,openalex,1,n/a
LU,Luxembourg,False,Miami University Dolibois European Center,https://www.miamioh.edu/global-initiatives/education-abroad/mudec,9,I4210161946,Q3247727,openalex;wikidata,2,n/a
LU,Luxembourg,False,Institut universitaire international Luxembourg,,0,,Q27961796,wikidata,1,n/a
LU,Luxembourg,False,Institute of Technology,,0,,Q16366441,wikidata,1,n/a
LU,Luxembourg,False,Sacred Heart University Luxembourg,,0,,Q1528530,wikidata,1,n/a
LV,Latvia,False,University of Latvia,https://www.lu.lv,25839,I91123046,Q498407,openalex;wikidata,2,n/a
LV,Latvia,False,Riga Technical University,https://www.rtu.lv,16300,I201787326,Q411895,openalex;wikidata,2,n/a
LV,Latvia,False,Riga Stradiņš University,https://www.rsu.lv,8972,I4210126294,Q2007643,openalex;wikidata,2,n/a
LV,Latvia,False,Daugavpils University,http://du.lv/en,6562,I194245171,Q1854796,openalex;wikidata,2,n/a
LV,Latvia,False,Latvia University of Life Sciences and Technologies,https://www.lbtu.lv,4304,I116152951,Q1342858,openalex;wikidata,2,n/a
LV,Latvia,False,Rezekne Academy of Technologies,https://www.rta.lv,1753,I4210135666,,openalex,1,n/a
LV,Latvia,False,College of Law,https://jk.lv,1560,I4210090016,,openalex,1,n/a
LV,Latvia,False,"Latvian State Forest Research Institute ""Silava""",http://www.silava.lv/silava.aspx,1071,I4210136527,,openalex,1,n/a
LV,Latvia,False,Transport and Telecommunication Institute,http://www.tsi.lv/,1043,I24568809,,openalex,1,n/a
LV,Latvia,False,Ventspils University of Applied Sciences,https://www.venta.lv,714,I926082481,Q11219959,openalex;wikidata,2,n/a
LV,Latvia,False,University of Liepāja,https://www.liepu.lv,601,I4210107026,Q3498695,openalex;wikidata,2,n/a
LV,Latvia,False,Turība University,http://www.turiba.lv,579,I4210095761,,openalex,1,n/a
LV,Latvia,False,RISEBA University of Applied Sciences,https://www.riseba.lv,556,I4210102362,,openalex,1,n/a
LV,Latvia,False,Vidzeme University of Applied Sciences,http://www.va.lv/en,513,I130767617,,openalex,1,n/a
LV,Latvia,False,Latvian Academy of Sport Education,https://www.lspa.eu/eng/,488,I3129749518,,openalex,1,n/a
LV,Latvia,False,Baltic International Academy,https://www.bsa.edu.lv/lang/eng/,477,I3132731249,Q4076909,openalex;wikidata,2,n/a
LV,Latvia,False,Latvian Academy of Culture,https://lka.edu.lv,420,I4210129314,Q4254872,openalex;wikidata,2,n/a
LV,Latvia,False,BA School of Business and Finance,https://www.ba.lv/,406,I2800967931,,openalex,1,n/a
LV,Latvia,False,ISMA University,https://www.isma.lv/,406,I4210120196,,openalex,1,n/a
LV,Latvia,False,Stockholm School of Economics in Riga,https://www.sseriga.edu/,385,I148805310,,openalex,1,n/a
LV,Latvia,False,Rēzeknes Augstskola,http://www.ru.lv/en/,313,I4210154898,,openalex,1,n/a
LV,Latvia,False,EKA University of Applied Sciences,https://www.augstskola.lv/,243,I4210150265,Q16355880,openalex;wikidata,2,n/a
LV,Latvia,False,College of Business Administration,https://www.bvk.lv/,175,I931278978,,openalex,1,n/a
LV,Latvia,False,Art Academy of Latvia,https://www.lma.lv/en,169,I3129778170,,openalex,1,n/a
LV,Latvia,False,Riga Graduate School of Law,http://www.rgsl.edu.lv/,122,I4210162692,,openalex,1,n/a
LV,Latvia,False,Latvian Maritime Academy,http://www.latja.lv/en/,116,I4210095284,Q4254869,openalex;wikidata,2,n/a
LV,Latvia,False,Riga Aeronautical Institute,http://www.rai.lv,113,I4210125200,,openalex,1,n/a
LV,Latvia,False,Jāzeps Vītols Latvian Academy of Music,http://www.jvlma.lv,104,I4210109106,Q2570442,openalex;wikidata,2,n/a
LV,Latvia,False,Riga Technical College,http://www.rtk.lv/?val=2,59,I4210131138,,openalex,1,n/a
LV,Latvia,False,Baltic Psychology and Management University College,http://www.psy.lv/index.php,52,I4210094436,,openalex,1,n/a
LV,Latvia,False,Riga High Tech University,http://rhtu.edu.lv/,29,I4210090206,,openalex,1,n/a
LV,Latvia,False,Alberta College,http://international.alberta-koledza.lv/,25,I4210124575,,openalex,1,n/a
LV,Latvia,False,State Police College,http://www.policijas.koledza.gov.lv/en,24,I4210157603,Q20579868,openalex;wikidata,2,n/a
LV,Latvia,False,Malnavas koledža,http://www.malnava.lv/index.php?lang=en,16,I4210086423,,openalex,1,n/a
LV,Latvia,False,International Higher School of Practical Psychology,http://sppa.lv/,15,I4210104254,,openalex,1,n/a
LV,Latvia,False,Latvian Christian Academy,http://en.kra.lv,15,I4210137692,,openalex,1,n/a
LV,Latvia,False,Daugavpils Medical College,http://www.medkol.lv/ENG/index.htm,9,I4210132912,,openalex,1,n/a
LV,Latvia,False,Jekabpils Agrobusiness College,http://www.jak.lv/en,7,I4210147221,,openalex,1,n/a
LV,Latvia,False,Latvia Business College,http://www.universitylbk.com/,7,I4210095617,,openalex,1,n/a
LV,Latvia,False,International Cosmetology College,https://skk.lv/,6,I4210146474,,openalex,1,n/a
LV,Latvia,False,Higher School of Social Technologies,http://www.sta-edu.lv,3,I4210165221,Q28939308,openalex;wikidata,2,n/a
LV,Latvia,False,Riga Building College,http://www.rck.lv/eng/index.php?sad=1&sub=4,2,I4210162992,,openalex,1,n/a
LV,Latvia,False,Riga College of Accounting and Finance,http://www.koledza.lv/best/index.php/en/,2,I4210132765,,openalex,1,n/a
LV,Latvia,False,Higher School of Latvia,,0,,Q110319397,wikidata,1,n/a
LV,Latvia,False,International Institute of Practical Psychology,http://www.sppa.lv,0,,Q15649513,wikidata,1,n/a
LV,Latvia,False,Q136615847,,0,,Q136615847,wikidata,1,n/a
LV,Latvia,False,Q141333108,,0,,Q141333108,wikidata,1,n/a
LV,Latvia,False,Riga Civil Aviation Engineers Institute,http://rkiigarau.lv,0,,Q4394548,wikidata,1,n/a
LV,Latvia,False,Riga Nakhimov Naval School,,0,,Q4394578,wikidata,1,n/a
LV,Latvia,False,Riga Nordic University,http://www.isma.lv,0,,Q23136317,wikidata,1,n/a
LV,Latvia,False,Riga Pedagogical Institute,,0,,Q111036372,wikidata,1,n/a
LV,Latvia,False,"RISEBA University of Business, Arts and Technology",http://www.riseba.lv,0,,Q4394523,wikidata,1,n/a
LV,Latvia,False,Vilis Olavs Riga City School of Commerce,,0,,Q136547868,wikidata,1,n/a
MC,Monaco,False,International University of Monaco,https://www.monaco.edu/,653,I14500998,,openalex,1,n/a
MD,Moldova,False,Moldova State University,https://usm.md,9502,I29920723,Q1097810,openalex;wikidata,3,True
MD,Moldova,False,Nicolae Testemițanu State University of Medicine and Pharmacy,http://usmf.md/en/,5490,I4210124354,Q4146986,openalex;wikidata,3,True
MD,Moldova,False,Technical University of Moldova,http://www.utm.md/en,4092,I177823932,Q1098106,openalex;wikidata,3,True
MD,Moldova,False,Academy of Economic Studies of Moldova,https://ase.md,2206,I150702061,Q4671448,openalex;wikidata,3,True
MD,Moldova,False,Ion Creangă Pedagogical State University,https://upsc.md/,2008,I4210157416,Q4146913,openalex;wikidata,3,True
MD,Moldova,False,Shevchenko Transnistria State University,http://spsu.ru/,944,I51490070,Q1282309,openalex;wikidata,2,False
MD,Moldova,False,Free International University of Moldova,https://ulim.md,937,I4210154567,,openalex,2,True
MD,Moldova,False,State Agrarian University of Moldova,https://uasm.md,674,I47271250,Q4693931,openalex;wikidata,3,True
MD,Moldova,False,State University of Physical Education and Sport,http://www.usefs.md/,603,I4210157462,Q18091358,openalex;wikidata,2,False
MD,Moldova,False,Academy of Music Theatre and Fine Arts,https://amtap.md,578,I4210137690,,openalex,2,True
MD,Moldova,False,Alecu Russo State University of Bălți,http://www.usb.md/,467,I4210101280,Q2501849,openalex;wikidata,3,True
MD,Moldova,False,Comrat State University,https://kdu.md/ru/,309,I3129628003,Q2496010,openalex;wikidata,3,True
MD,Moldova,False,Academy of Public Administration,http://www.aap.gov.md/en,153,I4210132546,,openalex,2,True
MD,Moldova,False,Trade Co-operative University of Moldova,http://www.uccm.md,78,I4210091563,Q20432783,openalex;wikidata,3,True
MD,Moldova,False,Institute of International Relations of Moldova,http://irim.md/,67,I4210121123,,openalex,2,True
MD,Moldova,False,"Professional Association of Kinetotherapists and Manual Therapists ""MEDKINETICA"" from the Republic of Moldova",https://www.medkinetica.com,32,I4405262280,,openalex,2,True
MD,Moldova,False,Universitatea Slavonă din Moldova,,17,I4210167243,,openalex,2,True
MD,Moldova,False,Taraclia State University,https://tdu-tar.md/,12,I4210158651,Q2650619,openalex;wikidata,3,True
MD,Moldova,False,Univers Moldova,https://univers.md/,6,I4210124785,,openalex,2,True
MD,Moldova,False,"Academy of Music, Theatre and Fine Arts of Moldova",http://www.amtap.md,0,,Q20262483,wikidata,2,True
MD,Moldova,False,Academy of Public Administration of Moldova,http://www.aap.gov.md,0,,Q20262311,wikidata,2,True
MD,Moldova,False,Free International University from Moldova ULIM,http://ulim.md,0,,Q19709686,wikidata,2,True
MD,Moldova,False,Imi-Nova International Management Institute,http://www.imi-nova.md,0,,Q6003961,wikidata,2,True
MD,Moldova,False,Military Institute of the Ministry of Defence of the Transnistrian Moldovan Republic,http://militar.spsu.ru,0,,Q4114528,wikidata,2,True
MD,Moldova,False,Slavonic University of Moldova,http://surm.md,0,,Q20432790,wikidata,2,True
MD,Moldova,False,Technikal University of Moldova,https://utm.md/ru,0,,Q110011603,wikidata,2,True
MD,Moldova,False,Transnistrian Technical Engineering Institute,http://iti.spsu.ru,0,,Q4378148,wikidata,2,True
MD,Moldova,False,University of European Studies of Moldova,,0,,Q20432787,wikidata,2,True
ME,Montenegro,False,University of Montenegro,https://www.ucg.ac.me,13614,I5936373,Q1786067,openalex;wikidata,2,n/a
ME,Montenegro,False,University of Donja Gorica,https://www.udg.edu.me/,865,I279976351,Q103021183,openalex;wikidata,2,n/a
ME,Montenegro,False,Mediterranean University,https://unimediteran.net,374,I26840924,Q282645,openalex;wikidata,2,n/a
ME,Montenegro,False,Fakultet za Poslovni Menadžment u Baru,http://www.fpm.me/,47,I4210149793,,openalex,1,n/a
ME,Montenegro,False,Fakultet za menadžment Herceg Novi,http://www.fm-hn.com/,43,I4210107692,,openalex,1,n/a
ME,Montenegro,False,Faculty for State and European Studies,http://www.fdes.me/,17,I4210104989,,openalex,1,n/a
ME,Montenegro,False,Fakultet za Mediteranske Poslovne Studije,http://www.fms-tivat.me/,8,I4210130584,,openalex,1,n/a
ME,Montenegro,False,"Faculty for Information technology, Podgorica",http://fit.unimediteran.net,0,,Q5428882,wikidata,1,n/a
MK,North Macedonia,False,Ss. Cyril and Methodius University in Skopje,https://www.ukim.edu.mk,23272,I76245029,,openalex,1,n/a
MK,North Macedonia,False,Goce Delcev University,https://www.ugd.edu.mk,6884,I4210161475,,openalex,1,n/a
MK,North Macedonia,False,"University ""St. Kliment Ohridski"" - Bitola",https://uklo.edu.mk,2529,I2802401942,,openalex,1,n/a
MK,North Macedonia,False,South East European University,https://www.seeu.edu.mk/,2406,I182202855,Q2304477,openalex;wikidata,2,n/a
MK,North Macedonia,False,State University of Tetova,https://unite.edu.mk,1855,I124793430,Q1529083,openalex;wikidata,2,n/a
MK,North Macedonia,False,University American College Skopje,https://uacs.edu.mk,779,I78038858,Q7894510,openalex;wikidata,2,n/a
MK,North Macedonia,False,International Balkan University,http://www.ibu.edu.mk/,698,I87643937,Q1642969,openalex;wikidata,2,n/a
MK,North Macedonia,False,University of Information Science and Technology St. Paul The Apostle,http://uist.edu.mk/,407,I71965090,Q7894999,openalex;wikidata,2,n/a
MK,North Macedonia,False,American University of Europe,https://fon.edu.mk,312,I139806458,,openalex,1,n/a
MK,North Macedonia,False,MIT University,http://www.mit.edu.mk/,273,I4210095297,,openalex,1,n/a
MK,North Macedonia,False,European University,https://www.eu.edu.mk/,213,I148001295,Q3406583,openalex;wikidata,2,n/a
MK,North Macedonia,False,University Clinic for Radiotherapy and Oncology,https://www.oncology.org.mk,189,I4405267927,,openalex,1,n/a
MK,North Macedonia,False,Institute of Communication Studies,https://iks.edu.mk/en/,58,I4405282258,,openalex,1,n/a
MK,North Macedonia,False,International University of Struga,https://iust.edu.mk/,40,I4210107883,Q6054171,openalex;wikidata,2,n/a
MK,North Macedonia,False,"National and University Library ""St. Kliment of Ohrid""",http://nubsk.edu.mk/en/,26,I4210090396,,openalex,1,n/a
MK,North Macedonia,False,Euro Balkan University,http://www.euba.edu.mk/,10,I4210097737,,openalex,1,n/a
MK,North Macedonia,False,Accademia Italiana Skopje,http://www.accademiaitaliana.com,0,,Q4672245,wikidata,1,n/a
MK,North Macedonia,False,Faculty of Agricultural Science and Food in Skopje,http://www.ukim.edu.mk,0,,Q5428893,wikidata,1,n/a
MK,North Macedonia,False,FON University,http://www.fon.edu.mk,0,,Q1142380,wikidata,1,n/a
MK,North Macedonia,False,Goce Delčev University of Štip,http://www.ugd.edu.mk,0,,Q2469823,wikidata,1,n/a
MK,North Macedonia,False,Institute of Animal Biotechnology,http://www.ukim.edu.mk/index.php,0,,Q7466584,wikidata,1,n/a
MK,North Macedonia,False,International Slavic University G. R. Derzhavin,https://msu.edu.mk,0,,Q12909391,wikidata,1,n/a
MK,North Macedonia,False,International Vision University,https://vision.edu.mk,0,,Q117481386,wikidata,1,n/a
MK,North Macedonia,False,Mother Teresa University in Skopje,https://unt.edu.mk/en,0,,Q31669350,wikidata,1,n/a
MK,North Macedonia,False,"Novo Selo School, Štip",https://www.ugd.edu.mk/index.php,0,,Q27659076,wikidata,1,n/a
MK,North Macedonia,False,Q12911322,http://ff.ugd.edu.mk,0,,Q12911322,wikidata,1,n/a
MK,North Macedonia,False,Q20562595,http://josifjosifovski.edu.mk,0,,Q20562595,wikidata,1,n/a
MK,North Macedonia,False,Ss. Cyril and Methodius University of Skopje,https://www.ukim.edu.mk,0,,Q589636,wikidata,1,n/a
MK,North Macedonia,False,St. Clement of Ohrid University of Bitola,https://uklo.edu.mk,0,,Q2094960,wikidata,1,n/a
MK,North Macedonia,False,University of Tourism and Management,https://www.utms.edu.mk,0,,Q52634080,wikidata,1,n/a
MT,Malta,False,University of Malta,https://www.um.edu.mt,31035,I197854408,Q426045,openalex;wikidata,2,n/a
MT,Malta,False,EIM - European Institute of Management,https://eim.education,63,I4405258742,,openalex,1,n/a
MT,Malta,False,Middlesex University Malta,https://www.mdx.edu.mt/,42,I4210127577,,openalex,1,n/a
MT,Malta,False,"IDEA College, Malta",https://mt.ideaeducation.com,33,I4405253716,,openalex,1,n/a
MT,Malta,False,College of Remote and Offshore Medicine,https://corom.edu.mt,29,I4405261507,,openalex,1,n/a
MT,Malta,False,IMO International Maritime Law Institute,https://imli.org,29,I4405269577,,openalex,1,n/a
MT,Malta,False,Open Institute of Technology,https://www.opit.com,11,I4405264878,,openalex,1,n/a
MT,Malta,False,GIOYA Higher Education Institution,https://gioya.edu.mt,4,I4405280570,,openalex,1,n/a
MT,Malta,False,Collegium Melitense,,0,,Q18214424,wikidata,1,n/a
MT,Malta,False,GBS Malta,https://gbs.edu.mt,0,,Q140681492,wikidata,1,n/a
MT,Malta,False,International Maritime Law Institute,,0,,Q275868,wikidata,1,n/a
MT,Malta,False,"London School of Commerce, Valletta",https://www.lscmalta.edu.mt,0,,Q125957217,wikidata,1,n/a
MT,Malta,False,MED.E.A. University,https://www.medea-university.eu,0,,Q138142330,wikidata,1,n/a
MT,Malta,False,Pegaso International,,0,,Q130387177,wikidata,1,n/a
MT,Malta,False,Royal University of Malta,,0,,Q131993783,wikidata,1,n/a
MT,Malta,False,St. Martin's Institute of Higher Education,https://www.stmartins.edu,0,,Q125960086,wikidata,1,n/a
NL,Netherlands,True,Utrecht University,https://www.uu.nl,259676,I193662353,Q221653,openalex;wikidata,3,True
NL,Netherlands,True,University of Amsterdam,https://www.uva.nl,237978,I887064364,Q214341,openalex;wikidata,3,True
NL,Netherlands,True,University of Groningen,https://www.rug.nl,201716,I169381384,Q850730,openalex;wikidata,3,True
NL,Netherlands,True,Delft University of Technology,https://www.tudelft.nl,181843,I98358874,Q752663,openalex;wikidata,3,True
NL,Netherlands,True,Radboud University Nijmegen,https://www.ru.nl,167519,I145872427,,openalex,2,True
NL,Netherlands,True,Leiden University,http://www.leiden.edu/,167280,I121797337,Q156598,openalex;wikidata,3,True
NL,Netherlands,True,Vrije Universiteit Amsterdam,https://vu.nl/,155011,I865915315,Q1065414,openalex;wikidata,3,True
NL,Netherlands,True,Wageningen University & Research,https://www.wur.nl/,149322,I913481162,Q422208,openalex;wikidata,3,True
NL,Netherlands,True,Maastricht University,https://www.maastrichtuniversity.nl,127562,I34352273,Q1137652,openalex;wikidata,3,True
NL,Netherlands,True,Eindhoven University of Technology,https://www.tue.nl,98496,I83019370,Q280824,openalex;wikidata,3,True
NL,Netherlands,True,University of Twente,https://www.utwente.nl,90655,I94624287,Q1547084,openalex;wikidata,3,True
NL,Netherlands,True,Erasmus University Rotterdam,https://www.eur.nl,86058,I913958620,Q633529,openalex;wikidata,3,True
NL,Netherlands,True,Tilburg University,https://www.tilburguniversity.edu/,50364,I193700539,Q595668,openalex;wikidata,3,True
NL,Netherlands,True,Open University of the Netherlands,https://www.ou.nl,9771,I7876267,Q1407397,openalex;wikidata,3,True
NL,Netherlands,True,Academic Center for Dentistry Amsterdam,https://acta.nl,9066,I2898155008,,openalex,2,True
NL,Netherlands,True,Amsterdam University of Applied Sciences,https://www.hva.nl,4560,I55106644,,openalex,2,True
NL,Netherlands,True,University of Applied Sciences Utrecht,http://www.english.hu.nl/,4483,I173063890,,openalex,2,True
NL,Netherlands,True,International Institute of Social Studies,https://www.iss.nl,2845,I4405273105,,openalex,2,True
NL,Netherlands,True,Nyenrode Business University,http://www.nyenrode.com/Pages/Default.aspx,2322,I870178186,Q1516779,openalex;wikidata,3,True
NL,Netherlands,True,Rotterdam University of Applied Sciences,https://www.rotterdamuas.com/,2106,I907135538,,openalex,2,True
NL,Netherlands,True,University of Humanistic Studies,http://www.uvh.nl/english/home,1610,I122285577,Q1711630,openalex;wikidata,3,True
NL,Netherlands,True,Center for Language Studies,https://www.ru.nl/centre-for-language-studies,1400,I4405258349,,openalex,2,True
NL,Netherlands,True,University of Applied Sciences Leiden,https://www.hsleiden.nl/,878,I210716285,,openalex,2,True
NL,Netherlands,True,Protestant Theological University,https://www.pthu.nl,800,I34427333,Q1960654,openalex;wikidata,3,True
NL,Netherlands,True,Maastricht School of Management,https://www.msm.nl/,700,I209991678,,openalex,2,True
NL,Netherlands,True,TIAS School for Business and Society,https://www.tias.edu,600,I124486421,,openalex,2,True
NL,Netherlands,True,Interuniversity Center for Social Science Theory and Methodology,http://ics-graduateschool.nl/,572,I4210087716,,openalex,2,True
NL,Netherlands,True,HAS green academy,https://has.nl,344,I4210166725,,openalex,2,True
NL,Netherlands,True,University of the Arts Utrecht,https://www.hku.nl,316,I2802751956,,openalex,2,True
NL,Netherlands,True,Amsterdam University College,http://www.auc.nl/,242,I13089092,,openalex,2,True
NL,Netherlands,True,Theological University Utrecht,https://tuu.nl,202,I4210120920,,openalex,2,True
NL,Netherlands,True,Academie Verloskunde Amsterdam Groningen,https://www.verloskunde-academie.nl/,201,I4210123046,,openalex,2,True
NL,Netherlands,True,Theological University of Apeldoorn,https://www.tua.nl,172,I3130570791,,openalex,2,True
NL,Netherlands,True,Amsterdam Institute for Advanced Metropolitan Solutions,https://www.ams-institute.org/,140,I4210104398,,openalex,2,True
NL,Netherlands,True,Netherlands School of Public Administration,http://www.nsob.nl/,130,I4210134196,,openalex,2,True
NL,Netherlands,True,Codarts Rotterdam,https://www.codarts.nl/,129,I2801429410,,openalex,2,True
NL,Netherlands,True,Amsterdam University of the Arts,https://www.ahk.nl,123,I4210135670,,openalex,2,True
NL,Netherlands,True,Graduate School Neurosciences Amsterdam Rotterdam,http://www.onwar.nl/,111,I4210149954,,openalex,2,True
NL,Netherlands,True,European Association of Distance Teaching Universities,http://www.eadtu.eu/,98,I4210157174,,openalex,2,True
NL,Netherlands,True,Hague Academy of International Law,https://www.hagueacademy.nl/,97,I2801277830,,openalex,2,True
NL,Netherlands,True,Tio Business School,https://www.tio.nl,97,I4210093425,,openalex,2,True
NL,Netherlands,True,Royal Academy of Art,https://www.kabk.nl,65,I4210088845,,openalex,2,True
NL,Netherlands,True,Expertise Center Vocational Education,http://ecbo.nl/,44,I4210164981,,openalex,2,True
NL,Netherlands,True,Center for Technology & Innovation Management,http://www.cetim.org/,42,I4210142389,,openalex,2,True
NL,Netherlands,True,Gerrit Rietveld Academy,https://rietveldacademie.nl,42,I2800065634,,openalex,2,True
NL,Netherlands,True,Design Academy Eindhoven,https://www.designacademy.nl/,40,I68976167,,openalex,2,True
NL,Netherlands,True,Islamic University of Rotterdam,http://www.iur.nl/en/home-2/,18,I2801049190,,openalex,2,True
NL,Netherlands,True,Netherlands Graduate School of Linguistics,http://www.lotschool.nl/,17,I4210158533,,openalex,2,True
NL,Netherlands,True,De Berekuyl Academy,https://www.deberekuylacademy.nl,12,I4405267190,,openalex,2,True
NL,Netherlands,True,Netherlands Institute for Catalysis Research,http://www.niok.eu/,6,I4210153671,,openalex,2,True
NL,Netherlands,True,Dutch Research School for Medieval Studies,https://medievalstudies.nl,4,I4210126953,,openalex,2,True
NL,Netherlands,True,Christelijk Gymnasium Utrecht,http://www.cgu.nl/,3,I4210119164,,openalex,2,True
NL,Netherlands,True,Netherlands Research School for Literary Studies,http://www.oslit.nl/,1,I4210141401,,openalex,2,True
NL,Netherlands,True,Catholic University of Utrecht,http://www.ktu.nl,0,,Q2725923,wikidata,2,True
NL,Netherlands,True,Erasmus University College,http://www.eur.nl/euc,0,,Q18712206,wikidata,2,True
NL,Netherlands,True,Institute for Programming research and Algorithmics,http://www.win.tue.nl/ipa/,0,I4210152243,,openalex,2,True
NL,Netherlands,True,International Research Universities Network,,0,I4210167144,,openalex,2,True
NL,Netherlands,True,Islamic University of Applied Sciences Rotterdam,https://www.iuasr.nl,0,,Q2210297,wikidata,2,True
NL,Netherlands,True,Katholieke Theologische Universiteit Amsterdam,,0,,Q61693369,wikidata,2,True
NL,Netherlands,True,Maastricht School of Translation and Interpreting,,0,,Q18698369,wikidata,2,True
NL,Netherlands,True,"Netherlands Graduate Research School of Science, Technology and Modern Culture",https://www.wtmc.eu/,0,I4210111040,,openalex,2,True
NL,Netherlands,True,Radboud University,https://www.ru.nl,0,,Q632004,wikidata,2,True
NL,Netherlands,True,Royal Netherlands Naval College,http://www.kim.nl,0,,Q2329924,wikidata,2,True
NL,Netherlands,True,Temporary Academy,,0,,Q1915550,wikidata,2,True
NL,Netherlands,True,Theological University of the Reformed Churches,https://tuu.nl,0,,Q2347687,wikidata,2,True
NL,Netherlands,True,Universiteit voor Theologie en Pastorale Studies,,0,,Q61654880,wikidata,2,True
NL,Netherlands,True,University of Franeker,,0,,Q1293929,wikidata,2,True
NL,Netherlands,True,University of Harderwijk,,0,,Q1816221,wikidata,2,True
NL,Netherlands,True,University of Nijmegen,,0,,Q2291320,wikidata,2,True
NL,Netherlands,True,Via Vinci Academy,https://www.c-lion.nl/opleiding,0,I4210122475,,openalex,2,True
NL,Netherlands,True,Webster Leiden,,0,,Q7978936,wikidata,2,True
NL,Netherlands,True,Webster University Leiden,https://www.webster.nl,0,,Q125130023,wikidata,2,True
NO,Norway,False,University of Bergen,https://www4.uib.no/,219334,I4432739,Q204457,openalex;wikidata,3,True
NO,Norway,False,University of Oslo,https://www.uio.no/,203248,I184942183,Q486156,openalex;wikidata,3,True
NO,Norway,False,Norwegian University of Science and Technology,https://www.ntnu.edu,157164,I204778367,Q314536,openalex;wikidata,3,True
NO,Norway,False,UiT The Arctic University of Norway,https://uit.no,68999,I78037679,,openalex,2,True
NO,Norway,False,Norwegian University of Life Sciences,https://www.nmbu.no,28249,I54108979,Q1725075,openalex;wikidata,3,True
NO,Norway,False,University of Stavanger,https://www.uis.no,21105,I92008406,Q498401,openalex;wikidata,3,True
NO,Norway,False,OsloMet – Oslo Metropolitan University,https://www.oslomet.no,18802,I184531372,,openalex,2,True
NO,Norway,False,University of Agder,https://www.uia.no,17150,I200650556,Q1470769,openalex;wikidata,3,True
NO,Norway,False,University of South-Eastern Norway,https://www.usn.no,13472,I2801380234,Q20112014,openalex;wikidata,3,True
NO,Norway,False,Western Norway University of Applied Sciences,https://www.hvl.no/,10609,I179863766,,openalex,2,True
NO,Norway,False,Nord University,https://www.nord.no/,9482,I2802079931,Q21079372,openalex;wikidata,3,True
NO,Norway,False,Norwegian School of Economics,https://www.nhh.no,8354,I931913249,,openalex,2,True
NO,Norway,False,University of Inland Norway,https://www.inn.no/,8075,I4210116649,Q27050380,openalex;wikidata,3,True
NO,Norway,False,BI Norwegian Business School,https://www.bi.no/,7334,I181046868,,openalex,2,True
NO,Norway,False,Norwegian School of Sport Sciences,https://www.nih.no,6521,I76283144,Q1769401,openalex;wikidata,3,True
NO,Norway,False,Østfold University of Applied Sciences,https://www.hiof.no/,3990,I19923696,,openalex,2,True
NO,Norway,False,VID Specialized University,https://www.vid.no,2559,I4210103682,,openalex,2,True
NO,Norway,False,Høyskolen Kristiania,https://www.kristiania.no,2518,I2800207870,,openalex,2,True
NO,Norway,False,Molde University College,https://www.himolde.no,2371,I182204967,,openalex,2,True
NO,Norway,False,Høgskolen i Bergen,,1834,I4405264474,,openalex,2,True
NO,Norway,False,Volda University College,https://www.hivolda.no,1045,I191297138,,openalex,2,True
NO,Norway,False,NLA University College,https://www.nla.no,1042,I4210148323,,openalex,2,True
NO,Norway,False,Lovisenberg Diakonale Høgskole,https://ldh.no,951,I4210103290,,openalex,2,True
NO,Norway,False,Noroff University College,https://www.noroff.no/en/studies/university-college,648,I4405261254,,openalex,2,True
NO,Norway,False,Norwegian Police University College,https://www.politihogskolen.no,595,I132544926,,openalex,2,True
NO,Norway,False,Oslo Nye Høyskole,https://oslonyehoyskole.no,571,I4210128481,,openalex,2,True
NO,Norway,False,Oslo School of Architecture and Design,https://aho.no,571,I135606841,,openalex,2,True
NO,Norway,False,Norwegian Defence University College,https://www.forsvaret.no/om-forsvaret/organisasjon/FHS,560,I4210121836,,openalex,2,True
NO,Norway,False,Queen Maud University College,http://dmmh.no/en,531,I4210148483,,openalex,2,True
NO,Norway,False,Norwegian Academy of Music,https://nmh.no/,445,I1823064,,openalex,2,True
NO,Norway,False,Sámi University of Applied Sciences,https://samas.no,264,I211733179,,openalex,2,True
NO,Norway,False,Fjellhaug Internasjonale Høgskole,https://fih.fjellhaug.no/,126,I4210113895,,openalex,2,True
NO,Norway,False,Royal Norwegian Naval Academy,https://www.forsvaret.no/en/research/research-at-the-nduc/royal-norwegian-naval-academy,124,I4405272332,Q2590772,openalex;wikidata,3,True
NO,Norway,False,Ansgar University College,https://ansgarhoyskole.no,110,I4210167046,,openalex,2,True
NO,Norway,False,University College of Norwegian Correctional Service,https://www.krus.no,106,I4387152520,,openalex,2,True
NO,Norway,False,Høyskolen Diakonova,,75,I4405264302,,openalex,2,True
NO,Norway,False,Rudolf Steiner University College,http://www.rshoyskolen.no/english-menu/,74,I2801340671,Q7377341,openalex;wikidata,3,True
NO,Norway,False,Oslo National Academy of the Arts,http://www.khio.no/,72,I2802724108,,openalex,2,True
NO,Norway,False,Norwegian Nobel Institute,http://nobelpeaceprize.org/,70,I2802430862,,openalex,2,True
NO,Norway,False,Royal Norwegian Society of Sciences and Letters,http://www.dknvs.no/english/,58,I4210108869,,openalex,2,True
NO,Norway,False,Norwegian Institute of Emotion-focused Therapy,http://www.nieft.no/,29,I4210144320,,openalex,2,True
NO,Norway,False,Universities Norway,https://www.uhr.no,29,I4210120473,,openalex,2,True
NO,Norway,False,Bergen School of Architecture,https://bas.org,26,I2800791431,,openalex,2,True
NO,Norway,False,Norwegian Academy of Technological Sciences,http://www.ntva.no/2013/12/12/english/,6,I3003898647,,openalex,2,True
NO,Norway,False,Norwegian Film Institute,http://www.nfi.no/english/,2,I4210156125,,openalex,2,True
NO,Norway,False,International Sámi Film Institute,https://www.isfi.no/en,1,I4210141696,,openalex,2,True
NO,Norway,False,Norwegian Institute of Technology,http://www.ntnu.edu,0,,Q1416348,wikidata,2,True
NO,Norway,False,Oslo Metropolitan University,http://www.oslomet.no,0,,Q47249304,wikidata,2,True
NO,Norway,False,Royal Norwegian Air Force Academy,,0,,Q4573106,wikidata,2,True
NO,Norway,False,Tone Lise Academy,http://www.toneliseakademiet.no/,0,I4210128087,,openalex,2,True
NO,Norway,False,University of Tromsø – The Arctic University of Norway,https://en.uit.no/startsida,0,,Q279724,wikidata,2,True
PL,Poland,False,Jagiellonian University,https://www.uj.edu.pl,130504,I126596746,Q189441,openalex;wikidata,3,True
PL,Poland,False,University of Warsaw,http://en.uw.edu.pl/,113534,I4654613,Q144488,openalex;wikidata,3,True
PL,Poland,False,University of Wrocław,https://uwr.edu.pl,71023,I219388962,Q315658,openalex;wikidata,3,True
PL,Poland,False,Adam Mickiewicz University in Poznań,https://amu.edu.pl,70403,I59411706,Q348402,openalex;wikidata,3,True
PL,Poland,False,Warsaw University of Technology,https://pw.edu.pl,62955,I108403487,Q1718656,openalex;wikidata,3,True
PL,Poland,False,Wrocław University of Science and Technology,https://pwr.edu.pl/,54066,I11923345,Q522109,openalex;wikidata,3,True
PL,Poland,False,Nicolaus Copernicus University,https://www.umk.pl,51922,I3019271933,,openalex,2,True
PL,Poland,False,University of Łódź,https://www.uni.lodz.pl,50819,I34250744,Q137503,openalex;wikidata,3,True
PL,Poland,False,Silesian University of Technology,https://www.polsl.pl,45494,I119004910,Q1424978,openalex;wikidata,2,False
PL,Poland,False,Medical University of Warsaw,https://www.wum.edu.pl,42955,I268303160,Q496351,openalex;wikidata,3,True
PL,Poland,False,Warsaw University of Life Sciences,https://www.sggw.edu.pl/,42178,I170230895,Q681,openalex;wikidata,3,True
PL,Poland,False,University of Silesia in Katowice,https://us.edu.pl/,40793,I864159182,Q615154,openalex;wikidata,3,True
PL,Poland,False,University of Gdańsk,https://ug.edu.pl,38084,I40413290,Q1758009,openalex;wikidata,3,True
PL,Poland,False,Gdańsk University of Technology,https://pg.edu.pl,34758,I169333911,Q465922,openalex;wikidata,3,True
PL,Poland,False,Maria Curie-Skłodowska University,https://www.umcs.pl,34419,I174183983,Q1613719,openalex;wikidata,3,True
PL,Poland,False,University of Warmia and Mazury in Olsztyn,https://uwm.edu.pl,34211,I47996466,Q1733433,openalex;wikidata,3,True
PL,Poland,False,Medical University of Silesia,https://sum.edu.pl,33317,I166182418,,openalex,2,True
PL,Poland,False,Poznań University of Technology,https://put.poznan.pl,30942,I46597724,Q1678753,openalex;wikidata,2,False
PL,Poland,False,Gdańsk Medical University,https://gumed.edu.pl/,29395,I75124487,,openalex,2,True
PL,Poland,False,Medical University of Lublin,http://www.umlub.pl,29320,I121032520,Q1916610,openalex;wikidata,2,False
PL,Poland,False,University of Szczecin,https://usz.edu.pl,26919,I104588304,Q1752716,openalex;wikidata,3,True
PL,Poland,False,University of Rzeszów,https://www.ur.edu.pl/en/home,20807,I98559091,,openalex,2,True
PL,Poland,False,Medical University of Białystok,https://www.umb.edu.pl,19454,I146122375,,openalex,2,True
PL,Poland,False,John Paul II Catholic University of Lublin,https://www.kul.pl,18377,I111702420,Q175529,openalex;wikidata,3,True
PL,Poland,False,Częstochowa University of Technology,https://pcz.pl,18176,I130294970,Q2399276,openalex;wikidata,2,False
PL,Poland,False,Wrocław University of Environmental and Life Sciences,https://upwr.edu.pl,17742,I27912750,Q4121030,openalex;wikidata,3,True
PL,Poland,False,University of Life Sciences in Lublin,https://up.lublin.pl,17631,I158552681,Q5734894,openalex;wikidata,2,False
PL,Poland,False,West Pomeranian University of Technology in Szczecin,https://www.zut.edu.pl,16781,I155313962,Q1268167,openalex;wikidata,3,True
PL,Poland,False,Military University of Technology in Warsaw,https://www.wojsko-polskie.pl/wat,16204,I2800249161,,openalex,2,True
PL,Poland,False,Rzeszów University of Technology,https://w.prz.edu.pl,15257,I111664937,Q3578303,openalex;wikidata,3,True
PL,Poland,False,University of Zielona Góra,https://uz.zgora.pl,15138,I46305939,Q366071,openalex;wikidata,3,True
PL,Poland,False,Lublin University of Technology,https://pollub.pl,14913,I8264552,Q2333801,openalex;wikidata,2,False
PL,Poland,False,SGH Warsaw School of Economics,https://www.sgh.waw.pl,14852,I18193975,Q1394594,openalex;wikidata,3,True
PL,Poland,False,Cardinal Stefan Wyszynski University in Warsaw,https://uksw.edu.pl,14702,I69984877,Q1416331,openalex;wikidata,3,True
PL,Poland,False,Bialystok University of Technology,https://pb.edu.pl,14335,I1323121030,Q4902926,openalex;wikidata,2,False
PL,Poland,False,University of Białystok,https://uwb.edu.pl,14014,I245364917,Q1658883,openalex;wikidata,3,True
PL,Poland,False,Jan Kochanowski University,https://ujk.edu.pl,13373,I169495764,Q3551420,openalex;wikidata,3,True
PL,Poland,False,University of Opole,https://uni.opole.pl,13282,I170583851,Q1932957,openalex;wikidata,3,True
PL,Poland,False,Krakow University of Economics,https://uek.krakow.pl,12384,I23574469,Q1471879,openalex;wikidata,2,False
PL,Poland,False,Bydgoszcz University of Science and Technology,https://pbs.edu.pl,10828,I1300393620,Q113185270,openalex;wikidata,2,False
PL,Poland,False,Opole University of Technology,https://po.edu.pl/,9356,I119217307,Q2399339,openalex;wikidata,3,True
PL,Poland,False,Kazimierz Wielki University in Bydgoszcz,https://ukw.edu.pl,9344,I149592570,Q1737513,openalex;wikidata,3,True
PL,Poland,False,Kielce University of Technology,https://tu.kielce.pl,6945,I169109204,Q2399303,openalex;wikidata,2,False
PL,Poland,False,Koszalin University of Technology,https://www.tu.koszalin.pl,6863,I269685040,Q1788258,openalex;wikidata,2,False
PL,Poland,False,University of Siedlce,https://www.uws.edu.pl,6586,I231086526,Q9366819,openalex;wikidata,2,False
PL,Poland,False,Jan Długosz University,https://www.ujd.edu.pl,6358,I126406834,Q6148831,openalex;wikidata,2,False
PL,Poland,False,Gdynia Maritime University,https://umg.edu.pl,5297,I4210125238,Q2264760,openalex;wikidata,2,False
PL,Poland,False,University of Bielsko-Biała,https://www.ubb.edu.pl/,4583,I62088572,Q2399398,openalex;wikidata,2,False
PL,Poland,False,Kazimierz Pułaski University of Technology and Humanities in Radom,https://uniwersytetradom.pl/,4012,I283429734,,openalex,2,True
PL,Poland,False,University of Business in Wrocław,https://www.handlowa.eu/,3438,I4210155415,,openalex,2,True
PL,Poland,False,Andrzej Frycz Modrzewski Krakow University,https://uafm.edu.pl,3434,I4210148240,Q2822247,openalex;wikidata,2,False
PL,Poland,False,Józef Piłsudski University of Physical Education in Warsaw,https://www.awf.edu.pl,3108,I80810150,Q413829,openalex;wikidata,3,True
PL,Poland,False,Maritime University of Szczecin,https://pm.szczecin.pl,3004,I199688382,,openalex,2,True
PL,Poland,False,Gdansk University of Physical Education and Sport,http://www.en.awf.gda.pl/,2972,I4210137546,,openalex,2,True
PL,Poland,False,University of Information Technology and Management in Rzeszow,http://kandydaci.wsiz.rzeszow.pl/en/lang.html,2969,I4210109085,,openalex,2,True
PL,Poland,False,WSB University,https://wsb.edu.pl,2900,I4210145463,Q9380725,openalex;wikidata,2,False
PL,Poland,False,Polish Naval Academy,https://amw.gdynia.pl/,2295,I2799831209,Q11684710,openalex;wikidata,2,False
PL,Poland,False,WSB Merito University in Poznan,https://www.merito.pl/poznan/,1705,I4210137990,Q9380713,openalex;wikidata,2,False
PL,Poland,False,University of Economics and Innovation,https://www.wsei.pl/,1538,I2799788900,Q7895365,openalex;wikidata,2,False
PL,Poland,False,Vistula University,http://www.vistula.edu.pl/eng,1471,I4210131605,Q7895361;Q123245431,openalex;wikidata,2,False
PL,Poland,False,WSB Merito University in Gdańsk,https://www.merito.pl/gdansk/,1358,I4210102184,Q9380712,openalex;wikidata,3,True
PL,Poland,False,Warsaw Management University,http://wsm.warszawa.pl/warsaw-management-academy,880,I4210154018,Q9380796,openalex;wikidata,3,True
PL,Poland,False,National Defence University of Warsaw,http://www.aon.edu.pl/en/,827,I4210118301,Q414316,openalex;wikidata,3,True
PL,Poland,False,Civitas University,http://civitas.edu.pl,782,I10356626,Q5147001,openalex;wikidata,2,False
PL,Poland,False,Christian Theological Academy in Warsaw,http://chat.edu.pl/,543,I4210094354,,openalex,2,True
PL,Poland,False,University of Economy in Bydgoszcz,http://eurostudies.pl,542,I4210145770,Q9380750,openalex;wikidata,2,False
PL,Poland,False,Alcide De Gasperi University of Euroregional Economy in Józefów,https://en.wsge.edu.pl,459,I4210116110,Q30257236,openalex;wikidata,2,False
PL,Poland,False,Public Higher Medical Professional School in Opole,http://www.wsm.opole.pl/pl/,433,I2799898848,,openalex,2,True
PL,Poland,False,Uczelnia Warszawska im. Marii Skłodowskiej-Curie,https://uczelniamedyczna.com.pl/,412,I4210121577,Q9364386,openalex;wikidata,2,False
PL,Poland,False,Kujawy and Pomorze University in Bydgoszcz,http://kpsw.edu.pl,404,I4210121702,Q11750809,openalex;wikidata,2,False
PL,Poland,False,International University of Logistics and Transport in Wrocław,https://www.mwsl.eu/,383,I4210111436,Q614293,openalex;wikidata,3,True
PL,Poland,False,Łódź Film School,https://www.filmschool.lodz.pl,311,I4210087157,,openalex,2,True
PL,Poland,False,National Quantum Information Centre in Gdansk,https://kcik.ug.edu.pl/,307,I4210125429,,openalex,2,True
PL,Poland,False,Polonia University,https://en.ap.edu.pl/,292,I4210089606,Q11684712,openalex;wikidata,2,False
PL,Poland,False,WSPIA University of Rzeszow,https://wspia.eu,275,I4210148329,,openalex,2,True
PL,Poland,False,University of Computer Sciences and Economics in Olsztyn,http://www.wsiie.olsztyn.pl/,218,I4210115435,Q9380768,openalex;wikidata,2,False
PL,Poland,False,Academy of Finance and Management in Białystok,http://en.terazwsfiz.pl/,211,I4210105038,,openalex,2,True
PL,Poland,False,WSB Merito University in Warsaw,https://www.merito.pl/warszawa/,188,I4210098975,Q9380765,openalex;wikidata,3,True
PL,Poland,False,Warsaw School of Computer Science,http://wscs.eu/,180,I4210112454,,openalex,2,True
PL,Poland,False,Sopot University of Applied Science,http://www.ssw.sopot.pl/en/about-university/,168,I4210104929,Q30263530,openalex;wikidata,2,False
PL,Poland,False,Aleksander Zelwerowicz National Academy of Dramatic Art in Warsaw,http://akademia.at.edu.pl/,167,I3133162408,,openalex,2,True
PL,Poland,False,Academy of Physiotherapy in Wrocław,http://www.wsf.wroc.pl/,153,I4210142035,,openalex,2,True
PL,Poland,False,Pawel Wlodkowic University College in Płock,http://www.wlodkowic.pl/english.html,138,I4210121599,Q9351632,openalex;wikidata,2,False
PL,Poland,False,Tischner European University,http://www.wse.krakow.pl/,136,I4210133720,Q938324,openalex;wikidata,2,False
PL,Poland,False,"College of Europe, Warsaw",https://www.coleuropenatolin.eu/,133,I4210161028,,openalex,2,True
PL,Poland,False,Academy of Music in Łódź,https://www.amuz.lodz.pl,132,I4210138116,,openalex,2,True
PL,Poland,False,University of Occupational Safety Management in Katowice,https://wszop.edu.pl,131,I4210133116,Q9380865,openalex;wikidata,2,False
PL,Poland,False,University College of Enterprise and Administration in Lublin,https://wspa.pl/,118,I4210161911,Q9380831,openalex;wikidata,2,False
PL,Poland,False,Gdansk School of Higher Education,http://www.gwsa.pl/,108,I4210118355,,openalex,2,True
PL,Poland,False,Polish Open University,http://www.wsz-pou.edu.pl/,98,I4210103809,Q2101370,openalex;wikidata,2,False
PL,Poland,False,Radom Academy of Economics,http://wsh.pl/en/,85,I4210128788,,openalex,2,True
PL,Poland,False,Radom College,http://www.rsw.edu.pl/,84,I4210098564,,openalex,2,True
PL,Poland,False,Warsaw University of Technology Business School,https://www.business.edu.pl,68,I4210137926,,openalex,2,True
PL,Poland,False,Academy of Cosmetics and Health Care in Warsaw,http://www.wszkipz.pl/index2.php,61,I4210113813,,openalex,2,True
PL,Poland,False,Academy of Tourism and Hotel Management in Gdansk,https://wstih.pl/,55,I4210149932,Q9380855,openalex;wikidata,3,True
PL,Poland,False,Karol Lipiński Academy of Music in Wrocław,http://amuz.wroc.pl,54,I4210154226,,openalex,2,True
PL,Poland,False,"Wroclaw University of Applied Informatics ""Horizon""",https://horyzont.eu/,50,I4210141901,Q15697030,openalex;wikidata,2,False
PL,Poland,False,Rzeszów School of Engineering and Economics,https://wsie.edu.pl/,48,I4210127579,,openalex,2,True
PL,Poland,False,Wyższa Szkoła Ekonomii i Administracji w Bytomiu,http://www.wsea.edu.pl/,48,I4210133265,Q9380739,openalex;wikidata,2,False
PL,Poland,False,Białystok School of Public Administration,http://wsap.edu.pl/,46,I4210134625,,openalex,2,True
PL,Poland,False,Legnica University of Management,http://www.wsm.edu.pl/,45,I3129969389,Q8040714,openalex;wikidata,2,False
PL,Poland,False,Private University of Environmental Sciences in Radom,http://www.pwsos.pl/,38,I4210095343,Q11828159,openalex;wikidata,3,True
PL,Poland,False,Białystok Institute of Cosmetology and Healthcare,http://wsmed.edu.pl/,32,I4210124139,,openalex,2,True
PL,Poland,False,Wyższa Szkoła Handlu i Finansów Międzynarodowych im. Fryderyka Skarbka,http://wshifm.edu.pl/,31,I4210116294,Q9380755,openalex;wikidata,2,False
PL,Poland,False,University College of Social Sciences,http://www.wsl.edu.pl,26,I4210164362,Q9380785,openalex;wikidata,2,False
PL,Poland,False,Górnośląska Wyższa Szkoła Pedagogiczna imienia Kardynała Augusta Hlonda w Mysłowicach,http://www.wsew.edu.pl/,24,I4210156702,Q3578465,openalex;wikidata,2,False
PL,Poland,False,Academy of Physiotheray in Wrocław,https://wsf.wroc.pl/,22,I4210137383,,openalex,2,True
PL,Poland,False,Almamer University,,22,I4210160247,Q9137142,openalex;wikidata,2,False
PL,Poland,False,"Warsaw Academy of Computer Science, Management and Administration",http://www.warsawacademy.com/,22,I4210099846,,openalex,2,True
PL,Poland,False,Wyższa Szkoła Umiejętności im. Stanisława Staszica w Kielcach,http://www.wsu.kielce.pl/,22,I4210139902,Q9380859,openalex;wikidata,2,False
PL,Poland,False,Radom Academy of Social and Technical Sciences,http://eust.pl/,20,I4210153138,,openalex,2,True
PL,Poland,False,American School of Warsaw,http://www.aswarsaw.org/,13,I2915760844,,openalex,2,True
PL,Poland,False,Kotarbinski University of Information Technology and Management in Olsztyn,http://www.owsiiz.edu.pl/,13,I4210093335,Q11798137,openalex;wikidata,2,False
PL,Poland,False,Collegium Varsoviense,http://www.futurus.org/,4,I4210115118,Q11691331,openalex;wikidata,2,False
PL,Poland,False,Academy of Economics in Białystok,https://www.wse.edu.pl,0,,Q4671449,wikidata,2,True
PL,Poland,False,Academy of Management and Administration in Opole,https://www.wszia.opole.pl,0,,Q9380867,wikidata,2,True
PL,Poland,False,Academy of Silesia,https://akademiaslaska.pl,0,,Q9380844,wikidata,2,True
PL,Poland,False,Agricultural University of Szczecin,,0,,Q2822281,wikidata,2,True
PL,Poland,False,Białystok Institute of Cosmetology,,0,,Q4902922,wikidata,2,True
PL,Poland,False,Faculty of Catholic Theology of the University of Warsaw,,0,,Q17563877,wikidata,2,True
PL,Poland,False,Faculty of Theology of University of Szczecin,https://teo.usz.edu.pl,0,,Q9379716,wikidata,2,True
PL,Poland,False,Higher School of Journalism in Warsaw,http://www.wsd.edu.pl,0,,Q9380729,wikidata,2,True
PL,Poland,False,Higher School of Tourism and Foreign Languages in Warsaw,http://www.wstijo.edu.pl,0,,Q9380856,wikidata,2,True
PL,Poland,False,Medical Academy of Łódź,,0,,Q6806253,wikidata,2,True
PL,Poland,False,Medical University of Łódź,http://umed.pl,0,,Q495957,wikidata,2,True
PL,Poland,False,Nicolaus Copernicus University in Toruń,http://www.umk.pl,0,,Q1752712,wikidata,2,True
PL,Poland,False,Rzeszów University,https://www.ur.edu.pl/en,0,,Q660907,wikidata,2,True
PL,Poland,False,Szczecin University of Technology,https://web.archive.org/web/20081218084505/http://www.ps.pl,0,,Q3133484,wikidata,2,True
PL,Poland,False,Theology faculty of the Jagiellonian University,,0,,Q9379710,wikidata,2,True
PL,Poland,False,University of Ecology and Management in Warsaw,http://www.wseiz.pl,0,,Q9380733,wikidata,2,True
PL,Poland,False,University of Economics and Human Sciences in Warsaw,,0,,Q114957293,wikidata,2,True
PL,Poland,False,University of Finance and Management In Warsaw,http://vizja.pl,0,,Q9380745,wikidata,2,True
PL,Poland,False,University of Physical Education in Wrocław,http://www.awf.wroc.pl,0,,Q11684721,wikidata,2,True
PL,Poland,False,University of Radom,http://uniwersytetradom.pl,0,,Q3207844,wikidata,2,True
PL,Poland,False,Warsaw College of Engineering and Health,http://www.wsiiz.pl,0,,Q9380772,wikidata,2,True
PL,Poland,False,Warsaw Medical Academy,https://wam.edu.pl,0,,Q16617278,wikidata,2,True
PL,Poland,False,WSB Merito University in Wrocław,https://www.merito.pl/wroclaw,0,,Q9380718,wikidata,2,True
PL,Poland,False,WSB University in Warsaw,https://wsb.edu.pl/warszawa,0,,Q20986814,wikidata,2,True
PL,Poland,False,Wyższa Szkoła Bankowości i Finansów w Katowicach,http://www.wsbif.pl/,0,I4210151599,Q9380721,openalex;wikidata,2,False
PL,Poland,False,Wyższa Szkoła Prawa i Administracji Rzeszów-Przemyśl,http://www.wspia.eu,0,,Q9380832,wikidata,2,True
PL,Poland,False,Łódź University of Technology,https://www.p.lodz.pl,0,,Q2140369,wikidata,2,True
PT,Portugal,False,Universidade do Porto,https://www.up.pt,163004,I182534213,,openalex,1,n/a
PT,Portugal,False,University of Lisbon,https://www.ulisboa.pt,154723,I141596103,Q1122926,openalex;wikidata,2,n/a
PT,Portugal,False,University of Coimbra,https://www.uc.pt,100665,I76903346,Q368643,openalex;wikidata,2,n/a
PT,Portugal,False,Universidade Nova de Lisboa,https://www.unl.pt,77313,I83558840,,openalex,1,n/a
PT,Portugal,False,University of Minho,https://www.uminho.pt,73383,I99682543,Q29673,openalex;wikidata,2,n/a
PT,Portugal,False,University of Aveiro,https://www.ua.pt,72048,I60858718,Q29671,openalex;wikidata,2,n/a
PT,Portugal,False,Instituto Superior Técnico,https://tecnico.ulisboa.pt,66183,I4387152517,Q1636837,openalex;wikidata,2,n/a
PT,Portugal,False,University of Algarve,https://www.ualg.pt,22575,I71503853,Q1972136,openalex;wikidata,2,n/a
PT,Portugal,False,University of Trás-os-Montes and Alto Douro,https://www.utad.pt,20922,I155381812,Q3309132,openalex;wikidata,2,n/a
PT,Portugal,False,University of Beira Interior,https://www.ubi.pt/,19793,I161321875,Q846725,openalex;wikidata,2,n/a
PT,Portugal,False,University of Évora,https://www.uevora.pt,19536,I21803372,Q1557861,openalex;wikidata,2,n/a
PT,Portugal,False,Iscte – Instituto Universitário de Lisboa,https://www.iscte-iul.pt,17727,I110026055,,openalex,1,n/a
PT,Portugal,False,Universidade Técnica de Lisboa,,17704,I4405264366,,openalex,1,n/a
PT,Portugal,False,Universidade Católica Portuguesa,https://www.ucp.pt,17492,I25169866,,openalex,1,n/a
PT,Portugal,False,Polytechnic Institute of Porto,https://www.ipp.pt/,16968,I83863532,Q4348556,openalex;wikidata,2,n/a
PT,Portugal,False,Instituto de Ciências Biomédicas Albel Salazar,https://www.up.pt/icbas/,13266,I4405263123,,openalex,1,n/a
PT,Portugal,False,Polytechnic Institute of Bragança,https://portal3.ipb.pt,13045,I4210092303,Q10302635,openalex;wikidata,2,n/a
PT,Portugal,False,Instituto Politécnico de Lisboa,https://www.ipl.pt,9379,I203847022,,openalex,1,n/a
PT,Portugal,False,Instituto Politécnico de Leiria,https://www.ipleiria.pt,9056,I169427155,,openalex,1,n/a
PT,Portugal,False,Universidade dos Açores,https://www.uac.pt,8947,I115891769,,openalex,1,n/a
PT,Portugal,False,Polytechnic Institute of Coimbra,https://www.ipc.pt,7681,I293362453,Q2103165,openalex;wikidata,2,n/a
PT,Portugal,False,Universidade Lusófona,https://www.ulusofona.pt,7526,I88596544,Q7894386,openalex;wikidata,2,n/a
PT,Portugal,False,Universidade da Madeira,https://www.uma.pt/,6933,I58028834,,openalex,1,n/a
PT,Portugal,False,Centro de Química Estrutural,https://cqe.tecnico.ulisboa.pt,6914,I4405261587,,openalex,1,n/a
PT,Portugal,False,Fernando Pessoa University,https://www.ufp.pt,5858,I157071867,Q634834,openalex;wikidata,2,n/a
PT,Portugal,False,Universidade Politécnica de Setúbal,https://www.ips.pt,5277,I4210102653,,openalex,1,n/a
PT,Portugal,False,Polytechnic Institute of Viseu,http://www.ipv.pt/guide/,5047,I56125125,Q10302641,openalex;wikidata,2,n/a
PT,Portugal,False,Universidade Aberta,https://portal.uab.pt,5036,I201025148,,openalex,1,n/a
PT,Portugal,False,Instituto Gulbenkian de Ciência,http://www.igc.gulbenkian.pt,5030,I48057805,,openalex,1,n/a
PT,Portugal,False,Polytechnic Institute of Viana do Castelo,https://www.ipvc.pt,4997,I192341844,Q7227039,openalex;wikidata,2,n/a
PT,Portugal,False,Universidade Lusófona de Humanidades e Tecnologias,,4476,I4405265985,,openalex,1,n/a
PT,Portugal,False,Instituto Politécnico da Guarda,https://politecnicoguarda.pt,4353,I4210103026,,openalex,1,n/a
PT,Portugal,False,ISPA - Instituto Universitário,https://www.ispa.pt,4137,I4210102116,,openalex,1,n/a
PT,Portugal,False,NOVA School of Business and Economics,https://www.novasbe.unl.pt,3734,I4405256010,,openalex,1,n/a
PT,Portugal,False,Centro de Astrofísica da Universidade do Porto,http://www.astro.up.pt/,3687,I4210108577,,openalex,1,n/a
PT,Portugal,False,Polytechnic Institute of Castelo Branco,https://ipcb.pt,3404,I144926016,,openalex,1,n/a
PT,Portugal,False,Cooperativa de Ensino Superior Politécnico e Universitário,https://www.cespu.pt/,3336,I4210096930,,openalex,1,n/a
PT,Portugal,False,ISEG - Instituto Superior de Economia e Gestão,https://www.iseg.ulisboa.pt,2941,I4403386696,,openalex,1,n/a
PT,Portugal,False,Instituto de Ciências Sociais da Universidade de Lisboa,https://www.ics.ulisboa.pt,2877,I4392738132,,openalex,1,n/a
PT,Portugal,False,Comprehensive Health Research Centre,https://www.chrc.pt,2841,I4405258683,,openalex,1,n/a
PT,Portugal,False,Centro de Física da Universidade de Coimbra,https://cfisuc.fis.uc.pt,2773,I4405252460,,openalex,1,n/a
PT,Portugal,False,Instituto Politécnico de Santarém,https://www.ipsantarem.pt,2746,I4210114793,,openalex,1,n/a
PT,Portugal,False,Polytechnic Institute of Cávado and Ave,https://ipca.pt,2729,I185808892,,openalex,1,n/a
PT,Portugal,False,Escola Superior de Enfermagem de Coimbra,https://www.esenfc.pt,2617,I56243300,,openalex,1,n/a
PT,Portugal,False,Centro de Ciência Animal e Veterinária,https://cecav.pt,2564,I4405259305,,openalex,1,n/a
PT,Portugal,False,Universidade Portucalense,https://www.upt.pt,2418,I4210153204,,openalex,1,n/a
PT,Portugal,False,Escola Superior de Saúde Egas Moniz,https://www.egasmoniz.com.pt,2191,I3132158377,,openalex,1,n/a
PT,Portugal,False,Centro de Inovação em Biomedicina e Biotecnologia,https://cibb.uc.pt,2118,I4405252802,,openalex,1,n/a
PT,Portugal,False,Polytechnic Institute of Portalegre,https://ipportalegre.pt,2073,I4210165014,,openalex,1,n/a
PT,Portugal,False,Unidade de Investigação em Desenvolvimento Empresarial,https://bru.iscte-iul.pt,2071,I4405257716,,openalex,1,n/a
PT,Portugal,False,Instituto Politécnico de Tomar,http://ipt.pt,2028,I4210126619,,openalex,1,n/a
PT,Portugal,False,Escola Superior de Enfermagem da Universidade do Porto,https://www.esenf.pt,1896,I4210123501,,openalex,1,n/a
PT,Portugal,False,Grupo de Investigação em Engenharia e Computação Inteligente para a Inovação e o Desenvolvimento,https://www.gecad.isep.ipp.pt,1817,I4405256035,,openalex,1,n/a
PT,Portugal,False,Instituto Politécnico de Beja,https://www.ipbeja.pt,1811,I2802390120,,openalex,1,n/a
PT,Portugal,False,Autonomous University of Lisbon,https://autonoma.pt,1810,I4210119063,,openalex,1,n/a
PT,Portugal,False,Instituto de Educação da Universidade de Lisboa,https://www.ie.ulisboa.pt,1783,I4405261087,,openalex,1,n/a
PT,Portugal,False,Universidade Europeia,https://www.europeia.pt/en,1763,I2800794739,,openalex,1,n/a
PT,Portugal,False,Labbels,http://www.labbels.uminho.pt,1424,I4405259931,,openalex,1,n/a
PT,Portugal,False,Lusíada University of Lisbon,http://www.lis.ulusiada.pt/en-gb/home.aspx,1373,I4210105462,,openalex,1,n/a
PT,Portugal,False,Universidade Lusófona do Porto,http://www.ulp.pt,1276,I4210146999,Q10387848,openalex;wikidata,2,n/a
PT,Portugal,False,Escola Superior de Enfermagem da Universidade de Lisboa,https://esel.pt,1255,I4210113263,,openalex,1,n/a
PT,Portugal,False,Universidade de Coimbra Imprensa,https://www.uc.pt/imprensa/,1245,I4405253888,,openalex,1,n/a
PT,Portugal,False,Instituto Superior Miguel Torga,https://www.ismt.pt,1093,I4210153961,,openalex,1,n/a
PT,Portugal,False,Centro de Química da Madeira,https://cqm.uma.pt,1032,I4405259147,,openalex,1,n/a
PT,Portugal,False,Unidade de Investigação em Toxicologia & Uma Só Saúde,https://toxrun.iucs.cespu.pt,935,I4405253545,,openalex,1,n/a
PT,Portugal,False,Instituto Piaget,http://www.ipiaget.org/,930,I85744235,,openalex,1,n/a
PT,Portugal,False,Centro Cardiovascular da Universidade de Lisboa,https://ccul.pt,900,I4405252434,,openalex,1,n/a
PT,Portugal,False,ISCTE Business School,https://ibs.iscte-iul.pt,868,I4405255581,,openalex,1,n/a
PT,Portugal,False,Centro de Investigacao e Desenvolvimento sobre Direito e Sociedade,https://cedis.novalaw.unl.pt,811,I4405259923,,openalex,1,n/a
PT,Portugal,False,"Nursing Research, Innovation and Development Centre of Lisbon",https://www.esel.pt/en/node/7185,766,I4388446378,,openalex,1,n/a
PT,Portugal,False,Lusíada University of Porto,http://www.por.ulusiada.pt/,749,I4210153013,Q2478211,openalex;wikidata,2,n/a
PT,Portugal,False,Atlântica Instituto Universitário,https://www.uatlantica.pt,682,I4210091481,,openalex,1,n/a
PT,Portugal,False,Grupo de Física Matemática,http://gfm.cii.fc.ul.pt,677,I4405259949,,openalex,1,n/a
PT,Portugal,False,Portuguese Military Academy,https://academiamilitar.pt,669,I2801836817,,openalex,1,n/a
PT,Portugal,False,Instituto Superior de Contabilidade e Administração de Coimbra,http://www.iscac.pt/,660,I4210164588,,openalex,1,n/a
PT,Portugal,False,Instituto Superior de Educação e Ciências,https://www.iseclisboa.pt/,633,I4210143597,,openalex,1,n/a
PT,Portugal,False,Instituto de Ciência e Inovação para a Bio-Sustentabilidade,http://ib-s.uminho.pt,609,I4405261181,,openalex,1,n/a
PT,Portugal,False,Centro de Química de Évora,http://www.cqe.uevora.pt,601,I4405260699,,openalex,1,n/a
PT,Portugal,False,Universidade do Minho Centro de Engenharia Biológica,https://www.ceb.uminho.pt,592,I4405252472,,openalex,1,n/a
PT,Portugal,False,Instituto Pedro Nunes,,590,I4402554021,,openalex,1,n/a
PT,Portugal,False,Laboratório de Instrumentação Engenharia Biomédica e Física da Radiação,https://libphys.pt,576,I4405259466,,openalex,1,n/a
PT,Portugal,False,Centro de Linguística,https://www.clul.ulisboa.pt,561,I4405261446,,openalex,1,n/a
PT,Portugal,False,Unidade de Investigacao UFP em Energia Ambiente e Saude,http://fp-enas.ufp.pt,552,I4405260327,,openalex,1,n/a
PT,Portugal,False,"Instituto de Artes Visuais, Design e Marketing",http://www.iade.pt/en/homepage.aspx,536,I4210105627,,openalex,1,n/a
PT,Portugal,False,Escola Naval,http://escolanaval.marinha.pt/,524,I921685582,,openalex,1,n/a
PT,Portugal,False,Laboratório de Paisagens Património e Território,https://lab2pt.net,509,I4405261145,,openalex,1,n/a
PT,Portugal,False,Centro de Estudos Clássicos,https://centroclassicos.letras.ulisboa.pt,503,I4405261037,,openalex,1,n/a
PT,Portugal,False,Centro Interuniversitário de História das Ciências e da Tecnologia,http://ciuhct.org/en,479,I4210147935,,openalex,1,n/a
PT,Portugal,False,Unidade de Investigação em Design e Comunicação,https://www.unidcom-iade.pt,473,I4405255703,,openalex,1,n/a
PT,Portugal,False,Escola Universitária Vasco da Gama,https://www.euvg.pt/,472,I4210096564,,openalex,1,n/a
PT,Portugal,False,Laboratório de Instrumentação Engenharia Biomédica e Física da Radiação,https://libphys.pt,470,I4405258619,,openalex,1,n/a
PT,Portugal,False,Grupo de Lasers e Plasmas,https://golp.ist.utl.pt,462,I4405255834,,openalex,1,n/a
PT,Portugal,False,Universidade Católica Portuguesa - Braga,https://braga.ucp.pt,450,I4405253327,,openalex,1,n/a
PT,Portugal,False,ISLA Santarém - Instituto Politécnico,http://www.islasantarem.pt,439,I4210108271,,openalex,1,n/a
PT,Portugal,False,Escola Superior de Tecnologia da Saúde de Coimbra,http://www.estescoimbra.pt/en,433,I4210102980,,openalex,1,n/a
PT,Portugal,False,Centro de Estudos de Medicina Baseada na Evidência,https://www.medicina.ulisboa.pt/centro-de-estudos-de-medicina-baseada-na-evidencia-cembe,424,I4405259045,,openalex,1,n/a
PT,Portugal,False,Instituto Superior de Gestão,https://www.isg.pt/,414,I3133160195,,openalex,1,n/a
PT,Portugal,False,Escola Superior de Tecnologia e Gestão,https://www.estg.ipp.pt,403,I4405262866,,openalex,1,n/a
PT,Portugal,False,Instituto Superior Politécnico Gaya,https://ispgaya.pt,376,I4210149344,Q10299479,openalex;wikidata,2,n/a
PT,Portugal,False,Escola Superior de Hotelaria e Turismo do Estoril,https://www.eshte.pt,374,I4210117979,,openalex,1,n/a
PT,Portugal,False,Escola Superior de Saúde da Cruz Vermelha Portuguesa,https://www.esscvp.eu,347,I4210097948,,openalex,1,n/a
PT,Portugal,False,United Nations University,https://egov.unu.edu/,344,I4210142904,,openalex,1,n/a
PT,Portugal,False,Centro de Investigação e de Estudos em Belas-Artes,https://cieba.belasartes.ulisboa.pt,337,I4405260090,,openalex,1,n/a
PT,Portugal,False,Laboratório de Farmacologia Clínica e Terapêutica,https://www.medicina.ulisboa.pt/laboratorio-de-farmacologia-clinica-e-terapeutica,327,I4405261029,,openalex,1,n/a
PT,Portugal,False,Instituto Português de Administração de Marketing,https://www.ipam.pt,322,I4210136311,,openalex,1,n/a
PT,Portugal,False,Portuguese Air Force Academy,http://www.academiafa.edu.pt,320,I183496438,,openalex,1,n/a
PT,Portugal,False,Centro de Investigação em Antropologia e Saúde,https://cias.uc.pt,312,I4405252641,,openalex,1,n/a
PT,Portugal,False,National Statistical Institute of Portugal,https://www.ine.pt/xportal/xmain?xpgid=ine_main&xpid=INE,306,I4210116613,,openalex,1,n/a
PT,Portugal,False,Centro de Estudos Comparatistas,https://cecomp.letras.ulisboa.pt,300,I4405260877,,openalex,1,n/a
PT,Portugal,False,Centro de Filosofia das Ciências,https://cfcul.ciencias.ulisboa.pt,298,I4405258431,,openalex,1,n/a
PT,Portugal,False,ISLA - Instituto Politécnico de Gestão e Tecnologia,https://www.islagaia.pt,288,I4403386466,,openalex,1,n/a
PT,Portugal,False,Escola Superior de Saúde do Alcoitão,http://www.essa.pt,277,I4210148988,,openalex,1,n/a
PT,Portugal,False,Centro de Investigação em Política Economia e Sociedade,https://lusoglobe.ulusofona.pt,269,I4405261564,,openalex,1,n/a
PT,Portugal,False,Instituto Superior de Administração e Gestão,https://www.isag.pt,262,I4210161437,,openalex,1,n/a
PT,Portugal,False,Escola Superior Náutica Infante Dom Henrique,https://www.enautica.pt,261,I3132064731,,openalex,1,n/a
PT,Portugal,False,Instituto Universitário Militar,https://www.ium.pt,255,I4403386575,,openalex,1,n/a
PT,Portugal,False,Instituto Superior Manuel Teixeira Gomes,https://www.ismat.pt/,254,I4210094536,,openalex,1,n/a
PT,Portugal,False,Centro de Investigacao em Quimica do Algarve,https://ciqaualg.wordpress.com,251,I4405260240,,openalex,1,n/a
PT,Portugal,False,Instituto de Estudos Superiores de Fafe LDA,http://www.iesfafe.pt/,250,I4210133114,,openalex,1,n/a
PT,Portugal,False,Escola Superior de Educação de Paula Frassinetti,http://www.esepf.pt/,237,I4210117059,,openalex,1,n/a
PT,Portugal,False,Escola Superior de Saúde Norte da Cruz Vermelha Portuguesa,https://essnortecvp.pt,233,I4210099697,,openalex,1,n/a
PT,Portugal,False,Centro de Estudos Humanísticos,https://cehum.elach.uminho.pt,232,I4405259937,,openalex,1,n/a
PT,Portugal,False,Laboratório de Microbiologia,https://fenix.ciencias.ulisboa.pt/courses/lm-i-2-1973404328526072,224,I4405260017,,openalex,1,n/a
PT,Portugal,False,Centro de Investigação em Educação,https://cied.uminho.pt,222,I4405259517,,openalex,1,n/a
PT,Portugal,False,Instituto de Investigação e Tecnologia da Agronomia e Meio Ambiente,https://iitaa.uac.pt,217,I4405260183,,openalex,1,n/a
PT,Portugal,False,Instituto Superior de Tecnologias Avançadas,http://www.istec.pt/,212,I4210154254,,openalex,1,n/a
PT,Portugal,False,Centro de Literaturas e Culturas Lusófonas e Europeias,https://clepul.letras.ulisboa.pt,203,I4405258118,,openalex,1,n/a
PT,Portugal,False,Católica Global School of Law,https://catolicalaw.fd.lisboa.ucp.pt,199,I4405256656,,openalex,1,n/a
PT,Portugal,False,Centro de Estudos de Teatro,https://ceteatro.pt,195,I4405261555,,openalex,1,n/a
PT,Portugal,False,Observatório de Relações Exteriores,https://observare.autonoma.pt,187,I4405261798,,openalex,1,n/a
PT,Portugal,False,Instituto Superior de Ciências Educativas,http://www.ice.edu.pt/,186,I3129271201,,openalex,1,n/a
PT,Portugal,False,Chemical Engineering and Renewable Resources for Sustainability,https://www.uc.pt/ceres/,185,I4405252514,,openalex,1,n/a
PT,Portugal,False,Higher Institute of Police Sciences and Homeland Security,http://www.iscpsi.pt/,185,I4210133432,,openalex,1,n/a
PT,Portugal,False,Unidade de Biotecnologia Ambiental,https://novaresearch.unl.pt/en/organisations/ubia-unidade-de-biotecnologia-ambiental/persons/,183,I4405261242,,openalex,1,n/a
PT,Portugal,False,Instituto Superior de Ciências Empresariais e do Turismo,https://iscet.pt,182,I4210132057,,openalex,1,n/a
PT,Portugal,False,Centro de Estudos das Migrações e das Relações Interculturais,https://cemri.uab.pt,179,I4405259468,,openalex,1,n/a
PT,Portugal,False,UACOOPERA,https://www.ua.pt/pt/uacoopera,177,I4405256324,,openalex,1,n/a
PT,Portugal,False,Centro de Biotecnologia dos Açores,https://cba.uac.pt,175,I4405258715,,openalex,1,n/a
PT,Portugal,False,Instituto Politécnico da Lusofonia,https://www.ipluso.pt,174,I4401200336,,openalex,1,n/a
PT,Portugal,False,Center for Sci-Tech Research in EArth sysTem and Energy,https://www.create.uevora.pt,169,I4405259988,,openalex,1,n/a
PT,Portugal,False,Centro de Estudos Globais,https://ceg.uab.pt,167,I4405260324,,openalex,1,n/a
PT,Portugal,False,Laboratório de Inteligência Artificial Aplicada,https://2ai.ipca.pt,165,I4405253808,,openalex,1,n/a
PT,Portugal,False,Instituto Superior de Entre Douro e Vouga,http://www.isvouga.pt/,154,I4210097731,,openalex,1,n/a
PT,Portugal,False,Escola Superior de Saúde Ribeiro Sanches,http://www.erisa.pt,152,I4210147845,,openalex,1,n/a
PT,Portugal,False,Universidade de Lisboa Instituto do Oriente,https://ioriente.iscsp.ulisboa.pt/index.php/pt/,150,I4405259448,,openalex,1,n/a
PT,Portugal,False,Laboratório de Reabilitação Psicossocial,https://www.labrp.pt,148,I4405255530,,openalex,1,n/a
PT,Portugal,False,Centro de Instrumentação,,145,I4405282041,,openalex,1,n/a
PT,Portugal,False,Instituto de Histologia e Biologia do Desenvolvimento,https://www.medicina.ulisboa.pt/instituto-de-histologia-e-biologia-do-desenvolvimento,138,I4405260141,,openalex,1,n/a
PT,Portugal,False,Centro de Ciências Matemáticas,http://ccm.uma.pt,132,I4405261198,,openalex,1,n/a
PT,Portugal,False,Laboratório de Genética,https://www.medicina.ulisboa.pt/laboratorio-de-genetica,132,I4405259922,,openalex,1,n/a
PT,Portugal,False,Instituto Superior de Saúde do Alto Ave,https://www.isave.pt,129,I4210154536,,openalex,1,n/a
PT,Portugal,False,Instituto Superior de Serviço Social do Porto,https://isssp.pt,127,I4210126055,,openalex,1,n/a
PT,Portugal,False,Escola Superior de Enfermagem de São José de Cluny,https://www.esesjcluny.pt,125,I4210132557,,openalex,1,n/a
PT,Portugal,False,Escola Superior de Educação de Almeida Garrett,http://www.eseag.pt/,124,I4210166272,,openalex,1,n/a
PT,Portugal,False,Escola Superior de Artes e Design,https://www.esad.pt,121,I4210158949,,openalex,1,n/a
PT,Portugal,False,Laboratório de Ergonomia,https://ergolab.fmh.ulisboa.pt,119,I4405261842,,openalex,1,n/a
PT,Portugal,False,Portuguese Joint Command and Staff College,http://www.iesm.pt/,117,I3131950811,,openalex,1,n/a
PT,Portugal,False,Games Interaction and Learning Technologies,https://gilt.isep.ipp.pt,116,I4405256311,,openalex,1,n/a
PT,Portugal,False,Centro de Investigação de Direito Público,https://lisbonpubliclaw.pt,111,I4405260546,,openalex,1,n/a
PT,Portugal,False,Clínica Universitária de Cardiologia,https://www.medicina.ulisboa.pt/clinica-universitaria-de-cardiologia,110,I4405258557,,openalex,1,n/a
PT,Portugal,False,Centro de Estudos de Linguística Geral e Aplicada,https://celga-iltec.uc.pt,101,I4405260871,,openalex,1,n/a
PT,Portugal,False,Laboratório de Ciências Forenses e Psicológicas Egas Moniz,https://www.lcfpem.com,98,I4405254400,,openalex,1,n/a
PT,Portugal,False,Escola Superior de Música e das Artes do Espectáculo,https://www.esmae.ipp.pt,94,I4405256096,,openalex,1,n/a
PT,Portugal,False,Escola Superior de Enfermagem de Santa Maria,https://www.santamariasaude.pt/,93,I4210113581,,openalex,1,n/a
PT,Portugal,False,Instituto Superior de Línguas e Administração,http://www.islaleiria.pt/,92,I4210098446,,openalex,1,n/a
PT,Portugal,False,Comprehensive Health Research Centre Escola Nacional Saúde Pública,https://novaresearch.unl.pt/en/organisations/comprehensive-health-research-centre-chrc-p%C3%B3lo-ensp,91,I4405260708,,openalex,1,n/a
PT,Portugal,False,Instituto Superior de Serviço Social,,89,I4405260279,,openalex,1,n/a
PT,Portugal,False,Observatório Astronómico Prof Manuel de Barros,https://oa.fc.up.pt,89,I4405261129,,openalex,1,n/a
PT,Portugal,False,Instituto Superior Dom Afonso III,http://www.inuaf-studia.pt,87,I4210132182,,openalex,1,n/a
PT,Portugal,False,Centro Interdisciplinar de Desenvolvimento e Investigação em Ambiente Gestão Aplicada e Espaço,http://aero.ulusofona.pt/sobre-o-departamento/investigacao-dreams/,84,I4405261102,,openalex,1,n/a
PT,Portugal,False,Escola Superior Artística do Porto,http://www.esap.pt/,83,I4210112137,,openalex,1,n/a
PT,Portugal,False,Instituto Superior de Ciências da Informação e da Administração,http://www.iscia.edu.pt/,81,I4210119892,,openalex,1,n/a
PT,Portugal,False,"Instituto Nacional de Administração, I. P.",https://www.ina.pt,80,I4210106265,,openalex,1,n/a
PT,Portugal,False,Centro de Investigação em Território Arquitectura e Design,https://citad.ulusiada.pt,72,I4405258989,,openalex,1,n/a
PT,Portugal,False,Gallaecia Higher School,https://esg.pt/,72,I4210166113,,openalex,1,n/a
PT,Portugal,False,IADE Superior de Marketing e Publicidade,https://www.iade.europeia.pt/,70,I4210112795,,openalex,1,n/a
PT,Portugal,False,Instituto Superior de Administração e Línguas,https://isal.pt,68,I4210087771,,openalex,1,n/a
PT,Portugal,False,Escola Superior Aveiro Norte,https://www.ua.pt/pt/esan,62,I4405254823,,openalex,1,n/a
PT,Portugal,False,Instituto de Estudos Superiores Financeiros e Fiscais,https://www.abs.pt/,53,I4210094464,,openalex,1,n/a
PT,Portugal,False,Centro de Investigação em Organizações Mercados e Gestão Industrial,https://comegi.ulusiada.pt,49,I4405259672,,openalex,1,n/a
PT,Portugal,False,BioMark Sensor Research,https://www.biomark.isep.ipp.pt,48,I4405257584,,openalex,1,n/a
PT,Portugal,False,Cátedra de Estudos Sefarditas Alberto Benveniste,https://catedra-alberto-benveniste.org,48,I4405254833,,openalex,1,n/a
PT,Portugal,False,Centro de Estudos de Direito do Ordenamento do Urbanismo e do Ambiente,https://cedoua.fd.uc.pt,47,I4405261538,,openalex,1,n/a
PT,Portugal,False,Centro de Investigação Interdisciplinar em Justiça,https://cij.up.pt,46,I4405258841,,openalex,1,n/a
PT,Portugal,False,Escola de Sociologia e Políticas Públicas,,43,I4405253848,,openalex,1,n/a
PT,Portugal,False,Unidade de Investigação em Gestão e Economia,https://clsbe.lisboa.ucp.pt/research/about-cube,41,I4405260523,,openalex,1,n/a
PT,Portugal,False,Coordenação Interdisciplinar para a Investigação e Inovação,,40,I4405257594,,openalex,1,n/a
PT,Portugal,False,Molecular Microbiology,https://www.i3s.up.pt/research-group.php?groupid=33,40,I4405255040,,openalex,1,n/a
PT,Portugal,False,Cátedra Energias Renováveis,https://www.catedraer.uevora.pt,37,I4405255491,,openalex,1,n/a
PT,Portugal,False,Centro de Investigação em Estudos Regionais e Locais,https://cierl.uma.pt,36,I4405258753,,openalex,1,n/a
PT,Portugal,False,Forward College,https://forward-college.eu,36,I4405257871,,openalex,1,n/a
PT,Portugal,False,Centro de Estudos Jurídicos Económicos e Ambientais,https://cejeia.ulusiada.pt,33,I4405260794,,openalex,1,n/a
PT,Portugal,False,Escola Secundária de Loulé,http://escolasecundarialoule.pt/pt,33,I4210158357,,openalex,1,n/a
PT,Portugal,False,Universidade de Coimbra Ius Gentium Conimbrigae Centro de Direitos Humanos,https://igc.fd.uc.pt,32,I4405260168,,openalex,1,n/a
PT,Portugal,False,Escola Secundária Quinta do Marquês,http://www.esqm.pt/,31,I4210143788,,openalex,1,n/a
PT,Portugal,False,Laboratório Associado para a Sustentabilidade e Tecnologia em Regiões do Interior,https://sustec.ipb.pt,30,I4405257330,,openalex,1,n/a
PT,Portugal,False,School of Sea,http://www.escolademar.pt/,29,I4210138354,,openalex,1,n/a
PT,Portugal,False,Escola Superior de Enfermagem S. Francisco das Misericórdias,https://www.enfermagem.edu.pt/,27,I4210108909,,openalex,1,n/a
PT,Portugal,False,Instituto dos Vinhos do Douro e Porto,https://www.ivdp.pt/,27,I4210165840,,openalex,1,n/a
PT,Portugal,False,Centro de Investigação em Enfermagem,https://www.ese.uminho.pt/pt/Investigar/Paginas/cienf.aspx,26,I4405260674,,openalex,1,n/a
PT,Portugal,False,ISOPlexis Banco de Germoplasma,https://isoplexis.uma.pt/gringlobal/search.aspx,26,I4405259526,,openalex,1,n/a
PT,Portugal,False,Clínica Universitária de Pneumologia,https://www.medicina.ulisboa.pt/clinica-universitaria-de-pneumologia,25,I4405260278,,openalex,1,n/a
PT,Portugal,False,Escola Superior de Enfermagem Dr. José Timóteo Montalvão Machado,https://esecvpaltotamega.pt/escola/sobrenos.asp,25,I4210149309,,openalex,1,n/a
PT,Portugal,False,Instituto Superior D. Dinis,http://www.isdom.pt,25,I4210144629,,openalex,1,n/a
PT,Portugal,False,International House,http://ihportugal.com/,25,I4210167080,,openalex,1,n/a
PT,Portugal,False,Cambridge School,https://www.cambridge.pt/,24,I4210090013,,openalex,1,n/a
PT,Portugal,False,Centro de Investigação em Património Educação e Cultura,,23,I4405258455,,openalex,1,n/a
PT,Portugal,False,Escola de Ciências Sociais e Humanas,,23,I4405256409,,openalex,1,n/a
PT,Portugal,False,Universidade de Coimbra Arquivo,https://www.uc.pt/auc,22,I4405254646,,openalex,1,n/a
PT,Portugal,False,Escola Superior de Educação de Torres Novas,http://www.esetn.pt/,21,I4210107091,,openalex,1,n/a
PT,Portugal,False,Instituto Superior de Comunicação Empresarial,https://www.iscem.pt,21,I4210116661,,openalex,1,n/a
PT,Portugal,False,Instituto Superior de Educação e Trabalho,http://www.iset.pt/,21,I4210087652,,openalex,1,n/a
PT,Portugal,False,Portuguese School of Bank Management,http://www.isgb.pt/,20,I4210136816,,openalex,1,n/a
PT,Portugal,False,Agrupamento de Escolas Nuno Álvares,http://www.aenacb.pt/,19,I4210107352,,openalex,1,n/a
PT,Portugal,False,Centro de Estudos sobre África e do Desenvolvimento,https://cesa.rc.iseg.ulisboa.pt,19,I4405261385,,openalex,1,n/a
PT,Portugal,False,Centro de Tecnologia da Linguagem Humana e Bioinformática,https://hultig.ubi.pt,19,I4405261286,,openalex,1,n/a
PT,Portugal,False,Clínica Universitária de Obstetrícia e Ginecologia,https://www.medicina.ulisboa.pt/clinica-universitaria-de-obstetricia-e-ginecologia,18,I4405259802,,openalex,1,n/a
PT,Portugal,False,Escola Superior de Actividades Imobiliárias,https://esai.pt/,17,I4210113598,,openalex,1,n/a
PT,Portugal,False,Escola Superior de Educadores de Infância Maria Ulrich,http://www.api.edu.pt,17,I4210095411,,openalex,1,n/a
PT,Portugal,False,Teoria e História do Direito,https://www.iuris.edu.pt/pt/publicacoes/teoria-e-historia-do-direito/142/,16,I4405258357,,openalex,1,n/a
PT,Portugal,False,Escola de Comunicação Arquitectura Artes e Tecnologias da Informação,https://ecati.ulusofona.pt,15,I4405256942,,openalex,1,n/a
PT,Portugal,False,Instituto Superior Autónomo de Estudos Politécnicos,http://www.ipa.univ.pt/,15,I3131918455,Q10302676,openalex;wikidata,2,n/a
PT,Portugal,False,Instituto Superior Bissaya Barreto,http://www.isbb.pt/,15,I4210096432,,openalex,1,n/a
PT,Portugal,False,Instituto Superior Politécnico do Oeste,http://www.ispo.pt/,15,I4210101569,,openalex,1,n/a
PT,Portugal,False,Laboratório de Sistemas Autónomos,http://www.lsa.isep.ipp.pt,15,I4405253836,,openalex,1,n/a
PT,Portugal,False,Universidade de Coimbra Unidade de Investigação e Desenvolvimento Química-Física Molecular,https://qfm.uc.pt/index.html/,14,I4405258265,,openalex,1,n/a
PT,Portugal,False,Universidade Nova de Lisboa Associação para a Inovação e Desenvolvimento da FCT,https://www.fct.unl.pt,14,I4405253347,,openalex,1,n/a
PT,Portugal,False,Centro de Investigação Paula Frassinetti,https://esepf.pt/apresentacao/,13,I4405257528,,openalex,1,n/a
PT,Portugal,False,Instituto Superior de Novas Profissões,http://www.inp.pt/,13,I4210093247,,openalex,1,n/a
PT,Portugal,False,Terra Scenica,http://www.terra-scenica.com/,13,I4210092385,,openalex,1,n/a
PT,Portugal,False,Escola de Negócios e Administração,http://www.ena.pt/,12,I4210140198,,openalex,1,n/a
PT,Portugal,False,"Institute for Systems and Technologies of Information, Control and Communication",https://www.insticc.org/Portal/,12,I4210114104,,openalex,1,n/a
PT,Portugal,False,Unidade de Investigação e Internacionalização do ISVOUGA,https://u3is.isvouga.pt,12,I4405254031,,openalex,1,n/a
PT,Portugal,False,Centro de Investigação em Ciências Sociais e do Comportamento,http://fp-b2s.ufp.pt,10,I4405261840,,openalex,1,n/a
PT,Portugal,False,Cooperativa de Ensino Superior Artístico do Porto,https://cesap.pt,10,I4405258331,,openalex,1,n/a
PT,Portugal,False,LabComIFP - Comunicação Filosofia e Humanidades,https://labcom.ubi.pt,10,I4405256752,,openalex,1,n/a
PT,Portugal,False,Universidade de Aveiro Incubator,https://www.ua.pt/pt/incubator,9,I4405254185,,openalex,1,n/a
PT,Portugal,False,Instituto Superior de Ciências da Administração,https://www.iscad.pt/,8,I4210114214,,openalex,1,n/a
PT,Portugal,False,Instituto Superior de Espinho,http://www.isesp.pt/,8,I4210095062,,openalex,1,n/a
PT,Portugal,False,Lisbon School of Design,https://lsd.pt,8,I4210096499,,openalex,1,n/a
PT,Portugal,False,Centro de Estudos em Direito da União Europeia,http://www.cedu.direito.uminho.pt,7,I4405260399,,openalex,1,n/a
PT,Portugal,False,IES-Social Business School,https://www.ies-sbs.org,7,I4405255322,,openalex,1,n/a
PT,Portugal,False,Centro de Investigação e Estudos João de Deus,https://joaodedeus.pt,6,I4405253627,,openalex,1,n/a
PT,Portugal,False,Escola Superior de Artes e Design Associação para a Promoção da Investigação em Design e Arte,https://www.esadidea.pt,6,I4405256383,,openalex,1,n/a
PT,Portugal,False,Escola Universitária das Artes de Coimbra,,6,I4210166423,,openalex,1,n/a
PT,Portugal,False,Centro de Estudos de Gestão e Economia Aplicada,https://ciencia.ucp.pt/pt/organisations/centro-de-estudos-de-gest%C3%A3o-e-economia-aplicada,5,I4405260764,,openalex,1,n/a
PT,Portugal,False,Externato da Luz,http://externatodaluz.com/site/index.php,5,I4210097763,,openalex,1,n/a
PT,Portugal,False,Institute of the Pupils of the Army,https://pupilos.eu/,5,I4210159589,,openalex,1,n/a
PT,Portugal,False,Laboratório de Aprendizagem e Controlo Motor,https://lacm.fade.up.pt,5,I4405259481,,openalex,1,n/a
PT,Portugal,False,Unidade Móvel de Investigação em Estudos do Local,,5,I4405258206,,openalex,1,n/a
PT,Portugal,False,Unidade Tecnológica de Radioesterilização,http://utr.ctn.tecnico.ulisboa.pt,5,I4405258229,,openalex,1,n/a
PT,Portugal,False,Universidade Sénior Contemporânea,https://www.usc.pt/,5,I4210090069,Q7894393,openalex;wikidata,2,n/a
PT,Portugal,False,Agrupamento de Escolas de Briteiros,https://www.aebriteiros.pt,4,I4405259780,,openalex,1,n/a
PT,Portugal,False,Biblioteca das Ciências da Saúde,https://www.uc.pt/bcsuc/,4,I4405255138,,openalex,1,n/a
PT,Portugal,False,Bioenergy and Business Incubator of Portalegre,https://www.biobip.pt,4,I4405255123,,openalex,1,n/a
PT,Portugal,False,Centro de Estudos e Peritagem em Auditoria e Contabilidade,,4,I4405259278,,openalex,1,n/a
PT,Portugal,False,Conservatório de Música de Barcelos,https://cmb.edu.pt,4,I4405255097,,openalex,1,n/a
PT,Portugal,False,Edições Universitárias Lusófonas,https://edicoes.ulusofona.pt,4,I4405259749,,openalex,1,n/a
PT,Portugal,False,Escola Artística de Dança do Conservatório Nacional,https://edcn.pt/pt-pt/,4,I4405253483,,openalex,1,n/a
PT,Portugal,False,Escola Superior de Artes Decorativas,https://www.fress.pt/formacao/esad-encerramento/,4,I4405256468,,openalex,1,n/a
PT,Portugal,False,Instituto Superior de Paços de Brandão,https://www.ispab.pt/,4,I4210149093,,openalex,1,n/a
PT,Portugal,False,Laboratório de Arquitectura Centro de Estudos,,4,I4405259784,,openalex,1,n/a
PT,Portugal,False,Unidade de Transferência de Tecnologia,,4,I4405259639,,openalex,1,n/a
PT,Portugal,False,Academia Nacional Superior de Orquestra,,3,I4210154674,,openalex,1,n/a
PT,Portugal,False,Centro de Investigação Interdisciplinar em Saúde Centro Regional do Porto,,3,I4405261444,,openalex,1,n/a
PT,Portugal,False,Centro de Ética Económica e Empresarial,https://www.clsbe.lisboa.ucp.pt/pt-pt/center-ethics-business-and-economics/center-ethics-business-and-economics,3,I4405261085,,openalex,1,n/a
PT,Portugal,False,Conservatório de Música do Porto,http://www.conservatoriodemusicadoporto.pt/,3,I4210132785,,openalex,1,n/a
PT,Portugal,False,Escola Superior Artística do Porto - Guimarães,https://www.esap-gmr.com,3,I4405259571,,openalex,1,n/a
PT,Portugal,False,Fundação Raquel e Martin Sain,http://www.fundacao-sain.pt,3,I4210112935,,openalex,1,n/a
PT,Portugal,False,Laboratório de Medidas Eléctricas,https://www.dee.isep.ipp.pt/index.php?page=LabI308,3,I4405258148,,openalex,1,n/a
PT,Portugal,False,Núcleo de Investigação e Desenvolvimento em Educação,https://sites.ipleiria.pt/nide/,3,I4405253393,,openalex,1,n/a
PT,Portugal,False,RESTART,https://restart.pt,3,I4405256498,,openalex,1,n/a
PT,Portugal,False,Associação para a Formação Profissional e Investigação,https://www.unave.pt,2,I4405258558,,openalex,1,n/a
PT,Portugal,False,Audax ISCTE,https://audax.iscte-iul.pt,2,I4405255636,,openalex,1,n/a
PT,Portugal,False,Conservatório de Música de Coimbra,http://www.conservatoriomcoimbra.pt/,2,I4210119555,,openalex,1,n/a
PT,Portugal,False,Escola Básica Integrada da Horta,http://srec.azores.gov.pt/dre/sd/115171020201/,2,I4210122074,,openalex,1,n/a
PT,Portugal,False,Escola de Tecnologias Inovação e Criação,https://www.etic.pt,2,I4405256305,,openalex,1,n/a
PT,Portugal,False,Formedia,http://www.formedia.pt/,2,I4210155226,,openalex,1,n/a
PT,Portugal,False,Unidade de Investigação em Media Artes e Design,,2,I4405254186,,openalex,1,n/a
PT,Portugal,False,Agrupamento de Escolas de Caldas de Vizela,http://www.aevizela.edu.pt/,1,I4210165313,,openalex,1,n/a
PT,Portugal,False,Centro de Investigação em Psicologia Aplicada Capacidades e Inclusão,https://www.appsyci.pt,1,I4405258762,,openalex,1,n/a
PT,Portugal,False,Colégio Teresiano de Braga,http://www.colegioteresianobraga.com/index.php/en/#,1,I4210144785,,openalex,1,n/a
PT,Portugal,False,Cátedra Educação Cidadania e Diversidade Cultural,https://catedraunesco.ulusofona.pt,1,I4405254574,,openalex,1,n/a
PT,Portugal,False,Editora Mundos Sociais,https://www.mundossociais.com,1,I4405253772,,openalex,1,n/a
PT,Portugal,False,Escola Artística do Conservatório de Música Calouste Gulbenkian de Braga,https://conservatoriodebraga.pt,1,I4405257506,,openalex,1,n/a
PT,Portugal,False,Escola de Música Nossa Senhora do Cabo,https://www.emnsc.pt,1,I4405255313,,openalex,1,n/a
PT,Portugal,False,Grupo de Astronomia,https://astro.web.uma.pt/Grupo/index.htm,1,I4405258994,,openalex,1,n/a
PT,Portugal,False,Grupo de Reação e Análises Químicas,https://www.graq.isep.ipp.pt,1,I4405257781,,openalex,1,n/a
PT,Portugal,False,Instituto Multimedia,http://www.imultimedia.pt/,1,I4210136837,,openalex,1,n/a
PT,Portugal,False,Teatro Académico de Gil Vicente,https://tagv.pt,1,I4405253916,,openalex,1,n/a
PT,Portugal,False,Unidade de e-Learning e Inovação Pedagógica,https://www.ipp.pt/ensino/menu-ensino/unidades-de-extensao/unidade-e-learning,1,I4405255428,,openalex,1,n/a
PT,Portugal,False,Academia Clínica Espregueira,https://www.academiaclinicadragao.com,0,I4405257833,,openalex,1,n/a
PT,Portugal,False,Academia de Línguas da Madeira,https://alm-madeira.com,0,I4405256527,,openalex,1,n/a
PT,Portugal,False,Academia de Música de Lisboa,https://academiamusicalisboa.com,0,I4405253508,,openalex,1,n/a
PT,Portugal,False,Academia Politécnica e Escola Medico Cirúrgica,,0,,Q130242675,wikidata,1,n/a
PT,Portugal,False,Academia Polytechnica do Porto,,0,,Q604131,wikidata,1,n/a
PT,Portugal,False,Catholic University of Portugal,https://www.ucp.pt,0,,Q970751,wikidata,1,n/a
PT,Portugal,False,Centro de Estudos de Religiões e Culturas Cardeal Höffner,https://ciencia.ucp.pt/pt/organisations/research-centre-for-theology-and-religious-studies-citer,0,I4405260787,,openalex,1,n/a
PT,Portugal,False,Centro de Investigação em Sociologia e Antropologia Augusto da Silva,http://www.cisa-as.uevora.pt,0,I4405259567,,openalex,1,n/a
PT,Portugal,False,Centro de Investigação Interdisciplinar em Saúde Centro Regional de Viseu,,0,I4405258790,,openalex,1,n/a
PT,Portugal,False,Centro IDEA,https://idea.uminho.pt,0,I4405259983,,openalex,1,n/a
PT,Portugal,False,Coimbra Academic Association,http://www.academica.pt,0,,Q2879311,wikidata,1,n/a
PT,Portugal,False,Colégio de Santo Antão,,0,,Q9820983,wikidata,1,n/a
PT,Portugal,False,Colégio dos Jesuítas do Funchal,,0,,Q14541205,wikidata,1,n/a
PT,Portugal,False,Conservatório Bomfim,https://conservatorio.bomfim.org,0,I4405255713,,openalex,1,n/a
PT,Portugal,False,Conservatório de Música e Artes do Centro,https://www.cmac.pt,0,I4405254648,,openalex,1,n/a
PT,Portugal,False,Conservatório de Música e Artes do Dão,https://www.cmadd.com,0,I4405253656,,openalex,1,n/a
PT,Portugal,False,Consultores de Línguas,https://speakwell.pt,0,I4405255382,,openalex,1,n/a
PT,Portugal,False,Cooperativa de Ensino Universitário CRL,https://grupoceu.pt,0,I4405256869,,openalex,1,n/a
PT,Portugal,False,Cátedra Poesia e Transcendência Sophia de Mello Breyner Andresen,https://www.porto.ucp.pt/pt/Catedra-Poesia-e-Transcendencia-CPT,0,I4405255260,,openalex,1,n/a
PT,Portugal,False,Escola de Artes do Norte Alentejano,https://www.eanap.com.pt,0,I4405256151,,openalex,1,n/a
PT,Portugal,False,Escola de Moda do Porto,https://emp.pt,0,I4405256887,,openalex,1,n/a
PT,Portugal,False,Escola de Música São Teotónio,https://steotonio.pt,0,I4405253872,,openalex,1,n/a
PT,Portugal,False,Escola de Pós-Graduação em Saúde e Gestão,https://www.escolasaudegestao.pt,0,I4405257115,,openalex,1,n/a
PT,Portugal,False,Escola Naval Unidade Orgânica de Ensino Politécnico,https://escolanaval.marinha.pt,0,I4405253553,,openalex,1,n/a
PT,Portugal,False,Escola Profissional Profitecla,http://www.profitecla.pt/,0,I4210144180,,openalex,1,n/a
PT,Portugal,False,Escola Superior de Enfermagem São Francisco das Misericórdias,https://esesfm.pt,0,,Q30253878,wikidata,1,n/a
PT,Portugal,False,Escola Superior de Tecnologias e Artes de Lisboa,,0,I4210166899,,openalex,1,n/a
PT,Portugal,False,Escolas do Turismo de Portugal,https://escolas.turismodeportugal.pt,0,I4405257358,,openalex,1,n/a
PT,Portugal,False,Eurolínguas,https://eurolinguas.pt,0,I4405254517,,openalex,1,n/a
PT,Portugal,False,European University of Lisbon,https://www.europeia.pt,0,,Q18374505,wikidata,1,n/a
PT,Portugal,False,Faust Língua e Cultura,https://faust.pt,0,I4405256595,,openalex,1,n/a
PT,Portugal,False,Fun Languages,https://funlanguagesviseu.pt,0,I4405258016,,openalex,1,n/a
PT,Portugal,False,Gabinete de Projetos e Inovação,https://ismt.pt/en/gabinete-de-projectos-e-inovacao,0,I4405254920,,openalex,1,n/a
PT,Portugal,False,Gabinete Emprego Empreendedorismo e Ligação às Empresas,https://ipca.pt/ipca/unidades/g3e,0,I4405256573,,openalex,1,n/a
PT,Portugal,False,Greater Lisbon Christian Academy,https://www.glcaramada.org,0,I4405253235,,openalex,1,n/a
PT,Portugal,False,Independente University,,0,,Q2492346,wikidata,1,n/a
PT,Portugal,False,Institute of Higher Studies of Fafe,http://www.iesfafe.pt,0,,Q13847486,wikidata,1,n/a
PT,Portugal,False,Instituto Superior de Administração e Línguas da Madeira,https://isal.pt,0,,Q48879632,wikidata,1,n/a
PT,Portugal,False,Instituto Superior de Ciências Policiais e Segurança Interna,http://www.iscpsi.pt,0,,Q6041513,wikidata,1,n/a
PT,Portugal,False,Instituto Superior de Engenharia de Coimbra,http://www.isec.pt,0,,Q10302699,wikidata,1,n/a
PT,Portugal,False,Instituto Técnico Artístico e Profissional de Coimbra,http://www.itap-net.org/,0,I4210090108,,openalex,1,n/a
PT,Portugal,False,Internacional University,,0,,Q6047620,wikidata,1,n/a
PT,Portugal,False,International House Braga,https://ihbraga.com,0,I4405255890,,openalex,1,n/a
PT,Portugal,False,International House Coimbra - Olivais | Santa Clara,https://www.ihcoimbra-osc.com,0,I4405256975,,openalex,1,n/a
PT,Portugal,False,International House Porto Foz,https://www.ihporto.org,0,I4405254924,,openalex,1,n/a
PT,Portugal,False,International House Torres Vedras | Lisbon,https://ihtorresvedras.com,0,I4405257653,,openalex,1,n/a
PT,Portugal,False,International House Viseu,https://ihviseu.com.pt,0,I4405256799,,openalex,1,n/a
PT,Portugal,False,ISPA – University Institute,http://www.ispa.pt,0,,Q10299478,wikidata,1,n/a
PT,Portugal,False,Laboratório de Métodos Matemáticos,https://labmm.fmh.ulisboa.pt,0,I4405258838,,openalex,1,n/a
PT,Portugal,False,Language Space School,https://www.clifts-langs.com,0,I4405261623,,openalex,1,n/a
PT,Portugal,False,Lusíada University,http://www.ulusiada.pt,0,,Q635878,wikidata,1,n/a
PT,Portugal,False,Moderna University,,0,,Q6889102,wikidata,1,n/a
PT,Portugal,False,NOVA SBE Venture Lab,,0,I4405256697,,openalex,1,n/a
PT,Portugal,False,NOVA University Lisbon,https://www.unl.pt,0,,Q1979891,wikidata,1,n/a
PT,Portugal,False,Oficina de Transferência de Tecnologia Inovação e Conhecimento,,0,I4405256558,,openalex,1,n/a
PT,Portugal,False,Oporto Global University,https://www.upt.pt,0,,Q10387859,wikidata,1,n/a
PT,Portugal,False,Parachute Troops School,,0,,Q7133939,wikidata,1,n/a
PT,Portugal,False,Polytechnic Institute of Beja,https://www.ipbeja.pt/en/Pages/default.aspx,0,,Q7227028,wikidata,1,n/a
PT,Portugal,False,Polytechnic Institute of Santarém,http://www.ipsantarem.pt,0,,Q10302639,wikidata,1,n/a
PT,Portugal,False,Polytechnic Institute of Setúbal,http://www.ips.pt,0,,Q10302638,wikidata,1,n/a
PT,Portugal,False,Polytechnic Institute of Tomar,http://www.ipt.pt,0,,Q29565528,wikidata,1,n/a
PT,Portugal,False,Polytechnic University of Castelo Branco,https://www.ipcb.pt,0,,Q7227029,wikidata,1,n/a
PT,Portugal,False,Polytechnic University of Cávado and Ave,http://www.ipca.pt,0,,Q10302640,wikidata,1,n/a
PT,Portugal,False,Polytechnic University of Lisbon,http://www.ipl.pt/en,0,,Q1363371,wikidata,1,n/a
PT,Portugal,False,Portalegre Polytechnic University,http://www.ipportalegre.pt,0,,Q29522510,wikidata,1,n/a
PT,Portugal,False,Portuguese Naval School,http://escolanaval.marinha.pt,0,,Q7232670,wikidata,1,n/a
PT,Portugal,False,Royal School of Languages,https://www.royalschool.pt,0,I4405257802,,openalex,1,n/a
PT,Portugal,False,Technical University of Lisbon,http://www.utl.pt,0,,Q1362729,wikidata,1,n/a
PT,Portugal,False,Unidade de Investigação Nova SBE,https://www.novasbe.unl.pt/pt/docentes-e-investigacao/unidade-de-investigacao/apresentacao,0,I4405256453,,openalex,1,n/a
PT,Portugal,False,Universidade Aberta de Portugal,https://www.uab.pt,0,,Q3391585,wikidata,1,n/a
PT,Portugal,False,Universidade Atlântica,http://www.uatlantica.pt,0,,Q10387774,wikidata,1,n/a
PT,Portugal,False,Universidade Autónoma de Lisboa,http://www.autonoma.pt,0,,Q168458,wikidata,1,n/a
PT,Portugal,False,Universidade Autónoma de Lisboa Luís de Camões,,0,,Q132674422,wikidata,1,n/a
PT,Portugal,False,Universidade Fernando Pessoa Universidade Virtual,http://www.ufpuv.com,0,I4405261563,,openalex,1,n/a
PT,Portugal,False,Universidade Moderna,,0,,Q135403130,wikidata,1,n/a
PT,Portugal,False,University of Leiria and Oeste,http://www.ipleiria.pt,0,,Q7227031,wikidata,1,n/a
PT,Portugal,False,University of Madeira,http://www.uma.pt,0,,Q1434847,wikidata,1,n/a
PT,Portugal,False,University of Porto,http://www.up.pt,0,,Q1422903,wikidata,1,n/a
PT,Portugal,False,University of the Azores,http://www.uac.pt,0,,Q1461089,wikidata,1,n/a
RO,Romania,False,Universitatea Națională de Știință și Tehnologie Politehnica București,https://upb.ro,42759,I61641377,,openalex,2,True
RO,Romania,False,Babeș-Bolyai University,https://www.ubbcluj.ro,36943,I3125347698,Q538452,openalex;wikidata,3,True
RO,Romania,False,University of Bucharest,https://unibuc.ro,36138,I141595442,Q608338,openalex;wikidata,3,True
RO,Romania,False,Carol Davila University of Medicine and Pharmacy,https://umfcd.ro,27877,I162051807,Q1916637,openalex;wikidata,3,True
RO,Romania,False,Alexandru Ioan Cuza University,https://www.uaic.ro,23754,I138164181,Q1523902,openalex;wikidata,3,True
RO,Romania,False,Technical University of Cluj-Napoca,http://www.utcluj.ro,18972,I158333966,Q729296,openalex;wikidata,3,True
RO,Romania,False,Grigore T. Popa University of Medicine and Pharmacy,https://www.umfiasi.ro,17521,I304011483,Q2779762,openalex;wikidata,3,True
RO,Romania,False,Iuliu Hațieganu University of Medicine and Pharmacy,https://umfcluj.ro,16815,I208470662,Q1141880,openalex;wikidata,3,True
RO,Romania,False,Transylvania University of Brașov,http://www.unitbv.ro,16402,I3123573182,,openalex,2,True
RO,Romania,False,Bucharest University of Economic Studies,https://ase.ro,16264,I88491126,Q1167563,openalex;wikidata,3,True
RO,Romania,False,Gheorghe Asachi Technical University of Iași,https://www.tuiasi.ro,16136,I4210108695,Q458666,openalex;wikidata,3,True
RO,Romania,False,University of Craiova,http://www.ucv.ro/en/,14902,I97553796,Q494096,openalex;wikidata,3,True
RO,Romania,False,Polytechnic University of Timişoara,https://www.upt.ro,14517,I3122695212,,openalex,2,True
RO,Romania,False,"""Dunarea de Jos"" University of Galati",https://www.ugal.ro,12994,I3122748864,,openalex,2,True
RO,Romania,False,West University of Timişoara,https://www.uvt.ro,11929,I3121153395,Q837657,openalex;wikidata,3,True
RO,Romania,False,Victor Babeș University of Medicine and Pharmacy Timișoara,https://www.umft.ro/acasa,11417,I4210088791,,openalex,2,True
RO,Romania,False,University of Oradea,https://www.uoradea.ro,10367,I162871001,Q1465437,openalex;wikidata,3,True
RO,Romania,False,University of Agricultural Sciences and Veterinary Medicine of Cluj-Napoca,https://www.usamvcluj.ro,10056,I208626154,Q528377,openalex;wikidata,3,True
RO,Romania,False,"Universitatea de Medicină, Farmacie, Științe și Tehnologie „George Emil Palade” din Târgu Mureș",https://umfst.ro,9438,I3125032317,,openalex,2,True
RO,Romania,False,Lucian Blaga University of Sibiu,https://www.ulbsibiu.ro,9345,I124121301,Q1619447,openalex;wikidata,3,True
RO,Romania,False,Ştefan cel Mare University of Suceava,https://usv.ro,9156,I12012874,Q653439,openalex;wikidata,3,True
RO,Romania,False,Ovidius University,https://www.univ-ovidius.ro,8196,I155936010,,openalex,2,True
RO,Romania,False,University of Medicine and Pharmacy of Craiova,https://www.umfcv.ro/,7084,I28109999,,openalex,2,True
RO,Romania,False,"Univesity of Life Science ""King Mihai I"" from Timisoara",https://www.usab-tm.ro,5243,I85920734,,openalex,2,True
RO,Romania,False,Valahia University of Targoviste,https://www.valahia.ro,4468,I4210100492,Q3551502,openalex;wikidata,3,True
RO,Romania,False,University of Agronomic Sciences and Veterinary Medicine of Bucharest,https://usamv.ro,4360,I2801529014,Q636060,openalex;wikidata,3,True
RO,Romania,False,University of Pitesti,https://www.upit.ro/,4098,I185286233,Q636074,openalex;wikidata,3,True
RO,Romania,False,Aurel Vlaicu University of Arad,https://www.uav.ro,3444,I64956957,Q4822213,openalex;wikidata,3,True
RO,Romania,False,Titu Maiorescu University,http://www.utm.ro/,3423,I100749904,Q1475250,openalex;wikidata,3,True
RO,Romania,False,National School of Political Science and Public Administration,https://snspa.ro,3132,I135790613,,openalex,2,True
RO,Romania,False,University of Bacău,http://www.ub.ro/en/,3052,I4210142575,,openalex,2,True
RO,Romania,False,1 Decembrie 1918 University,https://www.uab.ro,2923,I4210140223,,openalex,2,True
RO,Romania,False,"""Ion Ionescu de la Brad"" Iasi University of Life Sciences",https://iuls.ro,2875,I4210104996,,openalex,2,True
RO,Romania,False,Petroleum & Gas University of Ploieşti,https://www.upg-ploiesti.ro/,2799,I4210090220,,openalex,2,True
RO,Romania,False,Technical University of Civil Engineering of Bucharest,https://utcb.ro,2749,I148178115,Q493294,openalex;wikidata,3,True
RO,Romania,False,Vasile Goldis Western University of Arad,https://www.uvvg.ro/,2467,I4210106141,,openalex,2,True
RO,Romania,False,Sapientia Hungarian University of Transylvania,http://www.sapientia.ro/en,2456,I43886,,openalex,2,True
RO,Romania,False,Spiru Haret University,https://admitere.spiruharet.ro,2067,I107502644,Q1132587,openalex;wikidata,3,True
RO,Romania,False,Universitatea Din Petrosani,https://www.upet.ro,2025,I4210149165,,openalex,2,True
RO,Romania,False,Military Technical Academy,http://mta.ro/en/,1969,I2802885015,Q636034,openalex;wikidata,3,True
RO,Romania,False,Constantin Brâncuși University of Targu Jiu,http://www.utgjiu.ro,1903,I4210088362,,openalex,2,True
RO,Romania,False,Nicolae Bălcescu Land Forces Academy,https://armyacademy.ro,1481,I4210148047,,openalex,2,True
RO,Romania,False,Constanta Maritime University,https://cmu-edu.eu,1288,I4210140482,,openalex,2,True
RO,Romania,False,Romanian-American University,https://www.rau.ro,1150,I171711596,Q2175735,openalex;wikidata,3,True
RO,Romania,False,Universitatea Nicolae Titulescu din București,https://www.univnt.ro/,1020,I4210133272,,openalex,2,True
RO,Romania,False,Apollonia University,https://www.univapollonia.ro/,983,I3129623846,Q16821658,openalex;wikidata,3,True
RO,Romania,False,Carol I National Defence University,https://www.unap.ro,913,I76240187,Q5044391,openalex;wikidata,3,True
RO,Romania,False,Ion Mincu University of Architecture and Urbanism,https://www.uauim.ro/,872,I4210150670,,openalex,2,True
RO,Romania,False,George Enescu University of Arts of Iași,https://www.arteiasi.ro/,804,I4210155045,,openalex,2,True
RO,Romania,False,National Institute for Research and Development for Industrial Ecology,http://www.incdecoind.ro/en/,803,I4210134874,,openalex,2,True
RO,Romania,False,Dimitrie Cantemir Christian University,https://www.ucdc.ro/,796,I129771458,Q3551535,openalex;wikidata,3,True
RO,Romania,False,Mircea cel Batran Naval Academy,http://www.anmb.ro,730,I4210093265,Q12719874,openalex;wikidata,3,True
RO,Romania,False,Danubius International University,https://www.univ-danubius.ro,709,I4210097017,,openalex,2,True
RO,Romania,False,Universitatea Națională de Educație Fizică și Sport București,https://unefs.ro,701,I4210156897,,openalex,2,True
RO,Romania,False,Hyperion University,https://www.hyperion.ro/,551,I4210124155,,openalex,2,True
RO,Romania,False,"University ""Eftimie Murgu"" of Reşiţa",http://www.uem.ro/index.php?id=229&L=1,539,I4210160165,Q12742860,openalex;wikidata,3,True
RO,Romania,False,Academia Romana Filiala Cluj-Napoca,https://www.acad-cj.ro,527,I4405258765,,openalex,2,True
RO,Romania,False,Petre Andrei University of Iași,http://www.upa.ro/,475,I225921006,,openalex,2,True
RO,Romania,False,Henri Coanda Air Force Academy,https://www.afahc.ro,429,I4210142771,Q18537216,openalex;wikidata,3,True
RO,Romania,False,Dimitrie Cantemir University,https://cantemir.ro/#,403,I4210158442,,openalex,2,True
RO,Romania,False,Academia de Politie Alexandru Ioan Cuza,http://www.academiadepolitie.ro,350,I4210146561,,openalex,2,True
RO,Romania,False,Universitatea Ecologica din Bucuresti,https://www.ueb.ro,343,I4210098647,,openalex,2,True
RO,Romania,False,ICMET Craiova,https://icmet.ro,337,I4405265937,,openalex,2,True
RO,Romania,False,National Intelligence Academy,https://animv.ro/,315,I3133363741,Q18537218,openalex;wikidata,3,True
RO,Romania,False,Academy of Agricultural and Forestry Sciences,https://asas.ro,312,I4210110836,,openalex,2,True
RO,Romania,False,Tibiscus University of Timișoara,http://www.tibiscus.ro/,301,I4210162771,Q1128467,openalex;wikidata,3,True
RO,Romania,False,Agora University,https://aui.ac/,300,I4210100490,Q4693576,openalex;wikidata,3,True
RO,Romania,False,National University of Theatre and Film I.L. Caragiale,http://unatc.ro,292,I4210114509,,openalex,2,True
RO,Romania,False,New Europe College,http://www.nec.ro,280,I4210124903,,openalex,2,True
RO,Romania,False,Partium Christian University,https://partium.ro,270,I4210163005,Q768651,openalex;wikidata,3,True
RO,Romania,False,Emanuel University,https://www.emanuel.ro/,269,I4210115364,,openalex,2,True
RO,Romania,False,"National School of Public Health, Management and Professional Development",http://www.snspms.ro,237,I4210162059,,openalex,2,True
RO,Romania,False,National University of Music Bucharest,http://www.unmb.ro/eng/,222,I3132883182,Q1888128,openalex;wikidata,3,True
RO,Romania,False,Artifex University,https://www.artifex.org.ro/,213,I3131147324,Q18162308,openalex;wikidata,3,True
RO,Romania,False,Constantin Brâncoveanu University,http://www.univcb.ro/,211,I4210161449,Q3551390,openalex;wikidata,3,True
RO,Romania,False,Bioterra University Bucharest,https://bioterra.ro/,189,I4210150973,,openalex,2,True
RO,Romania,False,Bucharest National University of Arts,http://www.unarte.org,188,I4210154910,Q1474930,openalex;wikidata,3,True
RO,Romania,False,Universitatea Andrei Şaguna,https://andreisaguna.ro/,159,I4210128036,,openalex,2,True
RO,Romania,False,Institutul de Cercetari Biologice Cluj-Napoca,https://icbcluj.ro,152,I4210135934,,openalex,2,True
RO,Romania,False,"Institutul de Filosofie și Psihologie ""Constantin Rădulescu-Motru"" al Academiei Române",https://institutuldefilosofie.ro,138,I4405258138,,openalex,2,True
RO,Romania,False,Bogdan Voda University,http://www.ubv.ro/,124,I4210114198,Q28726216,openalex;wikidata,3,True
RO,Romania,False,Universitatea Ioan Slavici,http://islavici.ro/,120,I4210152904,,openalex,2,True
RO,Romania,False,Athenaeum University,http://nou.univath.ro,104,I4210106978,,openalex,2,True
RO,Romania,False,Colegiul National Mihai Eminescu,http://www.eminescubucuresti.ro/,101,I4210166976,,openalex,2,True
RO,Romania,False,Universitatea Adventus,https://uadventus.ro,99,I4405253770,,openalex,2,True
RO,Romania,False,Universitatea Avram Iancu,http://www.uai-cluj.ro/wp/,92,I4210163965,,openalex,2,True
RO,Romania,False,Institutul Național de Management al Serviciilor de Sănătate,https://inmss.ro,89,I4405263030,,openalex,2,True
RO,Romania,False,Art and Design University of Cluj-Napoca,http://www.uad.ro/,85,I4210145819,Q835079,openalex;wikidata,3,True
RO,Romania,False,Institutul Naţional de Cercetare-Dezvoltare pentru Mecatronică si Tehnica Masurării,https://incdmtm.ro/,79,I4210153505,,openalex,2,True
RO,Romania,False,Universitatea George Bacovia Bacau,https://www.ugb.ro/,68,I4210144646,,openalex,2,True
RO,Romania,False,Protestant Theological Institute of Cluj-Napoca,http://www.proteo.cj.edu.ro/en,61,I4210108372,,openalex,2,True
RO,Romania,False,Mihail Kogălniceanu University,https://www.umk.ro/,59,I4210124953,,openalex,2,True
RO,Romania,False,Institutul Teologic Baptist din București,https://itb.ro/,39,I4210154602,,openalex,2,True
RO,Romania,False,Universitatea Europeană Drăgan,,32,I4210152088,,openalex,2,True
RO,Romania,False,Statiunea de Cercetare - Dezvoltare Agricola Suceava,https://scdasuceava.ro,30,I4405266897,,openalex,2,True
RO,Romania,False,Universitatea Alma Mater Sibiu,http://www.uamsibiu.ro/,20,I4210102517,,openalex,2,True
RO,Romania,False,"Romanian University of Sciences and Arts ""Gheorghe Cristea""",http://www.ugc.ro,10,I4210166826,Q3551855,openalex;wikidata,3,True
RO,Romania,False,Universitatea Mihae Eminescu Timisoara,,4,I4210167014,,openalex,2,True
RO,Romania,False,"University of Wales, Romania",,2,I4210166045,Q7896551,openalex;wikidata,3,True
RO,Romania,False,"""Drăgan"" European University of Lugoj",http://www.universitateaeuropeanadragan.ro,0,,Q12742867,wikidata,2,True
RO,Romania,False,"1 Decembrie 1918 University, Alba Iulia",http://www.uab.ro,0,,Q2053266,wikidata,2,True
RO,Romania,False,Andrei Saguna University,http://www.andreisaguna.ro,0,,Q12742873,wikidata,2,True
RO,Romania,False,Bioterra University,http://www.bioterra.ro,0,,Q3551380,wikidata,2,True
RO,Romania,False,Bolyai University,,0,,Q834219,wikidata,2,True
RO,Romania,False,Commercial Academy of Satu Mare,http://www.academiacomerciala.ro,0,,Q5152449,wikidata,2,True
RO,Romania,False,Constantin Brâncuși University,http://www.utgjiu.ro,0,,Q3551393,wikidata,2,True
RO,Romania,False,Ecological University of Bucharest,http://www.ueb.ro,0,,Q18539937,wikidata,2,True
RO,Romania,False,Eftimie Murgu University of Resita,,0,,Q52636297,wikidata,2,True
RO,Romania,False,Faculty of Greek Catholic Theology of Babeș-Bolyai University,http://gct.ubbcluj.ro,0,,Q97924191,wikidata,2,True
RO,Romania,False,Faculty of Roman Catholic Theology in Babeș-Bolyai University,http://rocateo.ubbcluj.ro,0,,Q787865,wikidata,2,True
RO,Romania,False,Faculty of Roman Catholic Theology of Babeș-Bolyai University,https://rocateo.ubbcluj.ro/ro,0,,Q97924202,wikidata,2,True
RO,Romania,False,George Bacovia University,http://www.ugb.ro,0,,Q2496038,wikidata,2,True
RO,Romania,False,George Enescu University of Arts,http://www.arteiasi.ro,0,,Q3551731,wikidata,2,True
RO,Romania,False,Gheorghe Zane University,http://www.universitateazane.ro,0,,Q5556427,wikidata,2,True
RO,Romania,False,Hyperion University of Bucharest,http://www.hyperion.ro,0,,Q3551414,wikidata,2,True
RO,Romania,False,I. L. Caragiale National University of Theatre and Film,https://www.unatc.ro,0,,Q195081,wikidata,2,True
RO,Romania,False,Iași University of Life Sciences,https://iuls.ro,0,,Q287299,wikidata,2,True
RO,Romania,False,Ion Mincu University of Architecture and Urban Planning,https://www.uauim.ro,0,,Q976926,wikidata,2,True
RO,Romania,False,King Mihai I University of Life Sciences of Timisoara,http://www.usvt.ro,0,,Q824493,wikidata,2,True
RO,Romania,False,Maritime University,,0,,Q12742865,wikidata,2,True
RO,Romania,False,Mihai Eminescu University,http://www.umet.ro,0,,Q12742869,wikidata,2,True
RO,Romania,False,Mihail Kogălniceanu University of Iași,http://www.umk.ro,0,,Q6845144,wikidata,2,True
RO,Romania,False,National Academy of Physical Education and Sport,https://www.unefs.ro,0,,Q2822447,wikidata,2,True
RO,Romania,False,National College of Defence,https://cnap.unap.ro/index.php/ro,0,,Q18539109,wikidata,2,True
RO,Romania,False,Nicolae Bălcescu Academy of Land Forces,http://www.armyacademy.ro/english,0,,Q12719863,wikidata,2,True
RO,Romania,False,Nicolae Titulescu University,http://www.univnt.ro,0,,Q3551461,wikidata,2,True
RO,Romania,False,Oil & Gas University of Ploiești,https://www.upg-ploiesti.ro,0,,Q296709,wikidata,2,True
RO,Romania,False,Petre Andrei University,http://www.upa.ro,0,,Q3551478,wikidata,2,True
RO,Romania,False,Politehnica University of Bucharest,http://www.upb.ro,0,,Q1465448,wikidata,2,True
RO,Romania,False,Politehnica University of Timișoara,http://www.upt.ro,0,,Q1475126,wikidata,2,True
RO,Romania,False,Protestant Theological Institute of Cluj,https://proteo.hu,0,,Q532460,wikidata,2,True
RO,Romania,False,Roman Catholic Theological Institute of Iași,http://www.itrc.ro,0,,Q7361865,wikidata,2,True
RO,Romania,False,Romanian-German University of Sibiu,http://www.roger-univ.ro,0,,Q1729725,wikidata,2,True
RO,Romania,False,Sapientia University,http://www.sapientia.ro,0,,Q724027,wikidata,2,True
RO,Romania,False,Technical University of Cluj-Napoca - North University Center of Baia Mare,https://www.utcluj.ro,0,,Q7059097,wikidata,2,True
RO,Romania,False,"The Faculty of Roman Catholic Theology of the ""Alexandru Ioan Cuza"" University of Iași",https://www.ftrc.uaic.ro,0,,Q85214873,wikidata,2,True
RO,Romania,False,The Higher School of Journalism in Bucharest,,0,,Q12744215,wikidata,2,True
RO,Romania,False,Transilvania University of Brașov,http://www.unitbv.ro,0,,Q1475400,wikidata,2,True
RO,Romania,False,University of Arts Târgu-Mureș,http://www.uat.ro,0,,Q1165715,wikidata,2,True
RO,Romania,False,University of Galați,http://www.ugal.ro,0,,Q1266339,wikidata,2,True
RO,Romania,False,Vasile Alecsandri University,http://www.ub.ro,0,,Q495258,wikidata,2,True
RO,Romania,False,Vasile Goldiș West University,https://www.uvvg.ro,0,,Q2031813,wikidata,2,True
RO,Romania,False,Victor Babeș University,,0,,Q60213954,wikidata,2,True
RO,Romania,False,Victor Babeș University of Medicine and Pharmacy,http://www.umft.ro,0,,Q851648,wikidata,2,True
RS,Serbia,False,University of Belgrade,http://www.bg.ac.rs/en/,133704,I4068193,Q240631,openalex;wikidata,3,True
RS,Serbia,False,University of Novi Sad,https://www.uns.ac.rs,55964,I170726198,Q1263535,openalex;wikidata,3,True
RS,Serbia,False,University of Nis,https://www.ni.ac.rs/,28181,I152518017,Q1388776,openalex;wikidata,3,True
RS,Serbia,False,University of Kragujevac,https://en.kg.ac.rs/,19434,I14245010,Q2303907,openalex;wikidata,3,True
RS,Serbia,False,Singidunum University,https://eng.singidunum.ac.rs/,4462,I170253739,Q2496161,openalex;wikidata,3,True
RS,Serbia,False,University of Defence,http://www.uo.mod.gov.rs/,3801,I4210153194,Q4475847,openalex;wikidata,3,True
RS,Serbia,False,Univerzitet Union Nikola Tesla,https://unt.edu.rs,2277,I4210120853,Q11213494,openalex;wikidata,3,True
RS,Serbia,False,State University of Novi Pazar,https://www.dunp.np.ac.rs,1749,I207056914,Q1546392,openalex;wikidata,3,True
RS,Serbia,False,Union University,http://union.edu.rs,1299,I4210105304,Q931442,openalex;wikidata,3,True
RS,Serbia,False,Megatrend University,http://megatrend.edu.rs,1162,I159365519,Q118783,openalex;wikidata,2,False
RS,Serbia,False,Educons University,https://educons.edu.rs,1091,I4210126020,Q30263491,openalex;wikidata,3,True
RS,Serbia,False,Metropolitan University,http://www.metropolitan.edu.rs/en/,860,I4210092976,Q12760364,openalex;wikidata,3,True
RS,Serbia,False,University of Arts in Belgrade,http://www.arts.bg.ac.rs,836,I4210137550,Q1479582,openalex;wikidata,3,True
RS,Serbia,False,Academy of Applied Studies Belgrade,https://assb.edu.rs,447,I4405254856,,openalex,2,True
RS,Serbia,False,Academy of Technical and Art Applied Studies,https://www.atuss.edu.rs,380,I4405254898,,openalex,2,True
RS,Serbia,False,Academy of Applied Studies Šabac,https://www.akademijasabac.edu.rs,342,I4405254123,,openalex,2,True
RS,Serbia,False,Belgrade Business and Arts Academy of Applied Studies,https://www.bpa.edu.rs,272,I4405253757,Q126900770,openalex;wikidata,3,True
RS,Serbia,False,Belgrade Open School,http://www.bos.rs/en/,218,I4210094697,,openalex,2,True
RS,Serbia,False,Academy of Applied Studies Southern Serbia,https://www.akademijajs.edu.rs,202,I4405258445,,openalex,2,True
RS,Serbia,False,Western Serbia Academy of Applied Studies,https://akademijazs.edu.rs,102,I4405261132,,openalex,2,True
RS,Serbia,False,Novi Sad Open University,https://vojvodinaictcluster.org,6,I4210115695,Q12756338,openalex;wikidata,3,True
RS,Serbia,False,Academy of Vocational Studies Belgrade,https://assb.edu.rs,0,,Q131894396,wikidata,2,True
RS,Serbia,False,Academy of Vocational Studies Šabac,https://www.akademijasabac.edu.rs,0,,Q132450977,wikidata,2,True
RS,Serbia,False,Belgrade Dance Institute,,0,,Q136346646,wikidata,2,True
RS,Serbia,False,Belgrade Polytechnic,http://www.politehnika.edu.rs,0,,Q97202024,wikidata,2,True
RS,Serbia,False,College of Professional Studies for Information Technologies Belgrade,https://www.its.edu.rs,0,,Q31185084,wikidata,2,True
RS,Serbia,False,Faculty of arts Niš,http://www.artf.ni.ac.rs/en,0,,Q18354662,wikidata,2,True
RS,Serbia,False,"Faculty of Economics, Finance and Administration",http://www.fefa.edu.rs,0,,Q5428936,wikidata,2,True
RS,Serbia,False,"Faculty of Transport and Communications, University of Belgrade",http://www.sf.bg.ac.rs,0,,Q12758570,wikidata,2,True
RS,Serbia,False,High School of Electrical Engineering and Computing Vocational Studies Belgrade,http://www.viser.edu.rs,0,,Q20435510,wikidata,2,True
RS,Serbia,False,Higher Agricultural School of Vocational Studies in Šabac,http://www.vpssa.edu.rs,0,,Q132680282,wikidata,2,True
RS,Serbia,False,Higher Maritime School of Academic Studies Belgrade,http://www.vbs.edu.rs/sr,0,,Q132678621,wikidata,2,True
RS,Serbia,False,Higher Medical and Business-Technological School of Vocational Studies,https://www.vmpts.edu.rs,0,,Q132680171,wikidata,2,True
RS,Serbia,False,Higher Railway School of Vocational Studies Belgrade,http://www.vzs.edu.rs/vzs,0,,Q20435503,wikidata,2,True
RS,Serbia,False,International University of Novi Pazar,https://uninp.edu.rs,0,,Q763105,wikidata,2,True
RS,Serbia,False,MB University,https://mbuniverzitet.edu.rs,0,,Q125113689,wikidata,2,True
RS,Serbia,False,Technical College of Vocational Studies New Belgrade,http://www.visokatehnicka.edu.rs,0,,Q12749801,wikidata,2,True
RS,Serbia,False,University Business Academy,https://www.privrednaakademija.edu.rs,0,,Q118185578,wikidata,2,True
RS,Serbia,False,University of Belgrade Faculty of Economics,http://www.ekof.bg.ac.rs,0,,Q4864983,wikidata,2,True
RS,Serbia,False,University of Criminal Investigation and Police Studies,https://www.kpu.edu.rs,0,,Q110045525,wikidata,2,True
RU,Russia,False,Lomonosov Moscow State University,https://msu.ru/en/,234836,I19880235,Q13164,openalex;wikidata,2,n/a
RU,Russia,False,National Research University Higher School of Economics,https://www.hse.ru/,117810,I118501908,Q1959511,openalex;wikidata,2,n/a
RU,Russia,False,St Petersburg University,https://spbu.ru/,100418,I172901346,,openalex,1,n/a
RU,Russia,False,Sechenov University,https://www.sechenov.ru/,50939,I17877952,,openalex,1,n/a
RU,Russia,False,Peoples' Friendship University of Russia,https://www.rudn.ru,50881,I126527374,Q839669,openalex;wikidata,2,n/a
RU,Russia,False,Ural Federal University,http://urfu.ru,49848,I130823665,Q1506552,openalex;wikidata,2,n/a
RU,Russia,False,Kazan Federal University,https://kpfu.ru,45956,I21203515,Q113788,openalex;wikidata,2,n/a
RU,Russia,False,Novosibirsk State University,https://www.nsu.ru/n,42786,I188973947,Q1637997,openalex;wikidata,2,n/a
RU,Russia,False,National Research Tomsk State University,http://www.tsu.ru/,37990,I196355604,,openalex,1,n/a
RU,Russia,False,Moscow Institute of Physics and Technology,https://mipt.ru/en/,36024,I153845743,Q1367256,openalex;wikidata,2,n/a
RU,Russia,False,Peter the Great St. Petersburg Polytechnic University,https://www.spbstu.ru/,34299,I212220629,,openalex,1,n/a
RU,Russia,False,National Research Nuclear University MEPhI,https://eng.mephi.ru/,34084,I887846188,,openalex,1,n/a
RU,Russia,False,Southern Federal University,https://sfedu.ru/,33882,I137534880,Q2065921,openalex;wikidata,2,n/a
RU,Russia,False,Tomsk Polytechnic University,https://tpu.ru,32688,I30849647,Q1466666,openalex;wikidata,2,n/a
RU,Russia,False,ITMO University,https://en.itmo.ru/,31454,I173089394,,openalex,1,n/a
RU,Russia,False,Bauman Moscow State Technical University,https://www.bmstu.ru/,27316,I177537411,Q1472245,openalex;wikidata,2,n/a
RU,Russia,False,Pirogov Russian National Research Medical University,https://rsmu.ru/,27170,I337778094,,openalex,1,n/a
RU,Russia,False,Financial University,https://www.fa.ru/,23441,I211738395,,openalex,1,n/a
RU,Russia,False,National University of Science and Technology,https://en.misis.ru/,22790,I12003341,Q4315005,openalex;wikidata,2,n/a
RU,Russia,False,Altai State University,http://www.asu.ru/en/,21283,I163137577,,openalex,1,n/a
RU,Russia,False,South Ural State University,https://www.susu.ru,21274,I107640659,Q1777988,openalex;wikidata,2,n/a
RU,Russia,False,Siberian Federal University,http://www.sfu-kras.ru/en,20156,I4853710,Q2382644,openalex;wikidata,2,n/a
RU,Russia,False,N. I. Lobachevsky State University of Nizhny Novgorod,http://eng.unn.ru/,19176,I79563041,Q492766,openalex;wikidata,2,n/a
RU,Russia,False,Institute for Theoretical and Experimental Physics,https://itep.ru/,18630,I4210116088,,openalex,1,n/a
RU,Russia,False,Plekhanov Russian University of Economics,https://www.rea.ru/,17554,I103031861,,openalex,1,n/a
RU,Russia,False,Saratov State University,https://www.sgu.ru/en,17480,I125219893,Q400422,openalex;wikidata,2,n/a
RU,Russia,False,Far Eastern Federal University,https://www.dvfu.ru/,17150,I204947315,Q702303,openalex;wikidata,2,n/a
RU,Russia,False,Moscow State Institute of International Relations,https://mgimo.ru,16678,I184139950,Q322964,openalex;wikidata,2,n/a
RU,Russia,False,Samara National Research University,https://www.ssau.ru,15628,I3124489027,,openalex,1,n/a
RU,Russia,False,Moscow State University of Civil Engineering,http://www.mgsu.ru/,15237,I4210086057,Q2227802,openalex;wikidata,2,n/a
RU,Russia,False,Voronezh State University,http://www.vsu.ru/#gsc.tab=0,15231,I71305448,Q1807470,openalex;wikidata,2,n/a
RU,Russia,False,Novosibirsk State Technical University,http://en.nstu.ru/,14580,I91727514,Q1467445,openalex;wikidata,2,n/a
RU,Russia,False,Don State Technical University,https://donstu.ru/,14547,I4210097717,,openalex,1,n/a
RU,Russia,False,Moscow Aviation Institute,https://mai.ru,13941,I45571689,Q1719898,openalex;wikidata,2,n/a
RU,Russia,False,Moscow Power Engineering Institute,https://mpei.ru,13853,I171241948,,openalex,1,n/a
RU,Russia,False,University of Tyumen,https://www.utmn.ru/,13783,I3020440027,Q13419624,openalex;wikidata,2,n/a
RU,Russia,False,Skolkovo Institute of Science and Technology,https://www.skoltech.ru/,13512,I125989756,,openalex,1,n/a
RU,Russia,False,First Pavlov State Medical University of St. Petersburg,https://1spbgmu.ru,13138,I2799540354,Q1056886,openalex;wikidata,2,n/a
RU,Russia,False,Saint Petersburg State Electrotechnical University,https://etu.ru/,13127,I41518628,,openalex,1,n/a
RU,Russia,False,Moscow State Pedagogical University,https://mpgu.su/,12489,I157338126,,openalex,1,n/a
RU,Russia,False,Belgorod National Research University,http://www.bsu.edu.ru/en/,12029,I120938084,,openalex,1,n/a
RU,Russia,False,D. Mendeleyev University of Chemical Technology of Russia,https://www.muctr.ru/,11503,I137587207,,openalex,1,n/a
RU,Russia,False,MIREA - Russian Technological University,https://english.mirea.ru/,11351,I4210135186,,openalex,1,n/a
RU,Russia,False,Herzen University,https://www.herzen.spb.ru,11316,I4210101320,Q323681,openalex;wikidata,2,n/a
RU,Russia,False,Kazan State Technical University named after A. N. Tupolev,https://www.kai.ru,10603,I2800546203,Q4207816,openalex;wikidata,2,n/a
RU,Russia,False,Samara State Technical University,https://samgtu.com/,10337,I3123529209,,openalex,1,n/a
RU,Russia,False,North-Western State Medical University named after I.I. Mechnikov,https://www.szgmu.ru,10326,I4210151936,Q74527860,openalex;wikidata,2,n/a
RU,Russia,False,Perm State University,http://en.psu.ru/,10182,I105056648,,openalex,1,n/a
RU,Russia,False,Russian Medical Academy of Continuous Professional Education,https://rmanpo.ru/,9825,I4210108300,,openalex,1,n/a
RU,Russia,False,North-Eastern Federal University,http://www.s-vfu.ru/en/,9743,I131550537,Q1869280,openalex;wikidata,2,n/a
RU,Russia,False,Kuban State University,https://www.kubsu.ru/,9681,I117963711,Q4243514,openalex;wikidata,2,n/a
RU,Russia,False,St. Petersburg State Technological Institute,https://spbti.ru,9509,I98642627,,openalex,1,n/a
RU,Russia,False,Kazan State Medical University,https://kazangmu.ru/,8937,I186356647,Q4773809,openalex;wikidata,2,n/a
RU,Russia,False,Ufa State Petroleum Technological University,http://www.rusoil.net/default.aspx?lang=2,8934,I7901131,,openalex,1,n/a
RU,Russia,False,Volgograd State Technical University,https://www.vstu.ru/,8882,I4210140902,,openalex,1,n/a
RU,Russia,False,National Research Mordovia State University,https://mrsu.ru/ru/,8820,I294094635,,openalex,1,n/a
RU,Russia,False,Kemerovo State University,http://www.kemsu.ru/Page/Main,8740,I52135307,,openalex,1,n/a
RU,Russia,False,Saint Petersburg Mining University,https://spmi.ru/,8603,I3018660459,Q2495829,openalex;wikidata,2,n/a
RU,Russia,False,Immanuel Kant Baltic Federal University,https://kantiana.ru/,8502,I149643846,Q805777,openalex;wikidata,2,n/a
RU,Russia,False,Russian State Agrarian University - Moscow Timiryazev Agricultural Academy,http://eng.timacad.ru/,8499,I11954620,,openalex,1,n/a
RU,Russia,False,Perm National Research Polytechnic University,http://pstu.ru/en/,8391,I3123069486,,openalex,1,n/a
RU,Russia,False,Moscow State University of Medicine and Dentistry,https://rosunimed.ru,8340,I136268261,Q4304082,openalex;wikidata,2,n/a
RU,Russia,False,Saint Petersburg State Pediatric Medical University,https://gpmu.org,8193,I74756048,Q3700204,openalex;wikidata,2,n/a
RU,Russia,False,Kuban State Agrarian University,https://kubsau.ru/,8086,I2426469,Q133965,openalex;wikidata,2,n/a
RU,Russia,False,Bashkir State University,http://www.bashedu.ru/en,8056,I138958963,,openalex,1,n/a
RU,Russia,False,S. M. Kirov Military Medical Academy,https://www.vmeda.org,8032,I2801546011,Q1459393,openalex;wikidata,2,n/a
RU,Russia,False,Samara State Medical University,http://www.samsmu.ru,8032,I4210127240,Q4406401,openalex;wikidata,2,n/a
RU,Russia,False,Siberian State Medical University,https://www.ssmu.ru,7888,I196530094,Q1493008,openalex;wikidata,2,n/a
RU,Russia,False,Irkutsk State University,https://isu.ru/,7751,I93251985,Q670649,openalex;wikidata,2,n/a
RU,Russia,False,Penza State University,http://international.pnzgu.ru/,7490,I114616248,Q4348482,openalex;wikidata,2,n/a
RU,Russia,False,Dagestan State University,https://dgu.ru,7448,I4210117518,Q4153935,openalex;wikidata,2,n/a
RU,Russia,False,North-Caucasus Federal University,http://eng.ncfu.ru/,7304,I210043505,Q4412491,openalex;wikidata,2,n/a
RU,Russia,False,Moscow Polytechnic University,https://mospolytech.ru/,7178,I9115533,Q4304083,openalex;wikidata,2,n/a
RU,Russia,False,Gubkin Russian State University of Oil and Gas,http://en.gubkin.ru/,7160,I119694697,,openalex,1,n/a
RU,Russia,False,Irkutsk National Research Technical University,https://www.istu.edu,7118,I4210122217,Q1467657,openalex;wikidata,2,n/a
RU,Russia,False,Volgograd State University,https://volsu.ru,7032,I65322002,Q4122974,openalex;wikidata,2,n/a
RU,Russia,False,Chechen State University,https://chesu.ru,6984,I114650741,,openalex,1,n/a
RU,Russia,False,Chelyabinsk State University,https://www.csu.ru/,6870,I137211346,Q2333300,openalex;wikidata,2,n/a
RU,Russia,False,Vladimir State University,http://www.vlsu.ru/index.php?id=183,6591,I4210109043,,openalex,1,n/a
RU,Russia,False,Samara State University of Economics,https://www.sseu.ru/,6583,I4210126748,Q4406405,openalex;wikidata,2,n/a
RU,Russia,False,Russian State University for the Humanities,https://www.rsuh.ru/,6550,I128931577,Q2631070,openalex;wikidata,2,n/a
RU,Russia,False,Volgograd State Medical University,https://www.volgmed.ru/,6481,I155623535,Q3533383,openalex;wikidata,2,n/a
RU,Russia,False,Russian University of Transport,https://www.miit.ru,6464,I134694890,Q1477512,openalex;wikidata,2,n/a
RU,Russia,False,Yaroslavl State University,https://www.uniyar.ac.ru,6449,I198371094,,openalex,1,n/a
RU,Russia,False,Kutafin Moscow State Law University,https://msal.ru/,6403,I3132830348,,openalex,1,n/a
RU,Russia,False,Voronezh State Technical University,https://cchgeu.ru/,6324,I4210106257,,openalex,1,n/a
RU,Russia,False,Nizhny Novgorod State Technical University,https://en.nntu.ru/,6267,I4210138365,,openalex,1,n/a
RU,Russia,False,Yuri Gagarin State Technical University of Saratov,https://www.sstu.ru/,6226,I177697070,,openalex,1,n/a
RU,Russia,False,Bashkir State Medical University,http://bashgmu.ru/,6149,I4210120901,Q4080165,openalex;wikidata,2,n/a
RU,Russia,False,Tomsk State University of Control Systems and Radio-Electronics,https://tusur.ru,6103,I114376631,Q4460386,openalex;wikidata,2,n/a
RU,Russia,False,Ufa State Aviation Technical University,http://www.ugatu.su/en.html,6046,I7885462,,openalex,1,n/a
RU,Russia,False,Omsk State Technical University,https://www.omgtu.ru,5934,I20119556,Q257249,openalex;wikidata,2,n/a
RU,Russia,False,Chuvash State University,http://www.chuvsu.ru/index.php?option=com_content&view=category&layout=blog&id=211&Itemid=371,5867,I181171540,Q2706876,openalex;wikidata,2,n/a
RU,Russia,False,Industrial University of Tyumen,https://www.tyuiu.ru,5811,I4210119228,,openalex,1,n/a
RU,Russia,False,Federal State University of Education,https://eduprosvet.ru,5791,I4210107108,,openalex,1,n/a
RU,Russia,False,State University of Management,https://guu.ru,5789,I111567634,Q1131600,openalex;wikidata,2,n/a
RU,Russia,False,Voronezh State University of Forestry and Technologies,https://vgltu.ru/,5776,I4210103175,Q605825,openalex;wikidata,2,n/a
RU,Russia,False,Petrozavodsk State University,https://petrsu.ru/en,5760,I197524780,,openalex,1,n/a
RU,Russia,False,Rostov State Medical University,https://rostgmu.ru/,5627,I16478408,Q7370051,openalex;wikidata,2,n/a
RU,Russia,False,Saint Petersburg State University of Aerospace and Instrumentation,http://new.guap.ru/,5476,I130523015,Q1628751,openalex;wikidata,2,n/a
RU,Russia,False,Omsk State University,http://www.omsu.ru/page.php?id=,5442,I269199756,Q1664127,openalex;wikidata,2,n/a
RU,Russia,False,Saratov State Medical University,http://www.sgmu.ru/en/,5442,I4210118375,Q4408455,openalex;wikidata,2,n/a
RU,Russia,False,Kazan State Technological University,https://www.kstu.ru/,5396,I54195498,,openalex,1,n/a
RU,Russia,False,Belgorod State Technological University,https://www.bstu.ru/,5366,I2803070147,,openalex,1,n/a
RU,Russia,False,Kazan State Power Engineering University,https://en.kgeu.ru/,5250,I4210128955,Q4207793,openalex;wikidata,2,n/a
RU,Russia,False,Ivanovo State University of Chemistry and Technology,http://www.isuct.ru/,5116,I3276886,Q4196666,openalex;wikidata,2,n/a
RU,Russia,False,Krasnoyarsk State Medical University,https://krasgmu.ru/,5103,I4210090231,Q4239243,openalex;wikidata,2,n/a
RU,Russia,False,Ural State Medical University,https://usma.ru/,5063,I4210093938,Q4476708,openalex;wikidata,2,n/a
RU,Russia,False,Ural State University of Economics,http://en.usue.ru/,5056,I4210102461,Q2354119,openalex;wikidata,2,n/a
RU,Russia,False,Novosibirsk State Medical University,http://en.ngmu.ru/,4960,I145597306,Q4325460,openalex;wikidata,2,n/a
RU,Russia,False,Ulyanovsk State University,https://www.ulsu.ru/,4956,I194437852,,openalex,1,n/a
RU,Russia,False,Moscow State University of Fine Chemical Technologies,http://www.mitht.ru/,4952,I208875869,Q4304107,openalex;wikidata,2,n/a
RU,Russia,False,Kuban State Medical University,https://www.ksma.ru/,4951,I168528297,Q4243512,openalex;wikidata,2,n/a
RU,Russia,False,Kabardino-Balkarian State University,https://kbsu.ru,4909,I4210099638,,openalex,1,n/a
RU,Russia,False,Tver State University,http://university.tversu.ru/en/,4901,I2799967260,Q4453265,openalex;wikidata,2,n/a
RU,Russia,False,Northern (Arctic) Federal University,https://narfu.ru/,4864,I116191961,Q4352907,openalex;wikidata,2,n/a
RU,Russia,False,Ufa University of Science and Technology,https://uust.ru,4815,I4387155162,Q114712246,openalex;wikidata,2,n/a
RU,Russia,False,Orenburg State University,http://www.osu.ru/,4762,I196486018,Q2151478,openalex;wikidata,2,n/a
RU,Russia,False,Udmurt State University,http://v4.udsu.ru/english/index,4747,I57570584,Q902189,openalex;wikidata,2,n/a
RU,Russia,False,Saint Petersburg State University of Economics,http://en.unecon.ru/,4702,I2801267580,Q2165080,openalex;wikidata,2,n/a
RU,Russia,False,Platov South-Russian State Polytechnic University,https://www.npi-tu.ru,4699,I4210100633,Q1751487,openalex;wikidata,2,n/a
RU,Russia,False,National Research University of Electronic Technology,https://www.miet.ru/,4534,I204490831,Q182118,openalex;wikidata,2,n/a
RU,Russia,False,Voronezh State Medical Academy named after N.N. Burdenko,http://www.vsmaburdenko.ru/english/about-vsma/,4504,I2800247874,,openalex,1,n/a
RU,Russia,False,Tula State University,https://tulsu.ru,4487,I127366699,Q1511650,openalex;wikidata,2,n/a
RU,Russia,False,South-West State University,http://www.swsu.ru/eng/index.php,4480,I95694802,Q4533671,openalex;wikidata,2,n/a
RU,Russia,False,Vyatka State University,https://www.vyatsu.ru,4467,I4210103655,,openalex,1,n/a
RU,Russia,False,Moscow State Technological University,https://stankin.ru,4395,I2801681975,,openalex,1,n/a
RU,Russia,False,Moscow State University of Psychology & Education,https://msupe.ru,4323,I4210158193,Q4304064,openalex;wikidata,2,n/a
RU,Russia,False,Petersburg State Transport University,https://www.pgups.ru,4318,I7888777,,openalex,1,n/a
RU,Russia,False,Nosov Magnitogorsk State Technical University,https://en.magtu.ru/,4278,I142239120,,openalex,1,n/a
RU,Russia,False,Tambov State Technical University,http://www.tstu.ru/en/,4243,I195795380,Q4450874,openalex;wikidata,2,n/a
RU,Russia,False,Tambov State University,https://tsutmb.ru,4228,I108321963,Q4450873,openalex;wikidata,2,n/a
RU,Russia,False,Kuban State Technological University,https://kubstu.ru/,4196,I217663830,Q4243515,openalex;wikidata,2,n/a
RU,Russia,False,Kursk State Medical University,http://www.kgmu.com/,4148,I44327541,,openalex,1,n/a
RU,Russia,False,Moscow State Agroengineering University named after V.P. Goryachkin,http://www.eng.timacad.ru/,4090,I3019350493,,openalex,1,n/a
RU,Russia,False,Baikal State University,https://bgu.ru,3901,I2801633520,Q4874546,openalex;wikidata,2,n/a
RU,Russia,False,Saint Petersburg State University of Architecture and Civil Engineering,http://www.spbgasu.ru/,3861,I213615327,Q1628728,openalex;wikidata,2,n/a
RU,Russia,False,Russian State University of Justice,https://rgup.ru/,3835,I4210160483,Q7381992,openalex;wikidata,2,n/a
RU,Russia,False,Rostov State University of Economics,https://en.rsue.ru/,3730,I4210104872,,openalex,1,n/a
RU,Russia,False,Togliatti State University,https://www.tltsu.ru/,3721,I3129553732,,openalex,1,n/a
RU,Russia,False,Pacific National University,http://pnu.edu.ru/,3704,I27238560,Q1051345,openalex;wikidata,2,n/a
RU,Russia,False,Nizhny Novgorod State Pedagogical University,https://mininuniver.ru,3694,I47410878,Q4318650,openalex;wikidata,2,n/a
RU,Russia,False,Russian State Social University,https://rgsu.net/,3606,I125101497,,openalex,1,n/a
RU,Russia,False,Privolzhsky Research Medical University,https://pimunn.ru/,3605,I100051649,Q4318620,openalex;wikidata,2,n/a
RU,Russia,False,Ryazan State Medical University named after Academician I.P. Pavlov,https://rzgmu.ru,3574,I4210141419,,openalex,1,n/a
RU,Russia,False,Yaroslav-the-Wise Novgorod State University,https://portal.novsu.ru/,3570,I99205534,,openalex,1,n/a
RU,Russia,False,Voronezh State University of Engineering Technologies,http://www.vsuet.ru/,3531,I4210106771,,openalex,1,n/a
RU,Russia,False,Surgut State University,https://www.surgu.ru,3503,I4210094909,Q4446469,openalex;wikidata,2,n/a
RU,Russia,False,Samara State University,http://samsu.ru/,3472,I4387156369,Q4406409,openalex;wikidata,2,n/a
RU,Russia,False,North-West Institute of Management,https://sziu.ranepa.ru/,3470,I4210113084,,openalex,1,n/a
RU,Russia,False,Tomsk State Pedagogical University,http://www.tspu.edu.ru/,3432,I101072179,Q1239515,openalex;wikidata,2,n/a
RU,Russia,False,Moscow Automobile and Road Construction State Technical University,http://www.madi.ru,3412,I4210113879,,openalex,1,n/a
RU,Russia,False,Perm State Medical Academy,https://psma.ru,3398,I4210088483,,openalex,1,n/a
RU,Russia,False,Kuzbass State Technical University,https://www.kuzstu.ru/,3374,I45791419,Q4244744,openalex;wikidata,2,n/a
RU,Russia,False,State Marine Technical University of St. Petersburg,https://www.smtu.ru,3333,I4210141538,,openalex,1,n/a
RU,Russia,False,Astrakhan Tatischev State University,https://asu-edu.ru,3307,I178165815,,openalex,1,n/a
RU,Russia,False,Izhevsk State Technical University,http://inter.istu.ru/,3293,I104954885,,openalex,1,n/a
RU,Russia,False,Altai State Technical University,http://www.en.altstu.ru/,3289,I11549877,Q3701429,openalex;wikidata,2,n/a
RU,Russia,False,Rostov State Transport University,http://www.rgups.ru/,3280,I4210086666,Q4398496,openalex;wikidata,2,n/a
RU,Russia,False,Pushkin Leningrad State University,https://lengu.ru/,3266,I1288097491,Q4258144,openalex;wikidata,2,n/a
RU,Russia,False,Moscow Technical University of Communication and Informatics,http://www.mtuci.ru,3258,I4210110898,Q4304299,openalex;wikidata,2,n/a
RU,Russia,False,Moscow State Linguistic University,https://linguanet.ru/,3236,I78826914,Q1054816,openalex;wikidata,2,n/a
RU,Russia,False,Krasnoyarsk State Agrarian University,http://www.kgau.ru/,3225,I4210154301,Q4239242,openalex;wikidata,2,n/a
RU,Russia,False,Russian Academy of Education,http://rusacademedu.ru/,3187,I4210110371,,openalex,1,n/a
RU,Russia,False,Tyumen State Medical University,http://www.tyumsmu.ru/eng/,3187,I4210165799,Q4467479,openalex;wikidata,2,n/a
RU,Russia,False,Siberian State Industrial University,http://www.sibsiu.ru/,3165,I612282,Q4418285,openalex;wikidata,2,n/a
RU,Russia,False,Northern State Medical University,https://www.nsmu.ru/,3102,I4210167075,Q4412318,openalex;wikidata,2,n/a
RU,Russia,False,Orel State University named after I.S. Turgenev,http://oreluniver.ru/en,3090,I63718949,,openalex,1,n/a
RU,Russia,False,Moscow State University of Technologies and Management named after K.G. Razumovskiy,http://mgutm.ru/,3089,I4210145242,,openalex,1,n/a
RU,Russia,False,Astrakhan State Medical University,http://astgmu.ru,3085,I4210112215,Q4071693,openalex;wikidata,2,n/a
RU,Russia,False,Chelyabinsk State Medical Academy,http://www.chelsma.ru/eng/academy/,3007,I2802878566,,openalex,1,n/a
RU,Russia,False,Saint-Petersburg State University of Telecommunications,https://www.sut.ru,2985,I37355250,Q4407705,openalex;wikidata,2,n/a
RU,Russia,False,Vladivostok State University,http://vvsu.ru/,2958,I89763489,,openalex,1,n/a
RU,Russia,False,Saint-Petersburg State University of Technology and Design,https://sutd.ru,2956,I4210088432,Q4407701,openalex;wikidata,2,n/a
RU,Russia,False,Ural State Pedagogical University,https://uspu.ru/university,2931,I4210135445,Q4476754,openalex;wikidata,2,n/a
RU,Russia,False,Tomsk State University of Architecture and Building,https://tsuab.ru,2929,I1315890572,Q1736331,openalex;wikidata,2,n/a
RU,Russia,False,Cherepovets State University,https://www.chsu.ru/,2912,I70053296,,openalex,1,n/a
RU,Russia,False,Moscow University «Synergy»,https://synergyuniversity.ru,2909,I4210115303,,openalex,1,n/a
RU,Russia,False,Innopolis University,https://innopolis.university,2899,I4210116741,Q18786156,openalex;wikidata,2,n/a
RU,Russia,False,Dubna State University,https://www.uni-dubna.ru,2868,I4210094364,Q1366589,openalex;wikidata,2,n/a
RU,Russia,False,Stavropol State Medical University,http://stavmed.com/,2848,I4210162035,Q4439013,openalex;wikidata,2,n/a
RU,Russia,False,Irkutsk State Medical University,https://www.ismu.baikal.ru/ismu/news.php,2764,I4210166198,Q4203305,openalex;wikidata,2,n/a
RU,Russia,False,Siberian State University Geosystems and Technology,https://sgugit.ru,2733,I4210155925,,openalex,1,n/a
RU,Russia,False,Astrakhan State Technical University,http://www.astu.org/,2725,I198277482,Q4071715,openalex;wikidata,2,n/a
RU,Russia,False,Ural State Forestry Engineering University,http://usfeu.ru/,2701,I4210103273,,openalex,1,n/a
RU,Russia,False,North Ossetian State University,http://www.nosu.ru/index.php/ru/,2669,I3132536144,,openalex,1,n/a
RU,Russia,False,Yugra State University,https://www.ugrasu.ru/,2654,I4210088688,Q4533707,openalex;wikidata,2,n/a
RU,Russia,False,Smolensk State Medical University,http://smolgmu.ru/,2651,I4210120801,,openalex,1,n/a
RU,Russia,False,Tula State Pedagogical University named after L.N. Tolstoy,http://tsput.ru/english/,2632,I4210087484,,openalex,1,n/a
RU,Russia,False,Moscow City University,https://www.mgpu.ru/,2631,I4210162964,Q4304063,openalex;wikidata,2,n/a
RU,Russia,False,Buryat State University,http://www.bsu.ru/,2616,I201106796,Q1055243,openalex;wikidata,2,n/a
RU,Russia,False,A. N. Kosygin Moscow State Textile University,https://www.msta.ac.ru/,2598,I10363089,,openalex,1,n/a
RU,Russia,False,Altai State Medical University,https://asmu.ru/,2578,I120273102,Q3461622,openalex;wikidata,2,n/a
RU,Russia,False,Sirius University of Science and Technology,https://siriusuniversity.ru,2575,I4210093196,,openalex,1,n/a
RU,Russia,False,Tver State Technical University,https://tstu.tver.ru,2507,I4210090029,Q4453264,openalex;wikidata,2,n/a
RU,Russia,False,Amur State University,http://www.amursu.ru/index.php?lang=en,2504,I60145089,Q4064597,openalex;wikidata,2,n/a
RU,Russia,False,Saint Petersburg State Forest Technical University,http://eng.spbftu.ru/,2501,I4210129604,Q2782346,openalex;wikidata,2,n/a
RU,Russia,False,Novosibirsk State Pedagogical University,https://www.nspu.ru,2483,I4210142574,Q4325461,openalex;wikidata,2,n/a
RU,Russia,False,Ivanovo State University,https://ivanovo.ac.ru,2473,I120930651,Q4196668,openalex;wikidata,2,n/a
RU,Russia,False,Yaroslavl State Medical Academy,http://ysmu.ru,2473,I23236222,,openalex,1,n/a
RU,Russia,False,Vladivostok State Medical University,http://www.tgmu.ru/,2433,I194114089,,openalex,1,n/a
RU,Russia,False,Lipetsk State Technical University,http://www.stu.lipetsk.ru/,2424,I4210089287,Q4262483,openalex;wikidata,2,n/a
RU,Russia,False,Don State Agrarian University,http://www.dongau.ru,2418,I4210118356,Q4166430,openalex;wikidata,2,n/a
RU,Russia,False,Russian University of Cooperation,https://eng.ruc.su/,2386,I4210160647,Q4398135,openalex;wikidata,2,n/a
RU,Russia,False,Moscow Witte University,https://www.muiv.ru,2381,I4210097937,Q30257746,openalex;wikidata,2,n/a
RU,Russia,False,Novosibirsk State University of Economics and Management,https://nsuem.ru,2366,I4210131478,Q4325464,openalex;wikidata,2,n/a
RU,Russia,False,Institute of State and Law,http://www.igpran.ru/en/,2344,I4210098214,,openalex,1,n/a
RU,Russia,False,Irkutsk State Transport University,https://irgups.ru/,2337,I4210162507,Q4203306,openalex;wikidata,2,n/a
RU,Russia,False,Bryansk State Technical University,https://www.tu-bryansk.ru/,2336,I4210146325,Q4097537,openalex;wikidata,2,n/a
RU,Russia,False,Mari State University,https://marsu.ru/,2311,I3132405765,,openalex,1,n/a
RU,Russia,False,Air Force Academy named after Professor NE Zhukovsky and Yu.A. Gagarin,http://www.vaiu.ru/,2297,I4210110790,,openalex,1,n/a
RU,Russia,False,Kaliningrad State Technical University,https://www.klgtu.ru,2297,I86496825,Q652280,openalex;wikidata,2,n/a
RU,Russia,False,Kazan State University of Architecture and Engineering,https://www.kgasu.ru/,2291,I4210156372,Q2339907,openalex;wikidata,2,n/a
RU,Russia,False,Stavropol State Agrarian University,http://www.stgau.ru/,2289,I166809047,Q4439026,openalex;wikidata,2,n/a
RU,Russia,False,Omsk State Agrarian University,https://www.omgau.ru/,2284,I91845206,Q137360,openalex;wikidata,2,n/a
RU,Russia,False,Russian State Hydrometeorological University,http://www.rshu.ru/,2265,I1338030516,Q4398064,openalex;wikidata,2,n/a
RU,Russia,False,Kaluga State University named after K.E.Tsiolkovski,https://tksu.ru,2224,I51094848,,openalex,1,n/a
RU,Russia,False,Bashkir State Agrarian University,https://www.bsau.ru/,2220,I3129322165,Q4080163,openalex;wikidata,2,n/a
RU,Russia,False,Saint Petersburg Academic University,http://spbau.ru/main_eng/info_main_eng,2183,I1328943360,,openalex,1,n/a
RU,Russia,False,Ulyanovsk State Technical University,http://www.ulstu.ru/,2096,I90329211,Q2349268,openalex;wikidata,2,n/a
RU,Russia,False,Kursk State University,http://www.kursk-uni.ru/,2086,I140141371,Q4248858,openalex;wikidata,2,n/a
RU,Russia,False,Ryazan State Radio Engineering University,http://rsreu.ru/en/,2074,I4210149385,Q4402649,openalex;wikidata,2,n/a
RU,Russia,False,Omsk State Pedagogical University,https://omgpu.ru/omgpu-segodnya,2065,I196274141,Q1166885,openalex;wikidata,2,n/a
RU,Russia,False,Moscow State Institute of Electronics and Mathematics,https://miem.hse.ru//,2036,I115911606,,openalex,1,n/a
RU,Russia,False,Kalmyk State University,http://kalmsu.ru/,2009,I205923962,,openalex,1,n/a
RU,Russia,False,Grozny State Oil Technical University named after Academician MD Millionshtchikov,https://gstou.ru,2008,I4210122798,,openalex,1,n/a
RU,Russia,False,Syktyvkar State University,http://syktsu.ru/en/,1996,I169729158,,openalex,1,n/a
RU,Russia,False,Admiral Makarov State University of Maritime and Inland Shipping,https://gumrf.ru,1984,I4210118311,Q19908493,openalex;wikidata,2,n/a
RU,Russia,False,Kazan State Medical Academy,https://kgma.info/,1982,I4210127959,,openalex,1,n/a
RU,Russia,False,Baltic State Technical University Voenmeh,https://voenmeh.ru,1981,I18774595,,openalex,1,n/a
RU,Russia,False,Siberian State University of Engineering and Biotechnology,https://edubiotech.ru,1970,I3133424061,Q4325459,openalex;wikidata,2,n/a
RU,Russia,False,Volga State University of Technology,http://en.volgatech.net/,1967,I79052877,Q4366456,openalex;wikidata,2,n/a
RU,Russia,False,Ural State Agrarian University,http://www.urgau.ru/,1944,I4210104969,Q4476709,openalex;wikidata,2,n/a
RU,Russia,False,Saratov State Academy of Law,http://news2.ssla.ru/,1935,I2801513914,,openalex,1,n/a
RU,Russia,False,M. Akmullah Bashkir State Pedagogical University,http://eng.bspu.ru/,1915,I4210154985,,openalex,1,n/a
RU,Russia,False,Moscow State Academy of Veterinary Medicine and Biotechnology named after Skryabin,https://mgavm.ru,1908,I4210139935,,openalex,1,n/a
RU,Russia,False,Saratov State Agrarian University named after N.I .Vavilov,http://en.sgau.ru/,1889,I4210147827,,openalex,1,n/a
RU,Russia,False,Siberian Transport University,http://www.stu.ru,1886,I4210135727,Q4418282,openalex;wikidata,2,n/a
RU,Russia,False,Ryazan State University,http://www.rsu.edu.ru/,1885,I197380109,,openalex,1,n/a
RU,Russia,False,Yaroslavl State Pedagogical University,http://yspu.org/,1866,I4210121576,Q4538869,openalex;wikidata,2,n/a
RU,Russia,False,Russian State Geological Prospecting University,https://mgri.ru/en/,1851,I141848132,Q4398063,openalex;wikidata,2,n/a
RU,Russia,False,Yaroslavl State Technical University,http://www.ystu.ru/,1844,I4210112073,Q4538874,openalex;wikidata,2,n/a
RU,Russia,False,Central State Medical Academy,http://cgma.su/,1837,I4210106113,,openalex,1,n/a
RU,Russia,False,European University at Saint Petersburg,https://eusp.org,1836,I183209874,Q929378,openalex;wikidata,2,n/a
RU,Russia,False,Kostroma State University named after N A Nekrasov,http://ksu.edu.ru/,1832,I4210163626,,openalex,1,n/a
RU,Russia,False,Bryansk State University,http://brgu.ru/,1830,I101659749,Q4097540,openalex;wikidata,2,n/a
RU,Russia,False,Siberian State Aerospace University,https://www.sibsau.ru/,1827,I56490300,,openalex,1,n/a
RU,Russia,False,Saint - Petersburg State Chemical Pharmaceutical Academy,http://spcpa.ru/,1822,I4210103400,,openalex,1,n/a
RU,Russia,False,The All-Russian State University of Justice,https://en.rpa-mu.ru/,1817,I4210148171,,openalex,1,n/a
RU,Russia,False,Saint Petersburg State University of Veterinary Medicine,https://spbguvm.ru,1816,I4210157147,,openalex,1,n/a
RU,Russia,False,Krasnoyarsk State Pedagogical University,http://www.kspu.ru/,1807,I4210092539,,openalex,1,n/a
RU,Russia,False,Yelets State University named after Ivan Bunin,https://elsu.ru,1797,I4210100323,,openalex,1,n/a
RU,Russia,False,Krasnodar University of Ministry of Internal Affairs of Russia,https://xn--d1alsn.xn--b1aew.xn--p1ai,1795,I4210091270,,openalex,1,n/a
RU,Russia,False,Ural State Law University,http://en.usla.ru/,1773,I2802081207,Q4476714,openalex;wikidata,2,n/a
RU,Russia,False,St. Petersburg University of the Ministry of Internal Affairs of Russia,http://www.univermvd.ru,1760,I4210098806,,openalex,1,n/a
RU,Russia,False,Samara State University of Social Sciences and Education,http://www.pgsga.ru/in/english/,1759,I4210093577,,openalex,1,n/a
RU,Russia,False,Altai State Pedagogical University,https://www.altspu.ru/,1730,I157294399,Q779992,openalex;wikidata,2,n/a
RU,Russia,False,Voronezh State Pedagogical University,http://www.vspu.ac.ru,1727,I4210121566,Q4125410,openalex;wikidata,2,n/a
RU,Russia,False,Kazan State Agrarian University,http://www.kazgau.ru,1725,I4210134381,,openalex,1,n/a
RU,Russia,False,Smolensk State University,https://smolgu.ru,1716,I38120545,Q4424975,openalex;wikidata,2,n/a
RU,Russia,False,Moscow State University of Food Production,http://www.mgupp.ru/,1714,I4210139472,,openalex,1,n/a
RU,Russia,False,Kazan Innovative University named after V. G. Timiryasov,https://ieml.ru,1699,I4210134469,Q4201828,openalex;wikidata,2,n/a
RU,Russia,False,Pyatigorsk Medical and Pharmaceutical Institute - branch of Volgograd State Medical University,http://www.pmedpharm.ru/,1698,I4210127018,,openalex,1,n/a
RU,Russia,False,Volgograd State Pedagogical University,https://www.vspu.ru/,1697,I23151741,Q1614474,openalex;wikidata,2,n/a
RU,Russia,False,All-Russian Scientific Research Institute of Physical-Technical and Radiotechnical Measurements,https://www.vniiftri.ru,1691,I4210129119,,openalex,1,n/a
RU,Russia,False,Povolzhskiy State University of Telecommunications and Informatics,https://www.psuti.ru/,1676,I4210145445,Q4366452,openalex;wikidata,2,n/a
RU,Russia,False,Adyghe State University,http://www.adygnet.ru,1668,I135226738,,openalex,1,n/a
RU,Russia,False,Vologda State University,https://vogu35.ru/,1660,I137513774,Q16423702,openalex;wikidata,2,n/a
RU,Russia,False,Moscow University for the Humanities,https://www.mosgu.ru/,1655,I4210164690,Q277872,openalex;wikidata,2,n/a
RU,Russia,False,Nizhnevartovsk State University,http://en.nvsu.ru/,1644,I4210122273,Q4318744,openalex;wikidata,2,n/a
RU,Russia,False,Russian Customs Academy,http://rta.customs.ru,1643,I4210105245,,openalex,1,n/a
RU,Russia,False,Russian New University,https://rosnou.ru,1642,I3129897247,Q4398106,openalex;wikidata,2,n/a
RU,Russia,False,Perm State Pharmaceutical Academy,http://www.pfa.ru/,1637,I4210125904,,openalex,1,n/a
RU,Russia,False,University of Technology,https://unitech-mo.ru/,1636,I4210134318,,openalex,1,n/a
RU,Russia,False,Military University,http://vumo.mil.ru/,1628,I4210115403,,openalex,1,n/a
RU,Russia,False,Katanov Khakass State University,https://khsu.ru,1610,I4210107502,,openalex,1,n/a
RU,Russia,False,Military Space Academy named after AF Mozhaisky,http://vka.mil.ru/,1594,I4210117200,,openalex,1,n/a
RU,Russia,False,Ural State Mining University,http://www.ursmu.ru/,1585,I71576600,Q3135719,openalex;wikidata,2,n/a
RU,Russia,False,Transbaikal State University,http://www.zabgu.ru,1584,I192758561,Q4516673,openalex;wikidata,2,n/a
RU,Russia,False,Penza State University of Architecture and Construction,https://pguas.ru,1572,I4210131065,Q4348484,openalex;wikidata,2,n/a
RU,Russia,False,Diplomatic Academy of MGIMO of the Russian Ministry of Foreign Affairs,https://www.dipacademy.ru/,1558,I4210143363,,openalex,1,n/a
RU,Russia,False,Saint-Petersburg State Agrarian University,https://spbgau.ru,1555,I4210101293,Q1628690,openalex;wikidata,2,n/a
RU,Russia,False,Academy of the State Fire Service EMERCOM of Russia,https://academygps.ru/,1547,I4210129079,,openalex,1,n/a
RU,Russia,False,Siberian State University of Telecommunications and Information Science,https://sibsutis.ru,1530,I4210105890,Q4418283,openalex;wikidata,2,n/a
RU,Russia,False,Maikop State Technological University,https://mkgtu.ru,1518,I4210096137,,openalex,1,n/a
RU,Russia,False,Ivanovo State Power University,http://ispu.ru,1517,I3020259055,,openalex,1,n/a
RU,Russia,False,Far Eastern State Transport University,http://en.dvgups.ru/,1514,I4210125907,Q4154244,openalex;wikidata,2,n/a
RU,Russia,False,Komsomolsk-on-Amur State Technical University,https://knastu.ru/,1511,I4210159954,,openalex,1,n/a
RU,Russia,False,Academy of Management of the Interior Ministry of Russia,https://xn--80a.xn--b1aew.xn--p1ai/,1506,I4210110123,,openalex,1,n/a
RU,Russia,False,Murmansk Arctic State University,http://www.masu.edu.ru/,1495,I4210114514,,openalex,1,n/a
RU,Russia,False,Dagestan State Technical University,http://dstu.ru,1482,I4210153800,Q2563821,openalex;wikidata,2,n/a
RU,Russia,False,Ural State University of Railway Transport,http://www.usurt.ru/,1477,I53040446,Q2212056,openalex;wikidata,2,n/a
RU,Russia,False,State Academic University of Humanities,https://gaugn.ru,1469,I4210112027,Q4146754,openalex;wikidata,2,n/a
RU,Russia,False,Voronezh State Agrarian University named after Emperor Peter the Great,http://www.vsau.ru/,1457,I4210119165,,openalex,1,n/a
RU,Russia,False,South Ural State Humanitarian Pedagogical University,https://en.cspu.ru/,1439,I120378409,Q2333286,openalex;wikidata,2,n/a
RU,Russia,False,Omsk State Transport University,http://www.omgups.ru/,1434,I109602878,Q4334723,openalex;wikidata,2,n/a
RU,Russia,False,State University of Land Use Planning,https://www.guz.ru/en/,1401,I4210103823,Q4146979,openalex;wikidata,2,n/a
RU,Russia,False,Kabardino-Balkar State Agrarian University,https://www.kbgau.ru,1397,I4210100927,Q28656901,openalex;wikidata,2,n/a
RU,Russia,False,Altai State Agricultural University,https://asau.ru,1391,I4210102058,,openalex,1,n/a
RU,Russia,False,Pskov State University,http://eng.pskgu.ru/,1389,I4210140449,,openalex,1,n/a
RU,Russia,False,Ulyanovsk State Pedagogical University Named After I. Ulyanov,http://www.ulspu.ru/,1380,I4210093863,,openalex,1,n/a
RU,Russia,False,St.Tikhon's Orthodox University,https://pstgu.ru,1363,I4210110268,,openalex,1,n/a
RU,Russia,False,Siberian State Automobile and Highway University,https://sibadi.org,1345,I4707928,Q4418236,openalex;wikidata,2,n/a
RU,Russia,False,Moscow State University of Geodesy and Cartography,https://miigaik.ru,1337,I4210123507,Q2333455,openalex;wikidata,2,n/a
RU,Russia,False,New Economic School,http://www.nes.ru/en,1322,I116555385,,openalex,1,n/a
RU,Russia,False,Russian State University of Tourism and Service,http://xn--c1akwgdf.xn--p1ai/,1315,I4210139132,,openalex,1,n/a
RU,Russia,False,Ulyanovsk State Pedagogical University,,1315,I1325219128,,openalex,1,n/a
RU,Russia,False,Novosibirsk State University of Architecture and Civil Engineering,http://en.sibstrin.ru/,1313,I4210166003,Q1296887,openalex;wikidata,2,n/a
RU,Russia,False,Penza State Technological University,http://en.penzgtu.ru/,1283,I4210146030,,openalex,1,n/a
RU,Russia,False,Pyatigorsk State University,http://old.pglu.ru/en/,1280,I4210131601,Q4385796,openalex;wikidata,2,n/a
RU,Russia,False,Russian Academy of Architecture and Construction Sciences,https://raasn.ru,1280,I2802058688,,openalex,1,n/a
RU,Russia,False,Volgograd State Agricultural University,http://www.volgau.com/,1278,I4210147226,Q4122967,openalex;wikidata,2,n/a
RU,Russia,False,Samara State Transport University,https://www.samgups.ru/,1246,I4210153747,Q4406404,openalex;wikidata,2,n/a
RU,Russia,False,Angarsk State Technical Academy,https://angtu.ru,1231,I898784822,,openalex,1,n/a
RU,Russia,False,Independent University of Moscow,http://ium.mccme.ru/english/,1221,I69295118,Q118736,openalex;wikidata,2,n/a
RU,Russia,False,Perm State Humanitarian-Pedagogical University,https://pspu.ru,1221,I4210100092,Q4351539,openalex;wikidata,2,n/a
RU,Russia,False,Orenburg State Pedagogical University,https://ospu.ru,1206,I4210136253,Q4336193,openalex;wikidata,2,n/a
RU,Russia,False,Murmansk State Technical University,http://www.mstu.edu.ru/,1199,I87289247,,openalex,1,n/a
RU,Russia,False,Russian State Vocational Pedagogical University,https://www.rsvpu.ru/,1197,I202180297,Q4398067,openalex;wikidata,2,n/a
RU,Russia,False,Far Eastern State Medical University,http://www.fesmu.ru/,1191,I4210140504,,openalex,1,n/a
RU,Russia,False,Perm State Agricultural Academy,https://pgsha.ru,1183,I4210123834,Q4351497,openalex;wikidata,2,n/a
RU,Russia,False,Volga State University of Water Transport,http://www.vsuwt.ru,1174,I3131612652,Q4123106,openalex;wikidata,2,n/a
RU,Russia,False,Russian Foreign Trade Academy,https://www.vavt.ru/,1172,I4210114205,,openalex,1,n/a
RU,Russia,False,East Siberia State University of Technology and Management,https://www.esstu.ru,1159,I4210086703,Q5329352,openalex;wikidata,2,n/a
RU,Russia,False,Saint Petersburg State University of Cinema and Television,https://www.gukit.ru/,1138,I4210085953,Q1540876,openalex;wikidata,2,n/a
RU,Russia,False,Kirov State Medical Academy,http://eng.kirovgma.ru/,1134,I4210126363,,openalex,1,n/a
RU,Russia,False,Pushkin State Russian language Institute,https://www.pushkin.institute/,1132,I2799491702,,openalex,1,n/a
RU,Russia,False,Obninsk Institute for Nuclear Power Engineering,http://www.iate.obninsk.ru,1125,I4387153904,,openalex,1,n/a
RU,Russia,False,Saint Petersburg State University of Civil Aviation,https://spbguga.ru,1104,I58880071,Q4407700,openalex;wikidata,2,n/a
RU,Russia,False,Admiral Ushakov State Maritime University,http://www.aumsu.ru,1101,I4210128959,,openalex,1,n/a
RU,Russia,False,Moscow State Technical University of Civil Aviation,http://www.mstuca.ru/,1097,I48074715,Q4304092,openalex;wikidata,2,n/a
RU,Russia,False,Nizhny Novgorod State University of Architecture and Civil Engineering,http://www.nngasu.ru/about/Structure/facultets/cppoig_eng.php,1093,I4210130021,,openalex,1,n/a
RU,Russia,False,Penza State Agricultural Academy,https://pgau.ru/,1079,I4210108558,Q30257433,openalex;wikidata,2,n/a
RU,Russia,False,Kurgan State University,https://kgsu.ru,1078,I28420406,Q4248071,openalex;wikidata,2,n/a
RU,Russia,False,Chechen State Pedagogical Institute,http://chspu.ru/,1069,I2799616593,,openalex,1,n/a
RU,Russia,False,Chuvash State Pedagogical University,http://www.chgpu.edu.ru/,1069,I4210105227,,openalex,1,n/a
RU,Russia,False,Russian State University for Physical Education Sport Youth and Tourism,https://www.sportedu.ru/,1064,I4210107205,Q4398072,openalex;wikidata,2,n/a
RU,Russia,False,Pushchino State Institute of Natural Sciences,http://www.pushgu.ru/,1046,I4210156336,,openalex,1,n/a
RU,Russia,False,All-Russian Research Institute for Optical and Physical Measurements,http://www.vniiofi.com/,1040,I4210142065,,openalex,1,n/a
RU,Russia,False,Blagoveschensk State Pedagogical University,https://bgpu.ru,1037,I4210118545,,openalex,1,n/a
RU,Russia,False,North-Caucasian Mining and Metallurgical Institute,https://skgmi-gtu.ru/ru/,1029,I4210114666,,openalex,1,n/a
RU,Russia,False,Saint Petersburg Stieglitz State Academy of Art and Design,http://www.ghpa.ru/,1016,I4210138795,,openalex,1,n/a
RU,Russia,False,North Ossetian State Medical Academy,http://sogma.ru/,1010,I4210119596,,openalex,1,n/a
RU,Russia,False,Orel State Agrarian University,http://www.orelsau.ru,1006,I4210100348,,openalex,1,n/a
RU,Russia,False,Saint Petersburg University of Management and Economics,,1000,I4210166666,,openalex,1,n/a
RU,Russia,False,Sochi State University,https://sutr.ru,996,I4210147110,,openalex,1,n/a
RU,Russia,False,Tuvan State University,http://tuvsu.ru/,995,I334584490,Q3551556,openalex;wikidata,2,n/a
RU,Russia,False,Institute of Linguistic Studies,https://iling.spb.ru/index.html,993,I4210156983,,openalex,1,n/a
RU,Russia,False,Far Eastern State Agrarian University,https://dalgau.ru,976,I4210107509,,openalex,1,n/a
RU,Russia,False,Linguistics University of Nizhny Novgorod,http://www.lunn.ru,959,I4210101107,,openalex,1,n/a
RU,Russia,False,Academy of Labour and Social Relations,http://www.atiso.ru,957,I4210123776,,openalex,1,n/a
RU,Russia,False,Irkutsk State Agrarian University named after A.A. Ezhevsky,http://www.igsha.ru/en/,952,I4210136478,Q25403354,openalex;wikidata,2,n/a
RU,Russia,False,Vyatka State Agrotechnological University,https://vgatu.ru,942,I4210157437,Q4130472,openalex;wikidata,2,n/a
RU,Russia,False,Ingush State University,https://inggu.ru,941,I3133258697,,openalex,1,n/a
RU,Russia,False,Mordovia State Pedagogical Institute named after ME Evseveva,http://www.mordgpi.ru/sveden/,936,I4210113310,,openalex,1,n/a
RU,Russia,False,Institute of Service and Entrepreneurship of DGTU,https://www.sssu.ru,924,I3020615197,,openalex,1,n/a
RU,Russia,False,Surgut State Pedagogical University,http://www.surgpu.ru,915,I4210160883,Q4446468,openalex;wikidata,2,n/a
RU,Russia,False,Lipetsk State Pedagogical University,http://lspu-lipetsk.ru/,893,I4210152687,Q4262481,openalex;wikidata,2,n/a
RU,Russia,False,Program Systems Institute of RAS,http://www.botik.ru/PSI/,886,I4210143630,,openalex,1,n/a
RU,Russia,False,Volgograd Academy of the Russian Internal Affairs Ministry,https://xn--80ad.xn--b1aew.xn--p1ai/,880,I4210088054,,openalex,1,n/a
RU,Russia,False,North Caucasian State Academy,https://ncsa.ru/,879,I4210121343,Q52847904,openalex;wikidata,2,n/a
RU,Russia,False,Nizhny Novgorod State University of Engineering and Economics,http://ngiei.ru/,863,I4210133012,,openalex,1,n/a
RU,Russia,False,Daghestan State Pedagogical University,http://dgpu.net/,862,I4210125031,,openalex,1,n/a
RU,Russia,False,Ryazan State Agrotechnological University,http://www.rgatu.ru/,857,I4210159829,Q13416753,openalex;wikidata,2,n/a
RU,Russia,False,Michurinsk State Agrarian University,http://intern.mgau.ru/,852,I4210152733,Q4298331,openalex;wikidata,2,n/a
RU,Russia,False,Nizhny Novgorod Academy of the Ministry of Internal Affairs of Russia,https://xn--80az.xn--b1aew.xn--p1ai/,843,I4210115283,Q4318615,openalex;wikidata,2,n/a
RU,Russia,False,Arctic State Agrotechnological University,http://www.ysaa.ru/,833,I4210149140,Q4537262,openalex;wikidata,2,n/a
RU,Russia,False,Izhevsk State Agricultural Academy,http://izhgsha.ru/,809,I4210087123,Q4198178,openalex;wikidata,2,n/a
RU,Russia,False,Belgorod State Agricultural University,http://bsaa.edu.ru/,808,I4210094096,Q4081704,openalex;wikidata,2,n/a
RU,Russia,False,Orenburg State Agrarian University,https://orensau.ru/,795,I4210092603,Q4336188,openalex;wikidata,2,n/a
RU,Russia,False,Agrarian State University of Northern Zauralye,http://www.tsaa.ru,794,I4210140618,,openalex,1,n/a
RU,Russia,False,Gorno-Altaisk State University,http://www.gasu.ru/,785,I59081768,Q4144551,openalex;wikidata,2,n/a
RU,Russia,False,All-Russia Thermal Engineering Institute,http://vti.ru/en/,782,I4210139313,,openalex,1,n/a
RU,Russia,False,Moscow Architectural Institute,http://www.marhi.ru/eng/,781,I2800235127,,openalex,1,n/a
RU,Russia,False,Chuvash State Agricultural Academy,http://academy21.ru/,776,I4210139478,,openalex,1,n/a
RU,Russia,False,Far Eastern State Technical Fisheries University,http://dalrybvtuz.ru/,766,I4210130878,,openalex,1,n/a
RU,Russia,False,Russian State University of Cinematography named after SA Gerasimov,https://vgik.info,766,I3129502783,,openalex,1,n/a
RU,Russia,False,Moscow State Aviation Technological University,http://eng.mati.ru/,761,I301902362,Q4398071,openalex;wikidata,2,n/a
RU,Russia,False,Dagestan State Institute of National Economy,http://www.dgunh.ru/,759,I4210143536,,openalex,1,n/a
RU,Russia,False,Moscow State Institute of Culture,http://mgik.org/,748,I2800569288,,openalex,1,n/a
RU,Russia,False,Moscow University of Finance and Law,https://www.mfua.ru,732,I4210097379,,openalex,1,n/a
RU,Russia,False,Voronezh Institute of Ministry of Internal Affairs,https://vi.mvd.ru/,720,I4210156507,,openalex,1,n/a
RU,Russia,False,Vologda Institute of Law and Economics,http://vipe.fsin.su/,717,I4210121130,,openalex,1,n/a
RU,Russia,False,Stavropol State University,http://www.stavsu.ru,713,I4210143452,Q4439029,openalex;wikidata,2,n/a
RU,Russia,False,All-Russian Electrotechnical Institute named after V.I.Lenin,http://vei.ru/index.php?lang=ru,712,I4210092233,,openalex,1,n/a
RU,Russia,False,Bryansk State Agrarian University,http://www.bgsha.com/,708,I4210106207,Q4097525,openalex;wikidata,2,n/a
RU,Russia,False,Sholem Aleichem Amur State University,http://pgusa.ru/ru/,706,I4210150127,,openalex,1,n/a
RU,Russia,False,Sakhalin State University,https://sakhgu.ru,699,I182714158,Q1094873,openalex;wikidata,2,n/a
RU,Russia,False,"Federal State Budget Educational Institution of Higher Education «Lesgaft National State University of Physical Education, Sport and Health, St. Petersburg»",http://lesgaft.spb.ru,669,I4210104850,,openalex,1,n/a
RU,Russia,False,Amur State University of Humanities and Pedagogy,http://www.amgpgu.ru/en/,657,I4210162345,,openalex,1,n/a
RU,Russia,False,"Belgorod University of Cooperation, Economics and Law",http://www.bukep.ru/2446,657,I4210157206,Q4081731,openalex;wikidata,2,n/a
RU,Russia,False,Ivanovo State Polytechnic University,http://www.ivgpu.com/,656,I4210158347,Q56173858,openalex;wikidata,2,n/a
RU,Russia,False,Bratsk State University,http://en.brstu.ru/,645,I4210144766,Q4095958,openalex;wikidata,2,n/a
RU,Russia,False,Omsk Academy of the Russian Interior Ministry,https://xn--80axf.xn--b1aew.xn--p1ai,644,I4210123487,,openalex,1,n/a
RU,Russia,False,Moscow State University of Economics Statistics and Informatics,http://www.mesi.ru,642,I4387154264,Q4304111,openalex;wikidata,2,n/a
RU,Russia,False,Ufa Research Institute of Occupational Health and Human Ecology,http://uniim.rospotrebnadzor.ru/,638,I4210093356,,openalex,1,n/a
RU,Russia,False,"Volga Region State Academy of Physical Culture, Sports and Tourism",https://www.sportacadem.ru/,630,I4210163059,,openalex,1,n/a
RU,Russia,False,Moscow Academy of the Investigative Committee of the Russian Federation,http://www.academy-skrf.ru/about_the_university/news/,626,I4210090825,,openalex,1,n/a
RU,Russia,False,Siberian State Technological University,http://www.sibstu.kts.ru/,620,I28396463,,openalex,1,n/a
RU,Russia,False,Admiral Nevelskoy Maritime State University,https://msun.ru,616,I158110174,,openalex,1,n/a
RU,Russia,False,"Kuban State University of Physical Education, Sport and Tourism",http://www.kgafk.ru,615,I4210088008,Q4243511,openalex;wikidata,2,n/a
RU,Russia,False,Moscow State University of Environmental Engineering,http://www.msuie.ru/,610,I4210121661,,openalex,1,n/a
RU,Russia,False,Khabarovsk State University of Economics and Law,http://www.ael.ru/,605,I4210096053,,openalex,1,n/a
RU,Russia,False,Khanty-Mansiysk State Medical Academy,https://hmgma.ru,605,I4210163762,,openalex,1,n/a
RU,Russia,False,East-Siberian Institute of the Ministry of Internal Affairs of the Russian Federation,http://esi.irk.ru,595,I4210149458,,openalex,1,n/a
RU,Russia,False,International University in Moscow,https://mi.university/,592,I278361347,Q4288589,openalex;wikidata,2,n/a
RU,Russia,False,Vladimir Law Institute,http://www.vui.fsin.su/,592,I4210140054,,openalex,1,n/a
RU,Russia,False,Military Academy of Communications named after Marshal of the Soviet Union SM Budennogo,http://vas.mil.ru/,580,I4210140161,,openalex,1,n/a
RU,Russia,False,South-Russian State Polytechnic University named after MI Platov,http://www.siurgtu.ru/,580,I4210145142,,openalex,1,n/a
RU,Russia,False,Armavir State Pedagogical Academy,http://www.agpu.net/,578,I4210109097,,openalex,1,n/a
RU,Russia,False,Russian Christian Humanitarian Academy,http://rhga.ru/,575,I4210142881,,openalex,1,n/a
RU,Russia,False,Sarov Institute of Physics and Technology,http://www.sarfti.ru,575,I4210156304,,openalex,1,n/a
RU,Russia,False,Kamchatka State University named after Vitus Bering,http://www.kamgu.ru,560,I4210129879,,openalex,1,n/a
RU,Russia,False,Gorsky State Agrarian University,http://gorskigau.com/,555,I4210113005,,openalex,1,n/a
RU,Russia,False,Naberezhnye Chelny State Pedagogical Institute,http://tatngpi.ru/,554,I4210088526,,openalex,1,n/a
RU,Russia,False,Belgorod Law Institute of the Russian Interior Ministry,https://belui.mvd.ru/,552,I4210119752,,openalex,1,n/a
RU,Russia,False,Buryat State Academy of Agriculture,http://bgsha.ru,546,I4210093819,,openalex,1,n/a
RU,Russia,False,Moscow State Art and Industry Academy named after SG Stroganov,http://mghpu.ru/,541,I4210102820,,openalex,1,n/a
RU,Russia,False,Kazan State Academy of Veterinary Medicine named after N.E. Bauman,https://kazanveterinary.ru/,535,I4210120255,,openalex,1,n/a
RU,Russia,False,Almetyevsk State Oil Institute,http://www.agni-rt.ru/lang_eng/,527,I4210098210,,openalex,1,n/a
RU,Russia,False,Chelyabinsk State Agroengineering Academy,http://www.csaa.ru/en/,527,I4210089881,Q4508686,openalex;wikidata,2,n/a
RU,Russia,False,Volga Region State University of Service,http://www.tolgas.ru/vrsus/university/,525,I4210134783,Q4366451,openalex;wikidata,2,n/a
RU,Russia,False,Saint Petersburg State University of Culture and Arts,http://www.spbgik.ru/,522,I4210117676,,openalex,1,n/a
RU,Russia,False,Ukhta State Technical University,https://www.ugtu.net/,519,I1291877375,Q4479221,openalex;wikidata,2,n/a
RU,Russia,False,Rybinsk State Aviation Technological Academy,http://www.rgata.ru/,509,I4210086133,,openalex,1,n/a
RU,Russia,False,Siberian State University of Water Transport,http://www.ssuwt.com/,507,I4210140622,Q4325439,openalex;wikidata,2,n/a
RU,Russia,False,Oriental University,http://www.orun.ru/english/,506,I4210100725,,openalex,1,n/a
RU,Russia,False,Siberian University of Consumer Cooperatives,http://www.sibupk.su/,504,I4210116245,,openalex,1,n/a
RU,Russia,False,Siberian Law University,https://siblu.ru/,502,I3131298314,Q7090782,openalex;wikidata,2,n/a
RU,Russia,False,Rostov Institute of Law of the Ministry of Internal Affairs of the Russian Federation,https://rui.mvd.ru/,498,I4210142928,,openalex,1,n/a
RU,Russia,False,Vologda State Milk Academy named after NV Vereshchagina,https://molochnoe.ru/en/,494,I4210092956,,openalex,1,n/a
RU,Russia,False,Altai State Humanities Pedagogical University,http://www2.bigpi.biysk.ru/wwwsite/news.php,479,I4210124104,,openalex,1,n/a
RU,Russia,False,Volgograd State University of Architecture and Civil Engineering,http://en.vgasu.ru/,475,I139219230,Q4122971,openalex;wikidata,2,n/a
RU,Russia,False,Yandex School of Data Analysis,https://yandexdataschool.ru/,475,I4210152328,,openalex,1,n/a
RU,Russia,False,Russian State Academy of Intellectual Property,https://www.rgiis.ru,472,I4210117705,,openalex,1,n/a
RU,Russia,False,Russian Academy of Entrepreneurship,http://www.rusacad.ru/,456,I4210120994,,openalex,1,n/a
RU,Russia,False,Kurgan State Agricultural Academy by T S Maltsev,http://www.ksaa.zaural.ru/,453,I4210091191,,openalex,1,n/a
RU,Russia,False,Kostroma State Agricultural Academy,https://kgsxa.ru/,452,I4210146437,,openalex,1,n/a
RU,Russia,False,Chelyabinsk State Institute of Culture,http://www.chgaki.ru/,446,I4210123317,,openalex,1,n/a
RU,Russia,False,Samara Law Institute of the Federal Penitentiary Service of Russia,https://sui.fsin.gov.ru/,443,I4210099295,,openalex,1,n/a
RU,Russia,False,Moscow Technological Institute,http://mti-edu.com/,438,I142770252,,openalex,1,n/a
RU,Russia,False,Gnessin Russian Academy of Music,https://gnesin-academy.ru,435,I4210132496,,openalex,1,n/a
RU,Russia,False,Karachaevo-Cherkessk State University,http://xn--c1an2ao.xn--p1ai/,434,I4210166188,,openalex,1,n/a
RU,Russia,False,Barnaul Law Institute of the Russian Interior Ministry,https://bui.mvd.ru/,432,I4210131371,,openalex,1,n/a
RU,Russia,False,Novokuznetsk State Institute of Advanced Medical Education,http://www.ngiuv.ru/,432,I4210118859,,openalex,1,n/a
RU,Russia,False,"Kryachkov Novosibirsk State University of Architecture, Design and Arts",https://nsuada.ru,430,I4210110584,Q4325440,openalex;wikidata,2,n/a
RU,Russia,False,Primorskaya State Academy of Agriculture,http://www.primacad.ru/,428,I4210141504,,openalex,1,n/a
RU,Russia,False,Glazov State Pedagogical Institute Named after VG Korolenko,http://ggpi.org/news.php,426,I4210125556,,openalex,1,n/a
RU,Russia,False,Oryol State University of Economics and Trade,https://orelgiet.ru/,425,I4210108686,,openalex,1,n/a
RU,Russia,False,St. Petersburg University of the Humanities and Social Sciences,http://www.gup.ru/,422,I4210095982,,openalex,1,n/a
RU,Russia,False,Krasnodar Higher Military School named after General of the Army S. Shtemenko,http://kvvu.mil.ru/,415,I4210162758,Q24932362,openalex;wikidata,2,n/a
RU,Russia,False,Federal State Budget Scientific Institution Institute of Applied Mathematics and Automation,http://www.niipma.ru/,410,I4210109631,,openalex,1,n/a
RU,Russia,False,Northeastern State University,http://www.svgu.ru,408,I4210091566,,openalex,1,n/a
RU,Russia,False,Ural Law Institute Russian Ministry of Internal Affairs,https://ural.mvd.ru/,402,I4210092823,,openalex,1,n/a
RU,Russia,False,Perm Military Institute,http://xn--b1aads0ai.xn--p1ai/,398,I4210095393,,openalex,1,n/a
RU,Russia,False,Shadrinsk State Pedagogical Institute,http://shgpi.edu.ru/en/,395,I4210141640,,openalex,1,n/a
RU,Russia,False,Samara State Institute of Culture,http://smrgaki.ru,390,I4210123092,,openalex,1,n/a
RU,Russia,False,Belgorod State University of Arts and Culture,http://en.bgiik.ru/,385,I4210111826,,openalex,1,n/a
RU,Russia,False,Kamchatka State Technical University,http://kamchatgtu.ru/,384,I4210112517,Q30257472,openalex;wikidata,2,n/a
RU,Russia,False,Moscow State Industrial University,http://www.msiu.ru,383,I4210152979,,openalex,1,n/a
RU,Russia,False,University of Management TISBI,https://www.tisbi.ru/,372,I4210111382,,openalex,1,n/a
RU,Russia,False,Kazan Law Institute,https://kui.mvd.ru/,369,I4210167388,Q111046861,openalex;wikidata,2,n/a
RU,Russia,False,Kemerovo State University of Culture and the Arts,http://www.kemguki.ru/,366,I4210138263,,openalex,1,n/a
RU,Russia,False,Moscow State Mining University,http://www.msmu.ru/,362,I86464236,Q1961160,openalex;wikidata,2,n/a
RU,Russia,False,Russian State Agrarian Correspondence University,http://www.rgazu.ru/,348,I4210161658,,openalex,1,n/a
RU,Russia,False,Taganrog Institute of Management and Economics,https://tmei.ru,345,I4210137733,,openalex,1,n/a
RU,Russia,False,Vaganova Ballet Academy,https://vaganovaacademy.ru/,341,I4210103573,,openalex,1,n/a
RU,Russia,False,Ural State Academy of Architecture and Arts,http://english.usaaa.ru/,339,I2800409097,Q2103656,openalex;wikidata,2,n/a
RU,Russia,False,Kemerovo State Agricultural Institute,http://www.ksai.ru/engl/,334,I4210159086,,openalex,1,n/a
RU,Russia,False,Siberian State University of Physical Education and Sport,http://www.sibsport.ru/,333,I4210098190,,openalex,1,n/a
RU,Russia,False,Institute of Marketing and Social Information Technology,http://imsit.ru/eng/index.html,328,I4210158392,,openalex,1,n/a
RU,Russia,False,Voronezh Institute of High Technologies,http://vivt.ru/,328,I4210150007,,openalex,1,n/a
RU,Russia,False,Moscow State Forest University,http://www.mgul.ac.ru/eng/,323,I163600702,,openalex,1,n/a
RU,Russia,False,Krasnodar State University of Culture and Arts,https://kgik1966.ru/,318,I4210098420,,openalex,1,n/a
RU,Russia,False,Voronezh Institute of the Federal Penitentiary Service of Russia,http://www.vifsinrf.ru/,309,I4210120311,,openalex,1,n/a
RU,Russia,False,Academy of Federal Security Guard Service of Russian Federation,http://academ.msk.rsnet.ru/,305,I4210135223,,openalex,1,n/a
RU,Russia,False,Far Eastern Law Institute of Ministry of Internal Affairs of Russia,https://dvui.mvd.ru/,305,I4210154183,,openalex,1,n/a
RU,Russia,False,Seversk Technological Institute,http://www.ssti.ru/,304,I4210098002,,openalex,1,n/a
RU,Russia,False,Ulyanovsk State Agricultural Academy named after PA Stolypin,http://ugsha.ru/,304,I4210162777,,openalex,1,n/a
RU,Russia,False,Moscow School of Social and Economic Sciences,http://www.msses.ru/en/,301,I4210101673,Q4303876,openalex;wikidata,2,n/a
RU,Russia,False,Saratov State Socio-Economic University,http://www.seun.ru,298,I4210157783,Q4408459,openalex;wikidata,2,n/a
RU,Russia,False,International Law Institute,http://lawacademy.ru/,287,I4210143382,,openalex,1,n/a
RU,Russia,False,Liberal Arts University,http://gu-ural.ru/?lng=en&gid=8,286,I4210153320,,openalex,1,n/a
RU,Russia,False,Skolkovo Moscow School of Management,http://school.skolkovo.ru/en/,285,I2800142400,,openalex,1,n/a
RU,Russia,False,Taganrog State Pedagogical Institute,http://www.tgpi.ru/,284,I4210165055,,openalex,1,n/a
RU,Russia,False,Central Research and Design Institute,https://cniimf.ru,283,I4210104160,,openalex,1,n/a
RU,Russia,False,Military Academy of Strategic Missile Forces named after Peter the Great,http://svirvmo.ru/,282,I4210127784,,openalex,1,n/a
RU,Russia,False,Kazan State University of Culture and Arts,http://kazgik.ru/,280,I3130279958,,openalex,1,n/a
RU,Russia,False,Naval Academy named after Admiral of the Fleet of the Soviet Union NG Kuznetsov,http://vma.mil.ru/,279,I4210151998,,openalex,1,n/a
RU,Russia,False,Academy of the Federal Security Service of the Russian Federation,http://www.academy.fsb.ru/,278,I4210148151,Q2387574,openalex;wikidata,2,n/a
RU,Russia,False,Saint Petersburg State Academic Institute of Painting Sculpture and Architecture named after I.E. Repin,http://www.artsacademy.ru/,277,I4210148891,,openalex,1,n/a
RU,Russia,False,Moscow State Open University,,274,I4210165392,,openalex,1,n/a
RU,Russia,False,Moscow Psycho-Social University,https://www.mpsu.ru,272,I4210166057,,openalex,1,n/a
RU,Russia,False,Kovrov State Technological Academy named after V A Degtyarev,http://www.dksta.ru/,266,I4210145442,,openalex,1,n/a
RU,Russia,False,Siberian Aeronautical Research Institute Named After S.A. Chaplygin,http://sibnia.com/,266,I4210122522,,openalex,1,n/a
RU,Russia,False,St. Petersburg Scientific Research Institute of Forestry,http://spb-niilh.ru/,264,I4210096470,,openalex,1,n/a
RU,Russia,False,Fedorovsky Polar State University,https://polaruniversity.ru,261,I4210093214,,openalex,1,n/a
RU,Russia,False,International Market Institute,http://www.imi-samara.ru/,258,I4210121860,,openalex,1,n/a
RU,Russia,False,Nizhny Tagil State Socio-Pedagogical Institute,https://www.ntspi.ru/,258,I4210163389,,openalex,1,n/a
RU,Russia,False,North-West State Technical University,http://www.nwpi.ru//,256,I4210153001,,openalex,1,n/a
RU,Russia,False,Perm State Institute of Arts and Culture,http://www.psiac.ru/en,254,I4210137249,,openalex,1,n/a
RU,Russia,False,Smolensk State Agricultural Academy,https://www.sgsha.ru,253,I4210088915,,openalex,1,n/a
RU,Russia,False,Institute of World Civilizations,http://www.imc-i.ru/,242,I4210138653,Q30257684,openalex;wikidata,2,n/a
RU,Russia,False,Sretensky Theological Academy,https://www.sdamp.ru,238,I4405262682,,openalex,1,n/a
RU,Russia,False,Ulyanovsk Higher Civil Aviation School,http://www.uvauga.ru/,238,I4210144386,,openalex,1,n/a
RU,Russia,False,Gzhel State University,http://www.en.art-gzhel.ru/,237,I4210160390,,openalex,1,n/a
RU,Russia,False,Tver State Agricultural Academy,http://tvgsha.ru/,234,I4210123261,,openalex,1,n/a
RU,Russia,False,Orel State Institute of Arts and Culture,http://ogiik.orel.ru/en.html,231,I4210141922,,openalex,1,n/a
RU,Russia,False,Saint Petersburg Institute of Law named after Prince P. Oldenburg,http://spblawschool.ru/,229,I4210138922,,openalex,1,n/a
RU,Russia,False,Humanitarian Institute,https://гуманитарный-институт.рф,228,I4210124969,,openalex,1,n/a
RU,Russia,False,International Innovative University,https://www.miu-sochi.ru/,224,I4210132490,,openalex,1,n/a
RU,Russia,False,Karachay-Cherkess State Pedagogical University,https://kchgu.ru/,223,I4210144569,,openalex,1,n/a
RU,Russia,False,Sholokhov Moscow State University for Humanities,http://www.mggu-sh.ru/,223,I317157023,Q4304073,openalex;wikidata,2,n/a
RU,Russia,False,Ural State University of Physical Culture,http://www.uralgufk.ru,223,I4210121534,Q4476757,openalex;wikidata,2,n/a
RU,Russia,False,Federal Institute for Education Development,http://www.firo.ru/,221,I4210127455,,openalex,1,n/a
RU,Russia,False,V.V. Lukianov Orel Law Institute of the Ministry of Internal Affairs,https://xn--h1alg0d.xn--b1aew.xn--p1ai/,221,I4210162749,,openalex,1,n/a
RU,Russia,False,Russian Institute of Theatre Arts,https://gitis.net/,219,I4210095476,Q2177054,openalex;wikidata,2,n/a
RU,Russia,False,Baltic State Academy of the Fishing Fleet,http://www.bgarf.ru/,217,I4210145288,,openalex,1,n/a
RU,Russia,False,Bashkir Academy of Public Administration and Management under the Head of the Republic of Bashkortostan,http://www.bagsurb.ru/,214,I4210102153,,openalex,1,n/a
RU,Russia,False,State Agricultural Academy of Velikie Luki,http://www.vgsa.ru/,214,I4210162167,,openalex,1,n/a
RU,Russia,False,Ivanovo State Agricultural Academy named after D.K. Belyaev,http://www.ivgsha.ru/,212,I4210135222,,openalex,1,n/a
RU,Russia,False,Moscow State Institute of Music named after A.G. Schnittke,http://www.schnittke-mgim.ru/,206,I4210119919,,openalex,1,n/a
RU,Russia,False,Moscow State University of Printing Arts,http://mgup.ru/,203,I166382143,,openalex,1,n/a
RU,Russia,False,Saint Petersburg State Institute of Psychology and Social Work,http://www.psysocwork.ru/,197,I2800286755,,openalex,1,n/a
RU,Russia,False,Institute of International Law and Economics named after AS Griboedova,http://www.iile.ru/,194,I4210151641,,openalex,1,n/a
RU,Russia,False,Siberian Research Institute of Agriculture and Peat,http://www.sibniit.tomsknet.ru/,192,I4210115448,,openalex,1,n/a
RU,Russia,False,East Siberian Academy of Culture and Arts,http://www.vsgaki.ru,191,I4210134179,,openalex,1,n/a
RU,Russia,False,Vyatka State University of Humanities,http://vggu.ru/,190,I4210088559,,openalex,1,n/a
RU,Russia,False,Yaroslavl State Agricultural Academy,http://www.yaragrovuz.ru/,184,I4210159063,,openalex,1,n/a
RU,Russia,False,Ural Institute for the Humanities,http://urgi.ural.ru/,183,I4210161113,Q4476758,openalex;wikidata,2,n/a
RU,Russia,False,Volgograd State Academy of Physical Culture,http://www.vgafk.ru/,183,I4210099356,,openalex,1,n/a
RU,Russia,False,Moscow State Academy of Physical Education,https://mgafk.ru,177,I4210142614,,openalex,1,n/a
RU,Russia,False,Velikie Luki State Academy of Physical Culture and Sports,http://www.vlgafc.ru/,177,I4210114027,,openalex,1,n/a
RU,Russia,False,International Banking Institute,http://www.ibispb.ru/en/,172,I4210147343,,openalex,1,n/a
RU,Russia,False,Higher Institute of Management,http://www.viu.ru/,169,I4210088638,,openalex,1,n/a
RU,Russia,False,Rostov State University of Civil Engineering,http://rgsu.ru/,164,I4210156737,Q4398494,openalex;wikidata,2,n/a
RU,Russia,False,Bryansk State Engineering and Technological Academy,http://www.bgitu.ru,158,I4210163217,,openalex,1,n/a
RU,Russia,False,Moscow State Regional Socio-Humanitarian Institute,http://www.kolomna-kgpi.ru/,158,I4210127847,,openalex,1,n/a
RU,Russia,False,"The Ilya Glazunov Russian Academy of Painting, Sculpture and Architecture",http://www.glazunov-academy.ru/,157,I4210107928,,openalex,1,n/a
RU,Russia,False,Penza State Pedagogical University,https://ppi.pnzgu.ru/,154,I4210139983,,openalex,1,n/a
RU,Russia,False,Balakovo Engineering and Technology Institute,http://www.biti.org.ru/,146,I4210151397,,openalex,1,n/a
RU,Russia,False,Zhukovsky Air Force Engineering Academy,http://www.vvia.org/,146,I193710463,,openalex,1,n/a
RU,Russia,False,Russian International Academy of Tourism,http://www.rmat.ru/enmain,145,I4210093703,,openalex,1,n/a
RU,Russia,False,Siberian Institute of Business and Information Technologies,http://www.sibit.sano.ru/,141,I4210166675,,openalex,1,n/a
RU,Russia,False,Ryazan Higher Airborne Command School named after. V. F. Margelov,http://www.rvvdku-vi.ru/,139,I4210115597,,openalex,1,n/a
RU,Russia,False,Institute of Foreign Languages,http://www.ifl.ru/,138,I4210091867,,openalex,1,n/a
RU,Russia,False,"International Academy of Ecology, Human and Nature Safety",http://www.maneb.ru/,137,I4210124183,,openalex,1,n/a
RU,Russia,False,Moscow Center For Continuous Mathematical Education,http://www.mccme.ru/index-e1.html,136,I4210092319,,openalex,1,n/a
RU,Russia,False,Military Academy of Air-Space Defense named after Marshal of the Soviet Union GK Zhukov,http://vavkotver.ru/,134,I4210144457,,openalex,1,n/a
RU,Russia,False,Moscow International Higher Business School,https://mirbis.ru/,134,I4210090851,,openalex,1,n/a
RU,Russia,False,Nayanova University,http://nayanova.edu/,133,I2802238791,,openalex,1,n/a
RU,Russia,False,Modern University for the Humanities,https://muh.ru/,132,I547714025,,openalex,1,n/a
RU,Russia,False,Dmitri Hvorostovsky Siberian State Institute of Arts,http://kgii.ru/,131,I4210165049,,openalex,1,n/a
RU,Russia,False,Universal University,https://u.university/en/,131,I4210086094,,openalex,1,n/a
RU,Russia,False,Churapcha State Institute of Physical Education and Sports,http://www.chgifkis.ru,130,I4210156253,,openalex,1,n/a
RU,Russia,False,Ekaterinburg Academy of Contemporary Art,http://xn--80ajk9a.xn--80acgfbsl1azdqr.xn--p1ai/,129,I4210126116,,openalex,1,n/a
RU,Russia,False,Magnitogorsk State University,http://www.masu.ru/,129,I1343288735,,openalex,1,n/a
RU,Russia,False,Tatar State University of Humanities and Education,http://tggpu.ru/,128,I3851390,Q489753,openalex;wikidata,2,n/a
RU,Russia,False,Voronezh State Institute of Physical Culture,http://www.vgifk.ru/,128,I4210120370,,openalex,1,n/a
RU,Russia,False,Khabarovsk State Institute of Arts and Culture,http://www.hgiik.ru/,127,I4210088561,,openalex,1,n/a
RU,Russia,False,Syktyvkar Forest Institute,https://www.sli.komi.com,127,I4210126691,,openalex,1,n/a
RU,Russia,False,Novorossiysk Polytechnic Institute,https://www.npi.edu.ru,123,I4405253423,,openalex,1,n/a
RU,Russia,False,SverdNIIhimmash,http://sverd.ru/en/,122,I4210160213,,openalex,1,n/a
RU,Russia,False,Ufa State University of Economics and Service,http://eng.ugues.ru/,119,I4210154924,,openalex,1,n/a
RU,Russia,False,Moscow Humanitarian Economic Institute,http://mgei.ru/,117,I4210143803,,openalex,1,n/a
RU,Russia,False,Saint-Petersburg Humanitarian University of Trade Unions,,116,I4210167433,,openalex,1,n/a
RU,Russia,False,Federal Service for Technical and Export Control,https://fstec.ru/en/,115,I4210152988,,openalex,1,n/a
RU,Russia,False,Military Institute,http://ivaii.irk.ru/,115,I4210086734,,openalex,1,n/a
RU,Russia,False,Tomsk Institute of Economics and Law,http://teui.ru/,114,I4210153995,,openalex,1,n/a
RU,Russia,False,Arkhangelsk State Technical University,https://narfu.ru/agtu/www.agtu.ru,113,I56959051,,openalex,1,n/a
RU,Russia,False,Nizhny Novgorod Institute of Management and Business,http://www.nimbnn.ru/en,113,I4210128019,,openalex,1,n/a
RU,Russia,False,Russian Islamic University,http://www.kazanriu.ru/,109,I4210115606,Q4398087,openalex;wikidata,2,n/a
RU,Russia,False,Russian Research Institute for Integrated Water Management and Protection,http://www.uran.ru/structure/institutions/water/main_eng.htm,109,I4210106425,,openalex,1,n/a
RU,Russia,False,International Academy of Business and New Technologies,https://www.mubint.ru/,103,I4210120987,,openalex,1,n/a
RU,Russia,False,Bolgar Islamic Academy,https://bolgar.academy,102,I4405270840,,openalex,1,n/a
RU,Russia,False,Institute of Economics and Law,http://www.vepi.ru,102,I4210111174,,openalex,1,n/a
RU,Russia,False,Institute of Psychology and Pedagogy,http://www.ppsy.ru,101,I4210119289,,openalex,1,n/a
RU,Russia,False,Ufa State Institute of Arts,http://ufaart.ru/,101,I4210121754,,openalex,1,n/a
RU,Russia,False,Krasnoyarsk State Institute of Art,http://kgii.ru/,100,I4210108752,,openalex,1,n/a
RU,Russia,False,Mikhailovsky Military Artillery Academy,http://mvaa.mil.ru/,100,I4210153605,,openalex,1,n/a
RU,Russia,False,Moscow State Academy of Water Transport,https://msawt.ru/,99,I4210108694,,openalex,1,n/a
RU,Russia,False,North Caucasian State Humanitarian Technological Academy,http://ncshta.mozello.ru/,97,I4210114209,,openalex,1,n/a
RU,Russia,False,University of the Russian Academy of Education,http://www.urao.edu/,95,I4210128059,,openalex,1,n/a
RU,Russia,False,North Caucasian Social Institute,http://www.sksi.ru/en/main/,93,I4210166447,,openalex,1,n/a
RU,Russia,False,Stockholm School of Economics in Russia,http://www.sserussia.org/,89,I2801721659,,openalex,1,n/a
RU,Russia,False,Siberian Law Institute of Russian Federal Drug Control Service,http://www.sibli.ru/,87,I4210124426,,openalex,1,n/a
RU,Russia,False,Institute of Economics and Management,http://www.ineu.ru/,86,I4210119097,,openalex,1,n/a
RU,Russia,False,Institute of Technology and Business,http://www.itib.ru/,86,I4210106055,,openalex,1,n/a
RU,Russia,False,Tambov State Music and Pedagogical Institute named after S.V. Rachmaninov,https://rachmaninov.ru/,86,I4210116241,,openalex,1,n/a
RU,Russia,False,Kuzbass State Pedagogical Academy,http://www.kuzgpa.ru,85,I4210099809,,openalex,1,n/a
RU,Russia,False,Pskov State Pedagogical Institute,http://www.psksu.ru/,85,I4210152767,,openalex,1,n/a
RU,Russia,False,International Institute of Management LINK,http://www.ou-link.ru/,83,I4210117299,,openalex,1,n/a
RU,Russia,False,Russian Orthodox Institute Sacred Ioann Bogolslov,http://rpu-rf.ru/,83,I4210121069,,openalex,1,n/a
RU,Russia,False,Tobolsk Pedagogical Institute named after D. I. Mendeleev,https://www.tobolsk.utmn.ru/,81,I4210158779,,openalex,1,n/a
RU,Russia,False,State Classical Academy named after Maimonides,http://gka.nichost.ru/,79,I4210119167,,openalex,1,n/a
RU,Russia,False,Karelian State Pedagogical Academy,http://kspu-archive.petrsu.ru/,78,I4210137438,,openalex,1,n/a
RU,Russia,False,Volgograd Municipal Institute of Arts,http://www.serebryakovka.ru/,77,I4210099152,,openalex,1,n/a
RU,Russia,False,"Military Academy of Radiation, Chemical and Biological Protection",http://varhbz.mil.ru/,76,I4210105088,,openalex,1,n/a
RU,Russia,False,Astrakhan Institute of Civil Engineering,http://en.aucu.ru/,74,I4210150632,,openalex,1,n/a
RU,Russia,False,Far Eastern State Institute of Arts,http://dv-art.ru/eng/,74,I4210091130,,openalex,1,n/a
RU,Russia,False,Institute of Contemporary Art,http://isi-vuz.ru/,73,I4210160508,,openalex,1,n/a
RU,Russia,False,Institute of Economics and Culture,http://www.ieac.ru/,73,I4210112456,,openalex,1,n/a
RU,Russia,False,East European Institute of Psychoanalysis,http://eeip.ru/,71,I4210166529,,openalex,1,n/a
RU,Russia,False,Institute of International Relations,http://www.ims-ural.ru/,71,I4210149860,Q4201594,openalex;wikidata,2,n/a
RU,Russia,False,Omsk State Institute of Service,http://www.omgis.ru/,71,I4210099241,,openalex,1,n/a
RU,Russia,False,Vladimir State University for the Humanities,http://pi.vlsu.ru,71,I4210098202,,openalex,1,n/a
RU,Russia,False,International Institute of Management Arkhangelsk,http://www.miuarh.ru/eng/,68,I4210165310,,openalex,1,n/a
RU,Russia,False,Armavir Institute of Mechanics and Technology,https://www.amti.ru,67,I4405253495,,openalex,1,n/a
RU,Russia,False,National Institute of Business,http://www.nibmoscow.ru/,66,I4210158355,,openalex,1,n/a
RU,Russia,False,Wallenberg Institute of Special Education and Psychology,http://en.wallenberg.ru/,66,I4210104724,,openalex,1,n/a
RU,Russia,False,Siberian State Order of the Red Banner of Labor Research Institute of Metrology,http://www.sniim.ru/,63,I4210133659,,openalex,1,n/a
RU,Russia,False,Siberian Academy of Finance and Banking,http://safbd.ru/,62,I4210151876,,openalex,1,n/a
RU,Russia,False,South Ural State Institute of Arts named after P.I. Tchaikovsky,http://www.uyrgii.ru/,62,I4210110244,,openalex,1,n/a
RU,Russia,False,Eastern Economics and Law Humanities,https://www.vegu.ru/,61,I4210100548,,openalex,1,n/a
RU,Russia,False,Ekaterinburg State Theatre Institute,http://www.egti.ru/,61,I4210110433,,openalex,1,n/a
RU,Russia,False,Institute of State Administration,http://iga.ru/,61,I4210137291,,openalex,1,n/a
RU,Russia,False,Moscow Clinical Science and Research Center 52,https://www.52gkb.ru,61,I4405262333,,openalex,1,n/a
RU,Russia,False,"Smolensk State Academy of Physical Culture, Sport and Tourism",http://sgafkst.ru,61,I4210131442,,openalex,1,n/a
RU,Russia,False,State Musical Pedagogical Institute named M.M.Ippolitova-Ivanov,http://www.ippolitovka.ru/,61,I4210164850,,openalex,1,n/a
RU,Russia,False,Tchaikovsky State Institute of Physical Culture,http://www.chifk.ru/,61,I4210162621,,openalex,1,n/a
RU,Russia,False,Essentuki Institute of Management Business and Law,http://eiubp.ru/,60,I4210165291,,openalex,1,n/a
RU,Russia,False,Moscow Institute of State Management and Law,http://academprava.ru/,60,I4210110180,,openalex,1,n/a
RU,Russia,False,Institute of Transport Engineering,http://www.vniitransmash.ru/,59,I4210114555,,openalex,1,n/a
RU,Russia,False,Regional Open Social Institute,http://rosi-edu.ru/,59,I4210156715,,openalex,1,n/a
RU,Russia,False,Samara Academy of State and Municipal Management,http://www.sagmu.ru/,59,I4210102266,,openalex,1,n/a
RU,Russia,False,Samara Humanitarian Academy,http://www.samgum.ru/,59,I4210118690,,openalex,1,n/a
RU,Russia,False,"Saint Petersburg Institute of International Economic Relations, Economics and Law",http://www.ivesep.spb.ru/,57,I2802200279,,openalex,1,n/a
RU,Russia,False,MNEPU Academy,http://www.mnepu.ru/,56,I4210124793,,openalex,1,n/a
RU,Russia,False,Academy of Social and Economic Development,http://amp1996.ru/,53,I4210151712,,openalex,1,n/a
RU,Russia,False,Tula University,https://tiei.ru/english-version/,52,I4210105813,,openalex,1,n/a
RU,Russia,False,Orlov State University,http://new.univ-orel.ru/,51,I4210127644,,openalex,1,n/a
RU,Russia,False,Far Eastern Scientific Research Institute of Mechanization and Electrification of Agriculture,http://xn--80ahnanie9ayb2dp.xn--p1ai/,50,I4210090900,,openalex,1,n/a
RU,Russia,False,International Slavic Institute,http://slavinst.ru/,50,I4210162476,,openalex,1,n/a
RU,Russia,False,Russian Academy of Advocacy and Notaries,http://raa.ru/,50,I4210154348,,openalex,1,n/a
RU,Russia,False,Vladikavkaz Institute of Management,http://www.viu-online.ru/,49,I4210100799,,openalex,1,n/a
RU,Russia,False,International Institute of Computer Technologies,http://www.iict.ru/en/,48,I4210120411,,openalex,1,n/a
RU,Russia,False,International Institute of Economics and Law,http://miepvuz.ru/english/,47,I4210152271,,openalex,1,n/a
RU,Russia,False,Altai Economics and Law Institute,http://aeli22.ru,46,I4210125411,,openalex,1,n/a
RU,Russia,False,Institute of Biotechnology and Veterinary Medicine,https://ibvm.ru/,46,I4210125480,,openalex,1,n/a
RU,Russia,False,National Institute of Myopia,https://www.rnmi.info,46,I4405265906,,openalex,1,n/a
RU,Russia,False,Volzhsky University after V.N. Tatischev,http://vuit.ru,46,I4210148524,,openalex,1,n/a
RU,Russia,False,Moscow State Regional Institute of Humanities,http://eng.mgogi.ru/,45,I4210158397,,openalex,1,n/a
RU,Russia,False,Moscow State Academy of Choreography,http://balletacademy.ru/,44,I3132039132,,openalex,1,n/a
RU,Russia,False,Russian School of Private Law,https://privlaw-ural.ru/,43,I3132303905,,openalex,1,n/a
RU,Russia,False,International Academy of Business and Management,https://mabiu.ru/,41,I4210144423,,openalex,1,n/a
RU,Russia,False,Lipeck Ecology-Humanitarian Institute,http://www.legi.lipetsk.ru/faq.htm,41,I4210090530,,openalex,1,n/a
RU,Russia,False,Smolensk University for Humanities,http://www.shu.ru/,41,I4210120976,,openalex,1,n/a
RU,Russia,False,"Kursk Institute of Management, Economics and Busines",http://mebik.ru/en/,39,I4210157250,,openalex,1,n/a
RU,Russia,False,Tyumen Law Institute of the Russian Interior Ministry,https://tipk.mvd.ru/,38,I4210142171,,openalex,1,n/a
RU,Russia,False,Saint Petersburg State Theatre Arts Academy,http://www.tart.spb.ru,37,I4210106536,,openalex,1,n/a
RU,Russia,False,University of Pereslavl,http://site.u.pereslavl.ru/,37,I3131595280,,openalex,1,n/a
RU,Russia,False,Novosibirsk Humanitarian Institute,http://ngi-nsk.ru/,35,I4210092764,,openalex,1,n/a
RU,Russia,False,Kaliningrad Law Institute Ministry of Internal Affairs of the Russian Federation,https://klif.univer.mvd.ru/,34,I4210091545,,openalex,1,n/a
RU,Russia,False,Komi State Pedagogical Institute,http://www.syktsu.ru/edu/if/pi/index.php,34,I4210101877,Q110940012,openalex;wikidata,2,n/a
RU,Russia,False,New Siberian Institute,http://www.nsu.gcom.ru/,34,I4210114952,,openalex,1,n/a
RU,Russia,False,Institute Giprostroymost,http://eng.gpsm.ru/,33,I4210104114,,openalex,1,n/a
RU,Russia,False,Zabaikalsky State Humanitarian and Pedagogical University,http://www.zabspu.ru/,33,I4210142911,,openalex,1,n/a
RU,Russia,False,"Institute of Contemporary Education ""YurInfoR-MGU""",,32,I4210153071,,openalex,1,n/a
RU,Russia,False,Krasnoyarsk State Trade and Economic Institute,http://tei.sfu-kras.ru/,32,I4210140132,,openalex,1,n/a
RU,Russia,False,Siberian Institute of Business Management and Psychology,http://www.sibup.ru/,32,I4210100422,,openalex,1,n/a
RU,Russia,False,Smolensk State Institute of Fine Arts,http://www.sgii-smol.ru/,31,I4210122434,,openalex,1,n/a
RU,Russia,False,Research Institute of National Schools of the Republic of Sakha,http://insch.ru/,30,I4210132695,,openalex,1,n/a
RU,Russia,False,Shuya State Pedagogical University,http://sspu.ru,30,I4210092474,,openalex,1,n/a
RU,Russia,False,"Siberian Academy of Law, Economics and Management",https://sibacademia.ru/,30,I4210164707,,openalex,1,n/a
RU,Russia,False,Krasnoyarsk State Academy of Music and Theatre,http://www.kgamit.narod.ru,29,I4210158982,,openalex,1,n/a
RU,Russia,False,Moscow Art Theatre School,,28,I4210150217,,openalex,1,n/a
RU,Russia,False,Kamsky Institute of Humanitarian and Engineering Technologies,http://www.kigit.ru/,27,I4210120429,,openalex,1,n/a
RU,Russia,False,Smolny University,http://smun.spb.ru/,27,I4210129922,,openalex,1,n/a
RU,Russia,False,Institute of World Economy and Information,http://www.nouimei.ru/,26,I4210155968,,openalex,1,n/a
RU,Russia,False,North-Caucasian State Institute of Arts,http://www.skgii.ru/,26,I4210141234,,openalex,1,n/a
RU,Russia,False,Moscow Academy of Economics and Law,http://mael.ru/,25,I4210124848,,openalex,1,n/a
RU,Russia,False,Togliatti Academy of Management,http://www.taom.info/,25,I4210163570,,openalex,1,n/a
RU,Russia,False,"Tyumen State Academy of World Economics, Management and Law",http://tiiel.ru/,25,I4210093993,,openalex,1,n/a
RU,Russia,False,Institute for Educational Development and Training,http://iroipk.ykt.ru/,24,I4210118672,,openalex,1,n/a
RU,Russia,False,Institute of Business and Law,http://www.ibpm.su/,24,I4210141642,,openalex,1,n/a
RU,Russia,False,Institute of Social and Humanities,http://www.isgz.ru/,24,I4210158699,,openalex,1,n/a
RU,Russia,False,Kuzbass Institute of Economics and Law,http://www.kiel.ru/,24,I4210100495,,openalex,1,n/a
RU,Russia,False,Moscow Regional Socio-Economic Institute,http://www.mrsei.ru/,24,I4210132228,,openalex,1,n/a
RU,Russia,False,St. Petersburg Christian University,,24,I4210157847,,openalex,1,n/a
RU,Russia,False,Voronezh Institute of Economics and Social Management,http://www.viesm.vrn.ru/,24,I4210094128,,openalex,1,n/a
RU,Russia,False,Academy of Social Education,http://www.aso-ksui.ru/,23,I4210138051,,openalex,1,n/a
RU,Russia,False,Moscow Institute of Economics Politics and Law,http://www.miepl.ru/,23,I4210123150,,openalex,1,n/a
RU,Russia,False,Solikamsk State Pedagogical Institute,http://www.solgpi.ru/,23,I4210121910,,openalex,1,n/a
RU,Russia,False,"Institute of Management, Marketing and Finance",http://www.immf.ru,22,I4210140641,,openalex,1,n/a
RU,Russia,False,Institute of Practical Oriental Studies,http://www.ipos-msk.ru/eng/,22,I4210100178,,openalex,1,n/a
RU,Russia,False,"Ural Institute of Economics, Management and Law",http://www.urep.ru/,22,I4210087799,Q4476765,openalex;wikidata,2,n/a
RU,Russia,False,Krasnodar Municipal Medical Institute of Higher Nursing Education,http://www.kmmivso.com/,21,I4210149239,,openalex,1,n/a
RU,Russia,False,Moscow Financial and Economic Institute,http://mfei.ru/,21,I4210155178,,openalex,1,n/a
RU,Russia,False,Murmansk Academy of Economics and Management,http://www.maem.ru/,21,I4210128432,,openalex,1,n/a
RU,Russia,False,Moscow University Touro,https://touro.ru/,20,I4210124038,,openalex,1,n/a
RU,Russia,False,Saint-Petersburg Institute of Economy and Management,http://www.spbiem.ru/,20,I4210105490,,openalex,1,n/a
RU,Russia,False,Siberian Scientific Research Institute of Oil Industry,http://www.sibniinp.ru/,20,I4210146366,,openalex,1,n/a
RU,Russia,False,Tambov Military Aviation Engineering Institute,http://www.tmaec.ru/,20,I4210164704,,openalex,1,n/a
RU,Russia,False,Siberian Independent Institute,http://www.isuni.ru/,19,I4210128424,,openalex,1,n/a
RU,Russia,False,West Ural Institute of Economics and Law,http://web.wuiel.ru/,19,I4210113672,,openalex,1,n/a
RU,Russia,False,Sergiyev Posad Humanitarian Institute,http://www.sphi.ru/,17,I4210149218,,openalex,1,n/a
RU,Russia,False,Vjatka Social Economics Institute,http://www.vsei.ru/,17,I4210130420,,openalex,1,n/a
RU,Russia,False,High School of Music of Sakha,,16,I4210166647,,openalex,1,n/a
RU,Russia,False,Yaroslavl State Theatre Institute,http://www.theatrins-yar.ru/,16,I4210127708,,openalex,1,n/a
RU,Russia,False,Institute of Commerce and Law,http://www.nouikip.ru/,15,I4210113353,,openalex,1,n/a
RU,Russia,False,Institute of Friendship of the People of Caucasus,http://www.idnk.ru/,14,I4210127490,,openalex,1,n/a
RU,Russia,False,Kamsky Institute,http://kam-institut.ru/,14,I4210150925,,openalex,1,n/a
RU,Russia,False,One Hundred Seventy-Ninth School,,14,I4405253077,,openalex,1,n/a
RU,Russia,False,Armavir Linguistic Social Institution,http://alsivuz.ru/,13,I4210109930,,openalex,1,n/a
RU,Russia,False,Institute of Professional Innovations,http://www.inprofin.ru/,13,I4210141449,,openalex,1,n/a
RU,Russia,False,Moscow Humanitarian-Technical Academy,http://www.mgta.ru/,13,I4210157655,,openalex,1,n/a
RU,Russia,False,Northwest Open Technical University,http://nwotu.ru/,13,I4210143522,,openalex,1,n/a
RU,Russia,False,Academy of Economic Security,https://www.ucheba.ru/,12,I4210159754,,openalex,1,n/a
RU,Russia,False,East Siberian University of Economics and Law,http://vsiep.ru/,12,I4210101574,,openalex,1,n/a
RU,Russia,False,Institute of International Trade and Law,http://www.imtp.ru/,12,I4210143870,,openalex,1,n/a
RU,Russia,False,Institute of Management and Business,http://i-m-b.ru/,12,I4210100620,,openalex,1,n/a
RU,Russia,False,Nevsky Institute of Language and Culture,http://www.niyak.spb.ru/,12,I2802891524,,openalex,1,n/a
RU,Russia,False,Vladimir Institute of Business,http://www.vib33.ru/,12,I4210158812,,openalex,1,n/a
RU,Russia,False,Zaoksky Adventist University,https://zda.zau.ru/,12,I4210112199,Q1987532,openalex;wikidata,2,n/a
RU,Russia,False,Moscow Humanitarian Institute of E. Dashkova,http://www.dashkova.ru/,11,I4210133573,,openalex,1,n/a
RU,Russia,False,Nizhny Novgorod Commercial Institute,http://www.nnki.ru/,11,I4210092938,,openalex,1,n/a
RU,Russia,False,St. Petersburg School of Religion and Philosophy,http://srph.ru/,11,I4210165829,,openalex,1,n/a
RU,Russia,False,Economic and Law Institute in Moscow,http://www.mepi77.com/,10,I4210121568,,openalex,1,n/a
RU,Russia,False,Institute of Practical Psychology and Psychoanalysis,http://psychol.ru/drupal/index.php?q=,10,I4210159458,,openalex,1,n/a
RU,Russia,False,Institute of Professional Evaluation,http://learnof.me/,10,I4210110815,,openalex,1,n/a
RU,Russia,False,Institute for the Humanities and Information Technologies,http://www.igumo.ru/en/,9,I4210089081,,openalex,1,n/a
RU,Russia,False,"Institute of Business, Psychology and Management",http://ibpu.ru/,9,I4210161361,,openalex,1,n/a
RU,Russia,False,Institute Unic,http://unic.edu.ru/,9,I4210160705,,openalex,1,n/a
RU,Russia,False,International Institute of Hotel Management and Tourism,http://www.migmt.ru/,9,I4210127186,,openalex,1,n/a
RU,Russia,False,Moscow Institute of Energy and Energy Saving,http://mieen.ru/,9,I4210155902,,openalex,1,n/a
RU,Russia,False,Capital Academy of Finance and Humanities,http://sfga.ru/,8,I4210161742,,openalex,1,n/a
RU,Russia,False,International Management Institute Saint Petersburg,http://www.imisp.ru/,8,I4210138911,,openalex,1,n/a
RU,Russia,False,Moscow Banking Institute,http://www.mbinst.ru/,8,I4210101528,,openalex,1,n/a
RU,Russia,False,Moscow Institute of Entrepreneurship and Law,http://www.mipp.ru/,8,I4210105315,,openalex,1,n/a
RU,Russia,False,Moscow Institute of Foreign Languages,http://www.gaudeamus.ru/eng/main.htm,8,I4210113161,,openalex,1,n/a
RU,Russia,False,Moscow Open Social University,,8,I4210166161,,openalex,1,n/a
RU,Russia,False,Shakhty Scientific Research and Design Coal Institute,http://shakhtniui.ru/,8,I4210152441,,openalex,1,n/a
RU,Russia,False,St. Petersburg Institute of Jewish Studies,http://www.pijs.ru/,8,I2895403630,,openalex,1,n/a
RU,Russia,False,Baltic Institute of Economics and Finance,http://www.bief.ru/,7,I4210105342,,openalex,1,n/a
RU,Russia,False,Don Law Institute,http://www.dui.ru,7,I4210101946,,openalex,1,n/a
RU,Russia,False,Institute for Languages ​​and Cultures Leo Tolstoy,http://leotolstoyinstitute.ru/,7,I4210108028,,openalex,1,n/a
RU,Russia,False,Saint - Petersburg Institute of Management and Law,http://www.spigl.ru/,7,I4210116343,,openalex,1,n/a
RU,Russia,False,Yamal Multidisciplinary College,http://ymk-salehard.ru/,7,I4210112908,,openalex,1,n/a
RU,Russia,False,Academy of Innovation Management,http://www.akami.ru,6,I4210157455,,openalex,1,n/a
RU,Russia,False,Institute of Modern Technologies and Economy,http://kuban-istek.ru/site_ap/,6,I4210114923,,openalex,1,n/a
RU,Russia,False,International Academy of Agrarian Education,https://maaorus.ru/,6,I4210134080,,openalex,1,n/a
RU,Russia,False,Kislovodsk Humanitarian and Technical Institute,http://kgti.ru/,6,I4210142980,,openalex,1,n/a
RU,Russia,False,Moscow Financial Legal Institution,https://www.mfpi-vyz.ru/,6,I4210094976,,openalex,1,n/a
RU,Russia,False,Moscow Regional Institute of Management and Law,http://www.moiup.ru/,6,I4210086632,,openalex,1,n/a
RU,Russia,False,Ryazan Institute of Management and Law,http://www.riuprzn.lact.ru/,6,I4210114367,,openalex,1,n/a
RU,Russia,False,Tver Institute of Ecology and Law,http://xn--h1aoh9b.xn--p1ai/,6,I4210156355,,openalex,1,n/a
RU,Russia,False,Ural State Academy of Veterinary Medicine,http://www.usavm.ac.ru,6,I4210151343,,openalex,1,n/a
RU,Russia,False,"Volgograd Institute of Economics, Sociology and Law",http://www.viesp.ru/,6,I4210138465,,openalex,1,n/a
RU,Russia,False,"Baltic Institute of Ecology, Politics and Law",http://buepl.ru/component/content/article/103-en/262-first.html,5,I4210155989,,openalex,1,n/a
RU,Russia,False,Dagestan State Agricultural Academy,http://frendid.com/,5,I4210092275,Q4153922,openalex;wikidata,2,n/a
RU,Russia,False,Far-Eastern Academy of Public Service,http://www.dvags.ru/,5,I4210094539,,openalex,1,n/a
RU,Russia,False,Institute of Natural Sciences and Ecology,http://www.inse.ru/,5,I4210098703,,openalex,1,n/a
RU,Russia,False,International Academy of Marketing and Management,http://www.mamarmen.com,5,I4210164463,,openalex,1,n/a
RU,Russia,False,North Enterprise Institute,http://www.nousip.ru/,5,I4210108465,,openalex,1,n/a
RU,Russia,False,Ural Institute of Commerce and Law,http://212.49.120.102/index.php?option=com_content&task=view&id=54&Itemid=126,5,I4210119441,,openalex,1,n/a
RU,Russia,False,Higher School of Privatization and Entrepreneurship,,4,I4210161185,,openalex,1,n/a
RU,Russia,False,International University of Fundamental Studies,http://www.mufo.ru/,4,I4210090509,,openalex,1,n/a
RU,Russia,False,Kamskij State Institute of Physical Culture,http://www.kamgifk.ru/,4,I4210153199,,openalex,1,n/a
RU,Russia,False,Kuban Institute of International Business and Management,http://www.kimpim-krasnodar.ru/,4,I4210159493,,openalex,1,n/a
RU,Russia,False,Moscow Institute of Modern Business,http://www.mmbi.ru/,4,I4210128975,,openalex,1,n/a
RU,Russia,False,Nevsky Institute of Management and Design,http://niud.ru/,4,I4210147041,,openalex,1,n/a
RU,Russia,False,Ural Institute of the Stock Market,http://www.uifr.ru/,4,I4210161803,,openalex,1,n/a
RU,Russia,False,Vilnius Higher Command School of Radioelectronics Air Defense,http://www.vrtu-vvkure.com/,4,I4210145355,,openalex,1,n/a
RU,Russia,False,Institute of Law and Business,http://www.ibl.ru,3,I4210164494,,openalex,1,n/a
RU,Russia,False,Institute of Legal Economics,http://www.mosipe.ru/,3,I4210145870,,openalex,1,n/a
RU,Russia,False,International Association for Continuing Engineering Education,https://uicde.ru/,3,I4210112030,,openalex,1,n/a
RU,Russia,False,International East-European University,http://mveu.ru/,3,I4210165977,Q4288333,openalex;wikidata,2,n/a
RU,Russia,False,Kaliningrad Frontier Institute of the Federal Security Service of Russia,http://kpi.fsb.ru/,3,I4210125494,,openalex,1,n/a
RU,Russia,False,Moscow Academy of Education Natalia Nesterova,http://nesterova.ru/,3,I4210111192,,openalex,1,n/a
RU,Russia,False,Orel Regional Academy of Public Administration,,3,I4210163097,,openalex,1,n/a
RU,Russia,False,Tula Artillery Engineering Institute,http://taii.ru/,3,I4210114980,,openalex,1,n/a
RU,Russia,False,Ural Institute of Business,http://urib.info/,3,I4210140464,,openalex,1,n/a
RU,Russia,False,Ural Institute of Finance and Law,http://www.urfji.ru/,3,I4210134840,Q4476741,openalex;wikidata,2,n/a
RU,Russia,False,Armavir Orthodox-Social Institute,http://agsi.ru/,2,I4210123242,,openalex,1,n/a
RU,Russia,False,Higher School of Innovation Management,https://vshim.ru/obshhaya-informaciya,2,I4210127927,,openalex,1,n/a
RU,Russia,False,Institute of Art Restoration,http://www.resvuz.ru/,2,I4210156065,,openalex,1,n/a
RU,Russia,False,Institute of International Business Education,http://www.imbo.ru/,2,I4210165274,,openalex,1,n/a
RU,Russia,False,Jewish University in Moscow,http://www.jum.ru/,2,I4210133910,,openalex,1,n/a
RU,Russia,False,Khakass Institute of Business,http://www.khakib.ru/,2,I4210120833,,openalex,1,n/a
RU,Russia,False,MoszhilNIIproekt,http://mgnp.ru/,2,I4210095466,,openalex,1,n/a
RU,Russia,False,Nenets Agro-Economic College,http://www.naotex.ru/,2,I4210138336,,openalex,1,n/a
RU,Russia,False,Open Institute of Law,http://oji.ru/,2,I4210160967,,openalex,1,n/a
RU,Russia,False,Sochi Institute of Economics and Information Technology,http://www.sieit.ru/,2,I4210159596,,openalex,1,n/a
RU,Russia,False,Tsaritsyn Orthodox University of St. Sergius of Radonezh,http://volgou.ru/,2,I4210122645,,openalex,1,n/a
RU,Russia,False,Baltic Institute of Foreign Languages and International Intercultural Cooperation,http://www.buflic.org/component/content/article?id=140,1,I4210163030,,openalex,1,n/a
RU,Russia,False,East-Siberian Institute of Economics and Management,https://vsiem.ru,1,I4210134533,,openalex,1,n/a
RU,Russia,False,"Southern Sakhalin Institute of Economics, Law and Computer Science",http://www.sakhiepi.ru/,1,I4210106764,,openalex,1,n/a
RU,Russia,False,Tatar American Regional Institute,http://www.tari.antat.ru/index_engl.html,1,I4210111374,,openalex,1,n/a
RU,Russia,False,"""Higher School of Oil"" Almetyevsk State Technology University",https://агту-вшн.рф,0,,Q4063511,wikidata,1,n/a
RU,Russia,False,Admiral Makarov State Maritime Academy,http://gumrf.ru,0,,Q4146609,wikidata,1,n/a
RU,Russia,False,Alferov Saint Petersburg National Research Academic University of the Russian Academy of Sciences,http://spbau.ru,0,,Q1628699,wikidata,1,n/a
RU,Russia,False,Altai State Agrarian University,http://www.asau.ru,0,,Q4062927,wikidata,1,n/a
RU,Russia,False,Amur State University named for Sholom Aleichem,http://pgusa.ru,0,,Q4377625,wikidata,1,n/a
RU,Russia,False,Angarsk State Technical University,http://angtu.ru,0,,Q4761983,wikidata,1,n/a
RU,Russia,False,Arctic College of the Peoples of the North,https://www.arctickolledge.com/,0,I4210154863,,openalex,1,n/a
RU,Russia,False,Armavir Institute of Economics and Finance,http://skibiit.ru/eng/info/main.html,0,I4210089863,,openalex,1,n/a
RU,Russia,False,Astrakhan State University,https://asu-edu.ru,0,,Q3439770,wikidata,1,n/a
RU,Russia,False,Baltic Naval Institute,https://bvvmu.mil.ru,0,,Q4076922,wikidata,1,n/a
RU,Russia,False,Baltic State Technical University,http://www.voenmeh.ru,0,,Q1628544,wikidata,1,n/a
RU,Russia,False,Bashkir State Pedagogical University,http://www.bspu.ru,0,,Q4080166,wikidata,1,n/a
RU,Russia,False,Belgorod State University,https://bsuedu.ru/en,0,,Q2010483,wikidata,1,n/a
RU,Russia,False,Berbekov Kabardino-Balkarian State University,https://kbsu.ru,0,,Q4206599,wikidata,1,n/a
RU,Russia,False,Blagoveshchensk State Pedagogical University,http://www.bgpu.ru,0,,Q4087768,wikidata,1,n/a
RU,Russia,False,Borisoglebsk State Pedagogical Institute,,0,,Q111108296,wikidata,1,n/a
RU,Russia,False,Bryansk State Engineering Technological University,http://www.bgita.ru,0,,Q4097524,wikidata,1,n/a
RU,Russia,False,Central University,https://cu.ru,0,,Q138662733,wikidata,1,n/a
RU,Russia,False,Chelyabinsk Institute of Economics and Law named after M.V.Ladoshin,https://www.chiep.ru/rus/,0,I4210110443,,openalex,1,n/a
RU,Russia,False,Chelyabinsk Law institute of Ministry of Internal Affairs of Russia,http://www.chelurid.ru/,0,I4210132665,,openalex,1,n/a
RU,Russia,False,Chita State Medical Academy,https://chitgma.ru,0,,Q2907816,wikidata,1,n/a
RU,Russia,False,CPM Academy of Business,http://academbus.ru/,0,I4210162440,,openalex,1,n/a
RU,Russia,False,D. Mendeleev University of Chemical Technology of Russia,http://www.muctr.ru,0,,Q3151770,wikidata,1,n/a
RU,Russia,False,Dagestan Islamic University,,0,,Q110279659,wikidata,1,n/a
RU,Russia,False,Dagestan State Medical University,https://www.dgmu.ru,0,,Q4153921,wikidata,1,n/a
RU,Russia,False,Dagestan State Pedagogical University,https://www.dgpu.net/ru,0,,Q4153934,wikidata,1,n/a
RU,Russia,False,Dagestan State University of National Economy,https://dgunh.ru,0,,Q4153929,wikidata,1,n/a
RU,Russia,False,Dobrolyubov Linguistics University of Nizhny Novgorod,http://www.lunn.ru,0,,Q4318649,wikidata,1,n/a
RU,Russia,False,Donbass State University of Justice,https://donbassla.ru,0,,Q123501729,wikidata,1,n/a
RU,Russia,False,Eurasia International University,https://evrazuniversitet.com,0,,Q121767764,wikidata,1,n/a
RU,Russia,False,Evseviev Mordovian State Pedagogical University,http://mordgpi.ru,0,,Q4302548,wikidata,1,n/a
RU,Russia,False,F.F. Ushakov State Maritime University,http://www.aumsu.ru,0,,Q4146868,wikidata,1,n/a
RU,Russia,False,Far East State Agrarian University,https://www.dalgau.ru,0,,Q4154233,wikidata,1,n/a
RU,Russia,False,Far East State Medical University,http://www.fesmu.ru,0,,Q4154234,wikidata,1,n/a
RU,Russia,False,Far East State Technical Fisheries University,http://www.dalrybvtuz.ru,0,,Q4154235,wikidata,1,n/a
RU,Russia,False,Far Eastern State Technical University,,0,,Q499220,wikidata,1,n/a
RU,Russia,False,Finance University under the Government of the Russian Federation,https://www.fa.ru,0,,Q1416632,wikidata,1,n/a
RU,Russia,False,First Moscow Law Institute,http://pmui.ru/,0,I4210150766,,openalex,1,n/a
RU,Russia,False,Free University (Russia),https://freemoscow.university,0,,Q124307229,wikidata,1,n/a
RU,Russia,False,General Staff Academy,,0,,Q2996600,wikidata,1,n/a
RU,Russia,False,Golitsyn Frontier Institute,http://gpi.fsb.ru,0,,Q4141615,wikidata,1,n/a
RU,Russia,False,Gorsky State University of Agriculture,http://www.gorskigau.com,0,,Q4145910,wikidata,1,n/a
RU,Russia,False,Grozny State Oil Technical University,http://gstou.ru,0,,Q2563807,wikidata,1,n/a
RU,Russia,False,Gubkin University,http://www.gubkin.ru,0,,Q1552981,wikidata,1,n/a
RU,Russia,False,Humanitarian University,http://www.gu-ural.ru,0,,Q4152027,wikidata,1,n/a
RU,Russia,False,I.M. Sechenov First Moscow State Medical University,https://sechenov.ru,0,,Q1962613,wikidata,1,n/a
RU,Russia,False,Ilya N. Ulyanov Ulyanovsk State Pedagogical University,http://www.ulspu.ru,0,,Q982376,wikidata,1,n/a
RU,Russia,False,Institut militaire de Saratov de la garde nationale de la fédération de Russie,https://svki.rosguard.gov.ru,0,,Q60829463,wikidata,1,n/a
RU,Russia,False,Institute of Federal Security Service of the Russian Federation,,0,,Q103920423,wikidata,1,n/a
RU,Russia,False,"Institute of Information Technologies, Economy and Management",http://xn--h1aamx9c.xn--p1ai/,0,I4210155830,,openalex,1,n/a
RU,Russia,False,"Institute of Market Economy, Social Policy and Law",http://irespip.ru/,0,I4210161604,,openalex,1,n/a
RU,Russia,False,Institute of the Coast Guard of the FSB of Russia,http://ibo.fsb.ru,0,,Q103832270,wikidata,1,n/a
RU,Russia,False,International Institute of Business Education,http://mibonet.ru/page/english,0,I4210138077,,openalex,1,n/a
RU,Russia,False,Irkutsk State Linguistic University,http://www.islu.ru,0,,Q387543,wikidata,1,n/a
RU,Russia,False,Ivanovo State Power Engineering University,http://www.ispu.ru,0,,Q4196665,wikidata,1,n/a
RU,Russia,False,K.G. Razumovsky Moscow State University of Technology and Management,https://www.mgutm.ru,0,,Q4304106,wikidata,1,n/a
RU,Russia,False,Kadyrov Chechen State University,http://www.chesu.ru,0,,Q2564313,wikidata,1,n/a
RU,Russia,False,Kalashnikov Izhevsk State Technical University,http://inter.istu.ru,0,,Q4198184,wikidata,1,n/a
RU,Russia,False,Kaliningrad Frontier Institute,http://kpi.fsb.ru,0,,Q4209553,wikidata,1,n/a
RU,Russia,False,Kaluga State University named after K.E. Tsiolkovskij,https://tksu.ru,0,,Q4210420,wikidata,1,n/a
RU,Russia,False,Kamchatka State University,http://www.kamgu.ru,0,,Q4211795,wikidata,1,n/a
RU,Russia,False,Kazan Higher Military Command School,http://kvtkku.mil.ru,0,,Q4207847,wikidata,1,n/a
RU,Russia,False,Kazan National Research Technological University,http://www.kstu.ru,0,,Q4207815,wikidata,1,n/a
RU,Russia,False,Kazan State Energy University,https://kgeu.ru/,0,I4210156455,,openalex,1,n/a
RU,Russia,False,Kazan Suvorov military school,http://www.ksvu.ru,0,,Q4207865,wikidata,1,n/a
RU,Russia,False,Kemerovo Military Infantry School,,0,,Q4219248,wikidata,1,n/a
RU,Russia,False,Kemerovo State Medical University,https://www.kemsmu.ru,0,,Q4219236,wikidata,1,n/a
RU,Russia,False,Khabarovsk Border Institute of the FSB of the Russian Federation,http://khpi.fsb.ru,0,,Q4494355,wikidata,1,n/a
RU,Russia,False,Khakassian State University named after N.F. Katanov,http://www.khsu.ru,0,,Q1059283,wikidata,1,n/a
RU,Russia,False,Kherson State University,https://www.kspu.edu,0,,Q4497356,wikidata,1,n/a
RU,Russia,False,Khetagurov North Ossetian State University,https://eng.nosu.ru,0,,Q4412511,wikidata,1,n/a
RU,Russia,False,Komsomolsk-on-Amur state university,https://knastu.ru,0,,Q4230202,wikidata,1,n/a
RU,Russia,False,Krasnoyarsk State Pedagogical University named after V. P. Astafyev,http://www.kspu.ru,0,,Q4239244,wikidata,1,n/a
RU,Russia,False,Krasnoyarsk State Technical University,,0,,Q4239246,wikidata,1,n/a
RU,Russia,False,Krasnoyarsk State University,,0,,Q4239251,wikidata,1,n/a
RU,Russia,False,"Lesgaft National State University of Physical Education, Sport and Health",http://www.lesgaft.spb.ru,0,,Q4314989,wikidata,1,n/a
RU,Russia,False,Lugansk State Pedagogical University,https://lgpu.org,0,,Q114436530,wikidata,1,n/a
RU,Russia,False,Maritime State University named after Admiral G. I. Nevelskoy,http://www.msun.ru,0,,Q4303364,wikidata,1,n/a
RU,Russia,False,Mikhailovskaya Military Artillery Academy,http://mvaa.mil.ru,0,,Q4297700,wikidata,1,n/a
RU,Russia,False,Military Aviation Engineering University,,0,,Q104176833,wikidata,1,n/a
RU,Russia,False,Military Engineering-Technical University,http://vitu-spb.narod.ru/Index.htm,0,,Q1141929,wikidata,1,n/a
RU,Russia,False,Military Institute of Engineering Forces of the Armed Forces Academy,https://via.mil.ru,0,,Q1791304,wikidata,1,n/a
RU,Russia,False,Military University of Radioelectronics,https://chvviure.mil.ru/About/Istoriya,0,,Q102398847,wikidata,1,n/a
RU,Russia,False,Military University of the Ministry of Defense of the Russian Federation,http://vumo.mil.ru,0,,Q13416137,wikidata,1,n/a
RU,Russia,False,Moscow Frontier Institute,http://mpi.fsb.ru,0,,Q4304238,wikidata,1,n/a
RU,Russia,False,Moscow Higher Military Command School,http://www.mkpu.ru,0,,Q4304386,wikidata,1,n/a
RU,Russia,False,Moscow New Law Institute,http://mnui.ru/,0,I4210103053,,openalex,1,n/a
RU,Russia,False,Moscow Pedagogical State University,http://www.mpgu.edu,0,,Q1778321,wikidata,1,n/a
RU,Russia,False,Moscow School of New Cinema,http://www.newcinemaschool.com,0,,Q18786086,wikidata,1,n/a
RU,Russia,False,Moscow State Agro-Engineering University,http://www.eng.timacad.ru,0,,Q4304067,wikidata,1,n/a
RU,Russia,False,Moscow State Automobile and Road University of Technology,http://www.madi.ru,0,,Q4304031,wikidata,1,n/a
RU,Russia,False,Moscow State Institute of Radio-engineering Electronics and Automation,http://www.mirea.ru,0,,Q3272997,wikidata,1,n/a
RU,Russia,False,Moscow State Law University,http://msal.ru,0,,Q4303895,wikidata,1,n/a
RU,Russia,False,Moscow State University of Environmental Management,http://ieek.timacad.ru,0,,Q4304104,wikidata,1,n/a
RU,Russia,False,Moscow State University of Technology STANKIN,https://www.stankin.ru,0,,Q4304094,wikidata,1,n/a
RU,Russia,False,Moscow University for Industry and Finance,http://synergy.ru,0,,Q4304319,wikidata,1,n/a
RU,Russia,False,Mozhaysky Air Force Academy,http://vka.mil.ru,0,,Q3025301,wikidata,1,n/a
RU,Russia,False,N.G. Kuznetsov Naval Academy,http://vma.mil.ru,0,,Q1297796,wikidata,1,n/a
RU,Russia,False,"Nakhimov Naval School, Saint Petersburg",http://nvmu.info,0,,Q4314683,wikidata,1,n/a
RU,Russia,False,Naryan-Mar Social and Humanitarian College,http://www.nmsgc.org/,0,I4210109036,,openalex,1,n/a
RU,Russia,False,National Research Nuclear University,https://www.mephi.ru,0,,Q56837,wikidata,1,n/a
RU,Russia,False,Nizhny Novgorod Institute of the FSB of Russia,https://inn.fsb.ru,0,,Q103921049,wikidata,1,n/a
RU,Russia,False,Nizhny Novgorod State Architectural and Civil Engineering University,http://www.nngasu.ru,0,,Q4318648,wikidata,1,n/a
RU,Russia,False,North-Eastern State University,http://www.svgu.ru,0,,Q4412445,wikidata,1,n/a
RU,Russia,False,Northern National College,http://lovsnk.ru/?,0,I4210115346,,openalex,1,n/a
RU,Russia,False,Northern Transural State Аgricultural University,http://www.tsaa.ru,0,,Q4146737,wikidata,1,n/a
RU,Russia,False,Northwestern State Technical Remote University,http://www.nwotu.ru,0,,Q4412476,wikidata,1,n/a
RU,Russia,False,Novocherkassk Military Command High School of Communications,http://nvvkys.donland.ru,0,,Q4326217,wikidata,1,n/a
RU,Russia,False,Novosibirsk Higher Military Command School,https://nvvku.mil.ru,0,,Q4325494,wikidata,1,n/a
RU,Russia,False,"Novosibirsk Institute of Economy, Psychology and Law",http://www.nki.ru/,0,I4210143996,,openalex,1,n/a
RU,Russia,False,Novosibirsk Military Infantry School,,0,,Q4325492,wikidata,1,n/a
RU,Russia,False,Ogarev National Research Mordovia State University,https://mrsu.ru/ru,0,,Q4302550,wikidata,1,n/a
RU,Russia,False,Omsk MIA Academy,http://oma.mvd.ru,0,,Q4334698,wikidata,1,n/a
RU,Russia,False,Omsk State Medical University,http://www.omsk-osma.ru,0,,Q4334699,wikidata,1,n/a
RU,Russia,False,Orenburg Military Aviation Piloting High School,,0,,Q4336213,wikidata,1,n/a
RU,Russia,False,Orenburg Municipal Higher College of Humanities and Natural Sciences,,0,I4210163033,,openalex,1,n/a
RU,Russia,False,Orsk Pedagogical Institute,,0,,Q110936726,wikidata,1,n/a
RU,Russia,False,Oryol State Agrarian University,http://www.orelsau.ru,0,,Q4336880,wikidata,1,n/a
RU,Russia,False,Pacific State Medical University,https://tgmu.ru,0,,Q2324453,wikidata,1,n/a
RU,Russia,False,Penza State Technology University,http://www.penzgtu.ru,0,,Q4348462,wikidata,1,n/a
RU,Russia,False,Perm State Medical University named after Academician E.A. Wagner,http://psma.ru,0,,Q4351496,wikidata,1,n/a
RU,Russia,False,Perm State National Research University,http://www.psu.ru,0,,Q2031051,wikidata,1,n/a
RU,Russia,False,Peter the Great Saint Petersburg State Polytechnical University,http://www.spbstu.ru,0,,Q1379834,wikidata,1,n/a
RU,Russia,False,Plekhanov Russian Economic University,https://www.rea.ru,0,,Q2004114,wikidata,1,n/a
RU,Russia,False,Pomorsky State University,http://www.pomorsu.ru,0,,Q4371750,wikidata,1,n/a
RU,Russia,False,Popov Naval Institute of Radio Electronics,http://www.spbvmire.ru,0,,Q4114449,wikidata,1,n/a
RU,Russia,False,Primorsky State Agrarian Technology University,http://primacad.ru,0,,Q13416757,wikidata,1,n/a
RU,Russia,False,Pskov Volny Institute,http://www.volny.edu/,0,I4210096238,,openalex,1,n/a
RU,Russia,False,Q102398759,https://www.pvure.com/%D0%BD%D0%B0%D1%88%D0%B5-%D1%83%D1%87%D0%B8%D0%BB%D0%B8%D1%89%D0%B5/%D0%B8%D1%81%D1%82%D0%BE%D1%80%D0%B8%D1%8F-%D1%83%D1%87%D0%B8%D0%BB%D0%B8%D1%89%D0%B0,0,,Q102398759,wikidata,1,n/a
RU,Russia,False,Q103831957,,0,,Q103831957,wikidata,1,n/a
RU,Russia,False,Q110644055,,0,,Q110644055,wikidata,1,n/a
RU,Russia,False,Q135268304,https://jurac.ru,0,,Q135268304,wikidata,1,n/a
RU,Russia,False,Q137273503,,0,,Q137273503,wikidata,1,n/a
RU,Russia,False,Q138795760,,0,,Q138795760,wikidata,1,n/a
RU,Russia,False,Q138795792,,0,,Q138795792,wikidata,1,n/a
RU,Russia,False,Q138795807,,0,,Q138795807,wikidata,1,n/a
RU,Russia,False,Q140812516,https://cu.ru,0,,Q140812516,wikidata,1,n/a
RU,Russia,False,Q21745516,http://вмпи.рф,0,,Q21745516,wikidata,1,n/a
RU,Russia,False,Q58527643,,0,,Q58527643,wikidata,1,n/a
RU,Russia,False,Remote Public University of Arts,http://www.znui.ru,0,,Q4186375,wikidata,1,n/a
RU,Russia,False,Rostov State Economics University,http://www.rsue.ru,0,,Q4398497,wikidata,1,n/a
RU,Russia,False,Rostov State Pedagogical University,http://pi.sfedu.ru,0,,Q4398493,wikidata,1,n/a
RU,Russia,False,Rostov State University,http://www.rsu.ru,0,,Q4398500,wikidata,1,n/a
RU,Russia,False,Russian Biotechnological University (BIOTECH),http://www.mgupp.ru,0,,Q4304100,wikidata,1,n/a
RU,Russia,False,Russian Federation Security Guard Service Federal Academy,http://academ.msk.rsnet.ru,0,,Q4059216,wikidata,1,n/a
RU,Russia,False,Russian International Olympic University,http://olympicuniversity.ru,0,,Q4398096,wikidata,1,n/a
RU,Russia,False,Russian islamic university Grozny,http://риу-грозный.рф,0,,Q97119369,wikidata,1,n/a
RU,Russia,False,Russian National Research Medical University,https://rsmu.ru,0,,Q2177111,wikidata,1,n/a
RU,Russia,False,Russian Orthodox University,http://rpu-rf.ru,0,,Q4398112,wikidata,1,n/a
RU,Russia,False,Russian State Agrarian Extramural University,http://www.rgazu.ru,0,,Q4398054,wikidata,1,n/a
RU,Russia,False,Russian State University named after A.N. Kosygin (Technologies. Design. Art),https://rguk.ru,0,,Q4304097,wikidata,1,n/a
RU,Russia,False,Russian State University of Tourism and Services Studies,http://www.rguts.ru,0,,Q1773512,wikidata,1,n/a
RU,Russia,False,Ryazan Airborne Command High School,http://www.rvvdku-vi.ru,0,,Q1968714,wikidata,1,n/a
RU,Russia,False,"Ryazan State Medical University, Another Name:King Dr.Md.Enamul Hasan University",http://www.rzgmu.ru,0,,Q2333445,wikidata,1,n/a
RU,Russia,False,Rybinsk State Technical University of Aviation,http://www.rgata.ru,0,,Q4401554,wikidata,1,n/a
RU,Russia,False,S.O. Makarov Pacific Naval Institute,http://stat.ens.mil.ru/education/higher/academy/more.htm?id=8675@morfOrgEduc,0,,Q4458747,wikidata,1,n/a
RU,Russia,False,Saint Petersburg Christian University,http://www.spbcu.ru,0,,Q1084099,wikidata,1,n/a
RU,Russia,False,Saint Petersburg Combined-Arms Command High School,http://www.lenpeh.ru,0,,Q4407751,wikidata,1,n/a
RU,Russia,False,Saint Petersburg Medical Technical Institute,http://www.mtkspb.ru/,0,I4210115905,,openalex,1,n/a
RU,Russia,False,Saint Petersburg Social and Economic Institute,http://iwmspb.ru/,0,I4210156290,,openalex,1,n/a
RU,Russia,False,Saint Petersburg State Chemical-Pharmaceutical University,http://www.spcpa.ru,0,,Q4407665,wikidata,1,n/a
RU,Russia,False,Saint Petersburg State Marine Technical University,http://www.smtu.ru,0,,Q4407693,wikidata,1,n/a
RU,Russia,False,Saint Petersburg State Technological University of Plant Polymers,http://www.gturp.spb.ru,0,,Q4407695,wikidata,1,n/a
RU,Russia,False,Saint Petersburg State University,http://www.spbu.ru,0,,Q27621,wikidata,1,n/a
RU,Russia,False,Saint Petersburg State University of Economics and Finance,http://www.finec.ru,0,,Q18755189,wikidata,1,n/a
RU,Russia,False,Saint Petersburg State University of Engineering and Economics,,0,,Q3551555,wikidata,1,n/a
RU,Russia,False,"Saint Petersburg State University of Information Technologies, Mechanics and Optics",https://itmo.ru,0,,Q1342013,wikidata,1,n/a
RU,Russia,False,"Saint Petersburg University of Economy, Culture and Business Administration",,0,,Q4407719,wikidata,1,n/a
RU,Russia,False,Saint Petersburg University of the Humanities and Social Sciences,http://www.gup.ru,0,,Q4407703,wikidata,1,n/a
RU,Russia,False,Saint Tikhon Orthodox University of the Humanities,http://pstgu.ru,0,,Q4376232,wikidata,1,n/a
RU,Russia,False,Saint-Petersburg University of Management Technologies and Economics,https://www.spbume.ru,0,,Q4407744,wikidata,1,n/a
RU,Russia,False,Samara National Research University named after academician S.P. Korolev,http://www.ssau.ru,0,,Q21574120,wikidata,1,n/a
RU,Russia,False,Saratov Higher Military Engineering School of Chemical Defense,,0,,Q103831705,wikidata,1,n/a
RU,Russia,False,Saratov Military Command Engineering High School of Missile Forces,,0,,Q4408483,wikidata,1,n/a
RU,Russia,False,"Saratov State University of Genetics, Biotechnology and Engineering named after N. I. Vavilov",https://www.vavilovsar.ru,0,,Q4408456,wikidata,1,n/a
RU,Russia,False,Saratov State Vavilov Agrarian University,https://www.sgau.ru/,0,I4210129366,,openalex,1,n/a
RU,Russia,False,Sergei Yesenin Ryazan State University,http://www.rsu.edu.ru,0,,Q4402655,wikidata,1,n/a
RU,Russia,False,Siberian Institute of Business and Information Technology,http://sibit.sano.ru,0,,Q7507002,wikidata,1,n/a
RU,Russia,False,Siberian State University of Geosystems and Technologies,https://sgugit.ru,0,,Q4418232,wikidata,1,n/a
RU,Russia,False,Siberian State University of Physical Culture and Sports,http://www.sibsport.ru,0,,Q4418290,wikidata,1,n/a
RU,Russia,False,Siberian University of Consumer Cooperation,http://www.sibupk.su,0,,Q4418318,wikidata,1,n/a
RU,Russia,False,Sirius University,https://siriusuniversity.ru,0,,Q90902449,wikidata,1,n/a
RU,Russia,False,South Ural State Medical University,http://www.chelsma.ru,0,,Q4534008,wikidata,1,n/a
RU,Russia,False,Sovremennyi Gomunitarnyi University,,0,I4210162488,,openalex,1,n/a
RU,Russia,False,St. Petersburg Institute of the FSB of Russia,,0,,Q103920735,wikidata,1,n/a
RU,Russia,False,St. Petersburg Naval Institute,,0,,Q4407686,wikidata,1,n/a
RU,Russia,False,St. Petersburg State Transport University,http://www.pgups.ru,0,,Q2378801,wikidata,1,n/a
RU,Russia,False,"State Institute of Economics, Finance, Law and Technology",http://www.gief.ru,0,,Q4146807,wikidata,1,n/a
RU,Russia,False,State Institute of Humanities and Technologies,http://www.ggtu.ru,0,,Q4273359,wikidata,1,n/a
RU,Russia,False,State National Research Polytechnical University of Perm,http://pstu.ru,0,,Q689800,wikidata,1,n/a
RU,Russia,False,State University of Education,https://eduprosvet.ru,0,,Q4304086,wikidata,1,n/a
RU,Russia,False,Stavropol Finance and Economics Institute,http://sfeisk.ru/,0,I4210155709,,openalex,1,n/a
RU,Russia,False,Stavropol Institute of VD Chursina,http://www.vuz-chursin.ru/,0,I4210146933,,openalex,1,n/a
RU,Russia,False,Surgut 'Planet' Institute of World Economics and Business,http://planetavuz.ru/,0,I4210164106,,openalex,1,n/a
RU,Russia,False,Séminaire catholique romain de Saint-Pétersbourg,,0,,Q21644313,wikidata,1,n/a
RU,Russia,False,Taimyr College,http://college-taimyr.ru/,0,I4210111739,,openalex,1,n/a
RU,Russia,False,Technical University of UMMC,https://eduugmk.com,0,,Q28051107,wikidata,1,n/a
RU,Russia,False,Tomsk State University,http://www.tsu.ru,0,,Q742494,wikidata,1,n/a
RU,Russia,False,Trans-Baikal State Humanitarian-Pedagogical University,http://www.zabspu.ru,0,,Q4182332,wikidata,1,n/a
RU,Russia,False,Tula State Pedagogical University,http://tsput.ru,0,,Q4465237,wikidata,1,n/a
RU,Russia,False,Tver State Medical Academy,https://tvgmu.ru,0,,Q3533388,wikidata,1,n/a
RU,Russia,False,"Tyumen State University of Architecture, Building and Civil Engineering",http://www.tgasu.ru,0,,Q4467497,wikidata,1,n/a
RU,Russia,False,Ulyanovsk State Agricultural Academy,http://www.ugsha.ru,0,,Q4475180,wikidata,1,n/a
RU,Russia,False,University of Management and Innovative Technologies,https://uuait.ru,0,,Q134732210,wikidata,1,n/a
RU,Russia,False,University under the IPA EurAsEC,https://miep.spb.ru,0,,Q123422536,wikidata,1,n/a
RU,Russia,False,Upper Volga Institute,http://www.uppervolga.ru/,0,I4210091610,,openalex,1,n/a
RU,Russia,False,Ural State Forest Engineering University,http://usfeu.ru,0,,Q4476752,wikidata,1,n/a
RU,Russia,False,Ural State Technical University,http://www.ustu.ru,0,,Q1938341,wikidata,1,n/a
RU,Russia,False,Ural Technical Institute of Communications and Informatics,http://www.uisi.ru,0,,Q4476790,wikidata,1,n/a
RU,Russia,False,Vladimir State Humanitarian University,,0,,Q4113277,wikidata,1,n/a
RU,Russia,False,Vladimir Ulyanov (Lenin) LETI Saint Petersburg State Electrotechnical University,https://etu.ru,0,,Q4407708,wikidata,1,n/a
RU,Russia,False,Vladivostok State University of Economics and Service,http://vvsu.ru,0,,Q4112965,wikidata,1,n/a
RU,Russia,False,Volga Business Institute,http://pib-samara.ru/,0,I4210149038,,openalex,1,n/a
RU,Russia,False,Voronezh State Agrarian University,http://www.vsau.ru,0,,Q137355,wikidata,1,n/a
RU,Russia,False,Voronezh State Medical Academy,http://www.vrngmu.ru,0,,Q4125386,wikidata,1,n/a
RU,Russia,False,Voronezh State University of Engineering Technology,http://www.vsuet.ru,0,,Q4125415,wikidata,1,n/a
RU,Russia,False,Yakovlev Chuvash State Pedagogical University,https://chuvgpu.ru,0,,Q3626706,wikidata,1,n/a
RU,Russia,False,Yamal Polar Agro-Economic College,http://www.ypat-salekhard.ru/,0,I4210142921,,openalex,1,n/a
RU,Russia,False,Yaroslavl State Medical University,https://ysmu.ru,0,,Q4538824,wikidata,1,n/a
RU,Russia,False,Yelets State University,http://www.elsu.ru,0,,Q4174759,wikidata,1,n/a
RU,Russia,False,Zhukovsky – Gagarin Air Force Academy,http://www.vaiu.ru,0,,Q4114399,wikidata,1,n/a
SE,Sweden,True,Lund University,https://www.lu.se,248398,I187531555,Q218506,openalex;wikidata,3,True
SE,Sweden,True,Karolinska Institutet,https://ki.se,247220,I28166907,Q219564,openalex;wikidata,3,True
SE,Sweden,True,Uppsala University,https://www.uu.se/en/,222739,I123387679,Q185246,openalex;wikidata,3,True
SE,Sweden,True,University of Gothenburg,https://www.gu.se,166248,I881427289,Q371522,openalex;wikidata,3,True
SE,Sweden,True,Stockholm University,https://www.su.se,137871,I161593684,Q221645,openalex;wikidata,3,True
SE,Sweden,True,KTH Royal Institute of Technology,https://www.kth.se,123119,I86987016,,openalex,2,True
SE,Sweden,True,Chalmers University of Technology,https://www.chalmers.se,92723,I66862912,Q836805,openalex;wikidata,3,True
SE,Sweden,True,Linköping University,https://liu.se/,91705,I102134673,Q782600,openalex;wikidata,3,True
SE,Sweden,True,Umeå University,https://www.umu.se,85039,I90267481,Q1144565,openalex;wikidata,3,True
SE,Sweden,True,Swedish University of Agricultural Sciences,http://www.slu.se/en/,68818,I298625061,Q1312762,openalex;wikidata,3,True
SE,Sweden,True,Luleå University of Technology,https://www.ltu.se,27994,I190632392,Q1972721,openalex;wikidata,3,True
SE,Sweden,True,Örebro University,https://www.oru.se,22998,I26437253,Q2002420,openalex;wikidata,3,True
SE,Sweden,True,Linnaeus University,https://lnu.se,17464,I223464139,Q1751928,openalex;wikidata,3,True
SE,Sweden,True,Malmö University,https://mau.se,14196,I183111857,Q977781,openalex;wikidata,3,True
SE,Sweden,True,Mälardalen University,https://www.mdu.se,11999,I82509713,,openalex,2,True
SE,Sweden,True,Karlstad University,https://www.kau.se,11536,I43968019,Q1858061,openalex;wikidata,3,True
SE,Sweden,True,Mid Sweden University,https://www.miun.se,10600,I56475706,Q1940803,openalex;wikidata,3,True
SE,Sweden,True,Stockholm School of Economics,https://www.hhs.se/,8782,I180242103,,openalex,2,True
SE,Sweden,True,Blekinge Institute of Technology,https://www.bth.se,7022,I52719799,,openalex,2,True
SE,Sweden,True,Halmstad University,https://www.hh.se,6750,I746986,,openalex,2,True
SE,Sweden,True,Dalarna University,https://www.du.se,6226,I122274158,,openalex,2,True
SE,Sweden,True,University of Skövde,https://www.his.se,6212,I205158640,,openalex,2,True
SE,Sweden,True,University of Gävle,https://www.hig.se,6137,I4210141702,,openalex,2,True
SE,Sweden,True,University of Borås,https://www.hb.se,5876,I992397,,openalex,2,True
SE,Sweden,True,Södertörn University,https://www.sh.se/,5539,I129826125,,openalex,2,True
SE,Sweden,True,"Swedish University of Agricultural Sciences, Alnarp",https://www.slu.se/en/about-slu/visit-slu/locations-and-campuses/alnarp/,5248,I4405263100,,openalex,2,True
SE,Sweden,True,Swedish Institute of Space Physics,https://www.irf.se/,5191,I1319905951,,openalex,2,True
SE,Sweden,True,University West,https://www.hv.se,4211,I110263422,,openalex,2,True
SE,Sweden,True,Stockholm Resilience Centre,http://www.stockholmresilience.org,4063,I138595864,,openalex,2,True
SE,Sweden,True,Kristianstad University,https://www.hkr.se,3783,I193278943,,openalex,2,True
SE,Sweden,True,Swedish School of Sport and Health Sciences,https://www.gih.se,2180,I4210136707,,openalex,2,True
SE,Sweden,True,World Maritime University,https://www.wmu.se,1902,I139559945,Q1630459,openalex;wikidata,2,False
SE,Sweden,True,Swedish Defence University,https://www.fhs.se,1804,I101466613,Q7654779,openalex;wikidata,3,True
SE,Sweden,True,Swedish Collegium for Advanced Study,https://www.swedishcollegium.se/,670,I185977053,,openalex,2,True
SE,Sweden,True,University College Stockholm,https://ehs.se,264,I2801785513,,openalex,2,True
SE,Sweden,True,University College of Arts Crafts and Design,https://www.konstfack.se,194,I218177685,,openalex,2,True
SE,Sweden,True,Royal College of Music in Stockholm,https://www.kmh.se,165,I2800215742,,openalex,2,True
SE,Sweden,True,Royal Swedish Academy of Engineering Sciences,http://www.iva.se/iva-in-english/,78,I2800664390,,openalex,2,True
SE,Sweden,True,Stockholm University of the Arts,https://www.uniarts.se,78,I4210157062,,openalex,2,True
SE,Sweden,True,Stockholm University College of Music Education,https://smi.se,53,I4210104824,,openalex,2,True
SE,Sweden,True,Royal Institute of Art,https://kkh.se,40,I2800207309,,openalex,2,True
SE,Sweden,True,Swedish Institute for Studies in Education and Research,http://www.sister.nu/,19,I4210097701,,openalex,2,True
SE,Sweden,True,Stockholm Academy of Dramatic Arts,http://www.sada.se/,16,I2799271304,,openalex,2,True
SE,Sweden,True,Swedish Film Institute,http://www.filminstitutet.se/en/,9,I4210131764,,openalex,2,True
SE,Sweden,True,University College of Opera in Stockholm,https://www.uniarts.se/,2,I4210116883,,openalex,2,True
SE,Sweden,True,Royal Institute of Technology,https://www.kth.se,0,,Q854280,wikidata,2,True
SE,Sweden,True,Royal Physiographic Society of Lund,http://www.fysiografen.se/en/,0,I4210161282,,openalex,2,True
SE,Sweden,True,Royal Swedish Army Staff College,,0,,Q10548703,wikidata,2,True
SE,Sweden,True,Swedish Air Force Officers Academy,,0,,Q31887941,wikidata,2,True
SE,Sweden,True,Swedish Armed Forces Management College,,0,,Q41530195,wikidata,2,True
SE,Sweden,True,Swedish Infantry Officers’ College,,0,,Q49095391,wikidata,2,True
SE,Sweden,True,Swedish Navy Officers' Academy,,0,,Q31883566,wikidata,2,True
SI,Slovenia,False,University of Ljubljana,https://www.uni-lj.si/,105109,I153976015,Q1377,openalex;wikidata,2,n/a
SI,Slovenia,False,University of Maribor,https://www.um.si,30433,I37696226,Q1378,openalex;wikidata,2,n/a
SI,Slovenia,False,Jožef Stefan International Postgraduate School,https://www.mps.si/sl/,19014,I4210113529,,openalex,1,n/a
SI,Slovenia,False,University of Primorska,https://www.upr.si,10101,I118905719,Q1378123,openalex;wikidata,2,n/a
SI,Slovenia,False,University of Nova Gorica,https://ung.si,4810,I192455894,Q656086,openalex;wikidata,2,n/a
SI,Slovenia,False,College of Accounting,https://www.vsr.si/,1437,I4210165760,,openalex,1,n/a
SI,Slovenia,False,Alma Mater Europaea,http://en.almamater.si/?checkCo=true,1285,I2799787213,Q14594755,openalex;wikidata,2,n/a
SI,Slovenia,False,Faculty of Design,https://fd.si,753,I4210134959,,openalex,1,n/a
SI,Slovenia,False,Univerzitetni Rehabilitacijski Inštitut,https://www.uri-soca.si/,721,I4210104232,,openalex,1,n/a
SI,Slovenia,False,Faculty of Applied Social Studies in Nova Gorica,https://www.fuds.si,368,I4210131982,,openalex,1,n/a
SI,Slovenia,False,International School for Social and Business Studies,https://mfdps.si,363,I4210108237,,openalex,1,n/a
SI,Slovenia,False,Faculty of Polymer Technology,https://www.ftpo.eu/,357,I4210091278,,openalex,1,n/a
SI,Slovenia,False,College of Environmental Protection,http://www.vsvo.si/,225,I4210121693,,openalex,1,n/a
SI,Slovenia,False,DOBA Business School,https://www.dobabusiness-school.eu/,198,I4210145328,,openalex,1,n/a
SI,Slovenia,False,European Faculty of Law,https://epf.nova-uni.si,183,I4210087941,,openalex,1,n/a
SI,Slovenia,False,Euro Mediterranean University,https://emuni.si/,171,I4210135109,,openalex,1,n/a
SI,Slovenia,False,Faculty of Commercial and Business Sciences,http://www.fkpv.si/?lang=en,153,I4210153903,,openalex,1,n/a
SI,Slovenia,False,School Centre Celje,http://www.sc-celje.si/eng/Strani/default.aspx,139,I4210119506,,openalex,1,n/a
SI,Slovenia,False,Institute of Information Science,https://izum.si,134,I4210147455,,openalex,1,n/a
SI,Slovenia,False,Faculty of Media,https://fame.si/,132,I4210095662,,openalex,1,n/a
SI,Slovenia,False,IEDC-Bled School of Management,http://www.iedc.si/,132,I70428823,,openalex,1,n/a
SI,Slovenia,False,National Education Institute of the Republic of Slovenia,http://www.zrss.si/?j=EN,119,I4210150186,,openalex,1,n/a
SI,Slovenia,False,Faculty of Industrial Engineering Novo Mesto,https://www.fini-unm.si,107,I4405259457,,openalex,1,n/a
SI,Slovenia,False,Higher School of Applied Sciences,https://vist.si/,98,I4210118271,,openalex,1,n/a
SI,Slovenia,False,School Center Novo mesto,http://www.sc-nm.si/en,98,I4210146305,,openalex,1,n/a
SI,Slovenia,False,Chamber of Agriculture and Forestry of Slovenia,http://www.kgzs.si/gv/eu-in-svet/english.aspx,94,I4210137464,,openalex,1,n/a
SI,Slovenia,False,GEA College,http://gea-college.si/en/,85,I4210119051,,openalex,1,n/a
SI,Slovenia,False,Kranj School Centre,http://www.sckr.si/tsc/english.html,80,I4210155298,,openalex,1,n/a
SI,Slovenia,False,College of Nursing in Celje,http://www.vzsce.si/en/,79,I4210101529,,openalex,1,n/a
SI,Slovenia,False,Graduate School of Government and European Studies,https://fds.nova-uni.si,75,I4210147604,,openalex,1,n/a
SI,Slovenia,False,School of Business and Management Novo Mesto,http://vsup.vs-nm.si/en/,65,I4210148234,,openalex,1,n/a
SI,Slovenia,False,School Centre Nova Gorica,http://www.scng.si/en/,62,I4210127967,,openalex,1,n/a
SI,Slovenia,False,Social Protection Institute of the Republic of Slovenia,http://www.irssv.si/,45,I4210159184,,openalex,1,n/a
SI,Slovenia,False,Biotehniški Center Naklo,http://www.bc-naklo.si/index.php?id=864,40,I4210134367,,openalex,1,n/a
SI,Slovenia,False,College of Industrial Engineering,http://www.vspi.si/index_e.asp,38,I4210105167,,openalex,1,n/a
SI,Slovenia,False,Tehniški Solski Center Maribor,http://www.tscmb.si/,33,I4210160038,,openalex,1,n/a
SI,Slovenia,False,Higher Education Centre Novo Mesto,http://www.vs-nm.si/en/home/,32,I4210088608,,openalex,1,n/a
SI,Slovenia,False,Celje School of Economics,http://www.escelje.si/index.php/component/content/article/14-sample-data-articles/76-organisation-and-activities-of-celje-school-of-economics,27,I4210145114,,openalex,1,n/a
SI,Slovenia,False,Sigmund Freud Privatuniversität - Standort Ljubljana,https://www.sfu-ljubljana.si,26,I4405257373,,openalex,1,n/a
SI,Slovenia,False,Šolski center Slovenj Gradec,http://www.sc-sg.si/,25,I4210143660,,openalex,1,n/a
SI,Slovenia,False,Izobraževalni Center Piramida Maribor,http://www.icp-mb.si/,21,I4210139868,,openalex,1,n/a
SI,Slovenia,False,S&T Slovenija,http://www.snt.si/,21,I4210151167,,openalex,1,n/a
SI,Slovenia,False,Higher Vocational College for Hospitality and Tourism Bled,http://www.vgs-bled.si/index.php/en,16,I4210148453,,openalex,1,n/a
SI,Slovenia,False,Intellectual Property Institute,http://www.ipi.si/sl/,16,I4210086337,,openalex,1,n/a
SI,Slovenia,False,Šolski Center Šentjur,http://www.sc-s.si/joomla/,16,I4210112677,,openalex,1,n/a
SI,Slovenia,False,Biotechnical Educational Centre Ljubljana,http://www.bic-lj.si/en/,15,I4210102749,,openalex,1,n/a
SI,Slovenia,False,Šolski Center Škofja Loka,http://www.scsl.si/,14,I4210090400,,openalex,1,n/a
SI,Slovenia,False,Vocational College of Traffic and Transport,http://www.vpsmb.net/index.php/Introduction,13,I4210119583,,openalex,1,n/a
SI,Slovenia,False,National School of Leadership in Education,http://en.solazaravnatelje.si/,12,I4210153250,,openalex,1,n/a
SI,Slovenia,False,Ekonomska Šola Murska Sobota,http://www.ekonomska-ms.si/,11,I4210145404,,openalex,1,n/a
SI,Slovenia,False,Univerzitetno Središče Novo mesto,http://www.unm.si/si/,11,I4210147615,,openalex,1,n/a
SI,Slovenia,False,Šolski Center Velenje,http://www.scv.si/index.php/en/,10,I4210114966,,openalex,1,n/a
SI,Slovenia,False,B & B,http://www.bb.si/,8,I4210113859,,openalex,1,n/a
SI,Slovenia,False,Šolski Center Ptuj,https://scptuj.si,8,I4210129250,,openalex,1,n/a
SI,Slovenia,False,"Šolski Center za Pošto, Ekonomijo in Telekomunikacije",http://www.scpet.net/,7,I4210151231,,openalex,1,n/a
SI,Slovenia,False,Institute and Academy of Multimedia,http://www.iam.si/,6,I4210101084,,openalex,1,n/a
SI,Slovenia,False,Katoliski institut Izredni študij prava in ekonomije na Fakulteti za pravo in ekonomijo,https://www.katoliski-institut.si,6,I4405263352,,openalex,1,n/a
SI,Slovenia,False,Institute for Project Management and Information Technology,http://www.ipmit.si/index.php/en,4,I4210144808,,openalex,1,n/a
SI,Slovenia,False,Tehnološko raziskovalni center JUB,http://www.jub.eu/,3,I4210162583,,openalex,1,n/a
SI,Slovenia,False,Šolski Center Postojna,http://www2.scpo.si/index.php,2,I4210121760,,openalex,1,n/a
SI,Slovenia,False,Ekonomska Šola Novo Mesto,http://www.esnm.si/,1,I4210117268,,openalex,1,n/a
SI,Slovenia,False,Euro-Mediterranean University of Slovenia,https://emuni.si,0,,Q5411497,wikidata,1,n/a
SI,Slovenia,False,Faculty of Theology – University of Ljubljana,,0,,Q12803990,wikidata,1,n/a
SI,Slovenia,False,International School for Business and Social Studies,http://mfdps.si/en,0,,Q12796287,wikidata,1,n/a
SI,Slovenia,False,New University,https://nova-uni.si,0,,Q50224392,wikidata,1,n/a
SI,Slovenia,False,Skupina IRI Ljubljana,http://www.iri-lj.si/,0,I4210136910,,openalex,1,n/a
SI,Slovenia,False,University and Research Centre Novo Mesto,http://www.unm.si,0,,Q19937506,wikidata,1,n/a
SI,Slovenia,False,University of Novo Mesto,,0,,Q141245982,wikidata,1,n/a
SI,Slovenia,False,Višja Strokovna Šola za Gostinstvo in Turizem Maribor,http://www.vsgt-mb.si/,0,I4210124326,,openalex,1,n/a
SI,Slovenia,False,Šola za Risanje in Slikanje,https://www.arthouse-si.com/,0,I4210108852,,openalex,1,n/a
SK,Slovakia,False,Comenius University Bratislava,https://uniba.sk/,48440,I74788687,,openalex,1,n/a
SK,Slovakia,False,Slovak University of Technology in Bratislava,https://www.stuba.sk,29998,I110757952,Q1778355,openalex;wikidata,2,n/a
SK,Slovakia,False,Technical University of Košice,https://www.tuke.sk,20259,I183764125,Q1719038,openalex;wikidata,2,n/a
SK,Slovakia,False,University of Pavol Jozef Šafárik,https://www.upjs.sk,17175,I204881574,,openalex,1,n/a
SK,Slovakia,False,University of Žilina,https://www.uniza.sk,16278,I3122011922,Q2003858,openalex;wikidata,2,n/a
SK,Slovakia,False,Slovak University of Agriculture in Nitra,https://www.uniag.sk,8336,I128193699,,openalex,1,n/a
SK,Slovakia,False,Constantine the Philosopher University in Nitra,https://www.ukf.sk,5510,I306340464,,openalex,1,n/a
SK,Slovakia,False,University of Prešov,https://www.unipo.sk,5378,I173161963,Q963904,openalex;wikidata,2,n/a
SK,Slovakia,False,Matej Bel University,https://www.umb.sk/,5070,I59655833,Q1908174,openalex;wikidata,2,n/a
SK,Slovakia,False,Technická univerzita vo Zvolene,https://www.tuzvo.sk,4282,I4210099477,,openalex,1,n/a
SK,Slovakia,False,Bratislava University of Economics and Business,https://euba.sk,3814,I64935225,,openalex,1,n/a
SK,Slovakia,False,University of Trnava,https://www.truni.sk,3696,I144246526,,openalex,1,n/a
SK,Slovakia,False,University of Veterinary Medicine in Košice,https://www.uvlf.sk,3626,I3132579651,,openalex,1,n/a
SK,Slovakia,False,University of Ss. Cyril and Methodius in Trnava,https://www.ucm.sk,3240,I4210157357,Q3072182,openalex;wikidata,2,n/a
SK,Slovakia,False,Slovak Medical University,https://eszu.sk,3201,I166775468,Q1466307,openalex;wikidata,2,n/a
SK,Slovakia,False,Trencianska Univerzita Alexandra Dubceka V Trencine,https://tnuni.sk/aktuality,2382,I4210153803,,openalex,1,n/a
SK,Slovakia,False,Catholic University in Ruzomberok,https://www.ku.sk,1800,I4210164481,Q1736408,openalex;wikidata,2,n/a
SK,Slovakia,False,J. Selye University,https://www.ujs.sk,1422,I216306336,,openalex,1,n/a
SK,Slovakia,False,Pan-European University,https://www.paneurouni.com/,1062,I36128562,Q547138,openalex;wikidata,2,n/a
SK,Slovakia,False,Vysoká Škola Zdravotníctva a Sociálnej Práce sv. Alžbety,https://vssvalzbety.sk,666,I4210160088,,openalex,1,n/a
SK,Slovakia,False,Armed Forces Academy,https://aos.sk,501,I4210164179,,openalex,1,n/a
SK,Slovakia,False,DTI University,https://www.dti.sk,458,I4210098883,,openalex,1,n/a
SK,Slovakia,False,Bratislava University of Economics and Management,https://www.vsemba.sk,406,I4210094763,,openalex,1,n/a
SK,Slovakia,False,Academy of the Police Force in Bratislava,https://www.akademiapz.sk,317,I4210116126,,openalex,1,n/a
SK,Slovakia,False,Danubius University,https://www.vsdanubius.sk,199,I4210124133,Q114566054,openalex;wikidata,2,n/a
SK,Slovakia,False,University of Security Management in Košice,https://vsbm.sk,187,I4210147446,Q3578456,openalex;wikidata,2,n/a
SK,Slovakia,False,International School of Management Slovakia,https://www.ismpo.sk,147,I4210104006,,openalex,1,n/a
SK,Slovakia,False,Welding Research Institute - Industrial Institute SR,http://www.vuz.sk/,136,I4210097813,,openalex,1,n/a
SK,Slovakia,False,Academy of Performing Arts in Bratislava,https://www.vsmu.sk/,64,I3133352387,,openalex,1,n/a
SK,Slovakia,False,Grammar School,http://www.gymsnina.sk/,48,I4210154783,,openalex,1,n/a
SK,Slovakia,False,"Vysoká škola manažmentu, City University of Seattle",https://www.vsm.sk,47,I4210094423,,openalex,1,n/a
SK,Slovakia,False,University of Central Europe in Skalica,http://www.sevs.sk/,36,I4210150967,,openalex,1,n/a
SK,Slovakia,False,Bratislava International School of Liberal Arts,https://www.bisla.sk,26,I2800174592,,openalex,1,n/a
SK,Slovakia,False,Slovak Organization for Space Activities,http://sosa.sk/sk/,21,I4210132305,,openalex,1,n/a
SK,Slovakia,False,Akadémia Umení v Banskej Bystrici,https://aku.sk,10,I4210118441,,openalex,1,n/a
SK,Slovakia,False,Stredná Odborná Skola Lesnícka Tvrdošín,http://www.soultv.sk/,4,I4210126647,,openalex,1,n/a
SK,Slovakia,False,Jan Albrecht Music and Art Academy,https://huaja.org,1,I4210165593,,openalex,1,n/a
SK,Slovakia,False,Štátny Inštitút Odborného Vzdelávania,http://siov.sk/,1,I4210121499,,openalex,1,n/a
SK,Slovakia,False,Alexander Dubcek University in Trencin,http://tnuni.sk,0,,Q9366826,wikidata,1,n/a
SK,Slovakia,False,Asociácia Doktorandov Slovenska,http://ads.sk/,0,I4210113760,,openalex,1,n/a
SK,Slovakia,False,Bakomi,http://www.bakomi.sk/,0,I4210131841,,openalex,1,n/a
SK,Slovakia,False,Comenius University,https://uniba.sk,0,,Q31392,wikidata,1,n/a
SK,Slovakia,False,Faculty of Greek-Catholic Theology of the University of Prešov,,0,,Q108697561,wikidata,1,n/a
SK,Slovakia,False,"Faculty of Roman Catholic Theology of Cyril and Methodius, Comenius University in Bratislava",http://www.frcth.uniba.sk,0,,Q3497023,wikidata,1,n/a
SK,Slovakia,False,"Faculty of Theology in Košice, Catholic University in Ružomberok",https://www.ku.sk/index.php/fakulty-a-pracoviska/teologicka-fakulta,0,,Q58806960,wikidata,1,n/a
SK,Slovakia,False,Gymnázium Andreja Sládkoviča,http://gasbb.edupage.org/,0,I4210145130,,openalex,1,n/a
SK,Slovakia,False,Gymnázium Ľudovíta Štúra,http://www.gymnaziumtrencin.sk/home-page.html?page_id=83,0,I4210099367,,openalex,1,n/a
SK,Slovakia,False,Institute of physics of the University of Pavol Jozef Šafárik,,0,,Q6040989,wikidata,1,n/a
SK,Slovakia,False,Pavol Jozef Šafárik University in Košice,https://upjs.sk,0,,Q178333,wikidata,1,n/a
SK,Slovakia,False,Q63139087,,0,,Q63139087,wikidata,1,n/a
SK,Slovakia,False,Selye János University,http://www.ujs.sk,0,,Q1093568,wikidata,1,n/a
SK,Slovakia,False,Slovak University of Agriculture,http://www.uniag.sk,0,,Q1668416,wikidata,1,n/a
SK,Slovakia,False,Stredna Priemyselna Skola Samuela Mikoviniho,http://www.mikovini.sk/,0,I4210151071,,openalex,1,n/a
SK,Slovakia,False,Strednej Odbornej škole Lesníckej Banská Štiavnica,http://www.soslbs.sk,0,I4210128904,,openalex,1,n/a
SK,Slovakia,False,Szenczi Molnár Albert Alapiskola,http://zsamszencziho.edupage.org/,0,I4210148713,,openalex,1,n/a
SK,Slovakia,False,Technical University in Zvolen,http://www.tuzvo.sk,0,,Q637084,wikidata,1,n/a
SK,Slovakia,False,The School of Management,http://www.vsm.sk/en,0,,Q5123488,wikidata,1,n/a
SK,Slovakia,False,Trnava University in Trnava,https://www.truni.sk,0,,Q2585282,wikidata,1,n/a
SK,Slovakia,False,University of Constantine the Philosopher,https://www.ukf.sk,0,,Q9366812,wikidata,1,n/a
SK,Slovakia,False,University of Economics in Bratislava,https://euba.sk,0,,Q1466108,wikidata,1,n/a
SK,Slovakia,False,University of Veterinary Medicine and Pharmacy in Košice,https://www.uvlf.sk,0,,Q1421868,wikidata,1,n/a
SK,Slovakia,False,Základná umelecká škola Jozefa Rosinského,http://www.zusnitra.sk/,0,I4210096377,,openalex,1,n/a
SM,San Marino,False,University of the Republic of San Marino,https://www.unirsm.sm,617,I4210125549,Q796723,openalex;wikidata,2,n/a
SM,San Marino,False,Scuola superiore di studi storici di San Marino,,0,,Q2653978,wikidata,1,n/a
TR,Turkey,False,Istanbul University,https://www.istanbul.edu.tr,89858,I67581229,Q192964,openalex;wikidata,3,True
TR,Turkey,False,Hacettepe University,https://www.hacettepe.edu.tr,85142,I66514158,Q1567050,openalex;wikidata,3,True
TR,Turkey,False,Ankara University,https://ankara.edu.tr,72244,I149218525,Q1060621,openalex;wikidata,3,True
TR,Turkey,False,Gazi University,https://gazi.edu.tr/,62006,I95634034,Q1496662,openalex;wikidata,3,True
TR,Turkey,False,Ege University,https://ege.edu.tr,55004,I41641357,Q1297001,openalex;wikidata,2,False
TR,Turkey,False,Istanbul Technical University,https://www.itu.edu.tr,54796,I48912391,Q344334,openalex;wikidata,3,True
TR,Turkey,False,Middle East Technical University,https://www.metu.edu.tr,51076,I201799495,Q756126,openalex;wikidata,3,True
TR,Turkey,False,Marmara University,https://www.marmara.edu.tr,47913,I74897591,Q1424081,openalex;wikidata,2,False
TR,Turkey,False,Atatürk University,https://atauni.edu.tr,43467,I64134780,Q753778,openalex;wikidata,3,True
TR,Turkey,False,Dokuz Eylül University,https://www.deu.edu.tr,42490,I193615760,Q1235258,openalex;wikidata,3,True
TR,Turkey,False,Istanbul University-Cerrahpaşa,https://www.iuc.edu.tr,41327,I4210112471,Q6079964,openalex;wikidata,3,True
TR,Turkey,False,Selçuk University,https://selcuk.edu.tr,39295,I137996928,Q1627814,openalex;wikidata,2,False
TR,Turkey,False,Erciyes University,https://erciyes.edu.tr,36116,I87673952,Q4810943,openalex;wikidata,2,False
TR,Turkey,False,Cukurova University,https://cu.edu.tr,34423,I55931168,Q272951,openalex;wikidata,2,False
TR,Turkey,False,Ondokuz Mayıs University,https://www.omu.edu.tr,33317,I227306068,Q7092215,openalex;wikidata,3,True
TR,Turkey,False,Akdeniz University,https://akdeniz.edu.tr,32352,I197907453,Q169939,openalex;wikidata,3,True
TR,Turkey,False,Yıldız Technical University,https://yildiz.edu.tr,31296,I4101805,Q1093258,openalex;wikidata,3,True
TR,Turkey,False,Fırat University,https://www.firat.edu.tr,30239,I143396566,Q1142874,openalex;wikidata,3,True
TR,Turkey,False,Sakarya University,http://www.sakarya.edu.tr,28492,I103703290,Q1718685,openalex;wikidata,3,True
TR,Turkey,False,Karadeniz Technical University,https://ktu.edu.tr,27918,I162720556,Q4823749,openalex;wikidata,3,True
TR,Turkey,False,Boğaziçi University,https://bogazici.edu.tr,25529,I4405392,Q896267,openalex;wikidata,3,True
TR,Turkey,False,Koç University,https://www.ku.edu.tr,25248,I1351752,Q1193155,openalex;wikidata,3,True
TR,Turkey,False,Pamukkale University,https://www.pau.edu.tr,24676,I48843708,Q1278023,openalex;wikidata,3,True
TR,Turkey,False,Süleyman Demirel Üniversitesi,https://w3.sdu.edu.tr,24372,I175124709,,openalex,2,True
TR,Turkey,False,Inonu University,https://www.inonu.edu.tr,23837,I20126385,Q343987,openalex;wikidata,3,True
TR,Turkey,False,Başkent University,https://www.baskent.edu.tr,23092,I188740104,Q170171,openalex;wikidata,2,False
TR,Turkey,False,Sivas Cumhuriyet Üniversitesi,https://www.cumhuriyet.edu.tr,23045,I12700597,,openalex,2,True
TR,Turkey,False,Çanakkale Onsekiz Mart Üniversitesi,https://www.comu.edu.tr,22987,I115953327,,openalex,2,True
TR,Turkey,False,Van Yüzüncü Yıl Üniversitesi,http://www.yyu.edu.tr/,22505,I118567650,,openalex,2,True
TR,Turkey,False,Gaziantep University,https://gantep.edu.tr,22000,I59738393,Q1496654,openalex;wikidata,3,True
TR,Turkey,False,Bilkent University,https://w3.bilkent.edu.tr/bilkent,21817,I168864056,Q861904,openalex;wikidata,3,True
TR,Turkey,False,Necmettin Erbakan University,https://www.erbakan.edu.tr,21457,I4210107659,Q6089124,openalex;wikidata,2,False
TR,Turkey,False,Mersin Üniversitesi,https://www.mersin.edu.tr,20222,I51780484,,openalex,2,True
TR,Turkey,False,Dicle University,https://www.dicle.edu.tr,19856,I123466251,Q130499,openalex;wikidata,3,True
TR,Turkey,False,Anadolu University,https://anadolu.edu.tr,19818,I133743585,Q483758,openalex;wikidata,3,True
TR,Turkey,False,Manisa Celal Bayar University,https://www.mcbu.edu.tr,18812,I16748637,Q5057509,openalex;wikidata,3,True
TR,Turkey,False,Ankara Yıldırım Beyazıt University,https://aybu.edu.tr,18446,I4210150808,,openalex,2,True
TR,Turkey,False,Adnan Menderes University,https://www.adu.edu.tr/,18049,I76806599,,openalex,2,True
TR,Turkey,False,Muğla University,https://mu.edu.tr,17318,I79946792,,openalex,2,True
TR,Turkey,False,Trakya University,https://www.trakya.edu.tr,16138,I12387023,Q845682,openalex;wikidata,3,True
TR,Turkey,False,Tokat Gaziosmanpaşa Üniversitesi,https://www.gop.edu.tr,15954,I238144855,,openalex,2,True
TR,Turkey,False,Bolu Abant İzzet Baysal University,https://ibu.edu.tr,15931,I76973811,,openalex,2,True
TR,Turkey,False,Istanbul Medipol University,https://www.medipol.edu.tr/en/,15854,I3125470973,Q30253989,openalex;wikidata,3,True
TR,Turkey,False,Düzce Üniversitesi,https://duzce.edu.tr,15474,I54001450,,openalex,2,True
TR,Turkey,False,Kırıkkale University,https://kku.edu.tr,15406,I45642913,Q6454746,openalex;wikidata,3,True
TR,Turkey,False,Harran University,https://harran.edu.tr,15284,I80538482,Q113946888;Q5663864,openalex;wikidata,3,True
TR,Turkey,False,Kahramanmaraş Sütçü İmam University,https://www.ksu.edu.tr,15083,I46017,Q3674402,openalex;wikidata,3,True
TR,Turkey,False,Izmir Kâtip Çelebi University,https://ikcu.edu.tr,15040,I250383648,Q16850737,openalex;wikidata,2,False
TR,Turkey,False,Recep Tayyip Erdoğan University,https://erdogan.edu.tr,14886,I161597582,Q4276748,openalex;wikidata,3,True
TR,Turkey,False,Afyon Kocatepe University,https://aku.edu.tr,14631,I52407163,Q4690863,openalex;wikidata,3,True
TR,Turkey,False,Karabük University,https://www.karabuk.edu.tr,13479,I173761726,Q11136363,openalex;wikidata,3,True
TR,Turkey,False,Balıkesir University,https://balikesir.edu.tr,13425,I115600380,Q4853224,openalex;wikidata,3,True
TR,Turkey,False,Zonguldak Bülent Ecevit University,https://w3.beun.edu.tr/,13301,I3017902709,Q5005278,openalex;wikidata,3,True
TR,Turkey,False,Istanbul Medeniyet University,https://www.medeniyet.edu.tr,13202,I57913696,Q11158752,openalex;wikidata,3,True
TR,Turkey,False,Sabancı Üniversitesi,https://sabanciuniv.edu,12976,I134235054,,openalex,2,True
TR,Turkey,False,Niğde Ömer Halisdemir Üniversitesi,https://www.ohu.edu.tr,12808,I198265615,,openalex,2,True
TR,Turkey,False,Gebze Technical University,https://www.gtu.edu.tr,12758,I109297418,Q281155,openalex;wikidata,3,True
TR,Turkey,False,Bahçeşehir University,https://bau.edu.tr,11726,I128277893,Q3409570,openalex;wikidata,2,False
TR,Turkey,False,Usak University,https://www.usak.edu.tr/,11722,I204585392,Q7905547,openalex;wikidata,3,True
TR,Turkey,False,Tekirdağ Namık Kemal University,http://www.nku.edu.tr/en,11579,I125454184,,openalex,2,True
TR,Turkey,False,Yeditepe University,https://yeditepe.edu.tr,11336,I100072489,Q478948,openalex;wikidata,2,False
TR,Turkey,False,Istinye University,https://www.istinye.edu.tr,11147,I4210121333,Q28160625,openalex;wikidata,2,False
TR,Turkey,False,Erzincan Binali Yıldırım University,https://ebyu.edu.tr,10860,I176037994,Q3674310,openalex;wikidata,3,True
TR,Turkey,False,Kastamonu University,https://kastamonu.edu.tr,10811,I98905743,Q595840,openalex;wikidata,3,True
TR,Turkey,False,Aksaray University,https://www.aksaray.edu.tr,10798,I121596126,Q4701750,openalex;wikidata,3,True
TR,Turkey,False,Yozgat Bozok Üniversitesi,https://www.bozok.edu.tr,10586,I2799303410,,openalex,2,True
TR,Turkey,False,Burdur Mehmet Akif Ersoy Üniversitesi,https://www.mehmetakif.edu.tr,10431,I54515432,,openalex,2,True
TR,Turkey,False,Kütahya Dumlupınar Üniversitesi,https://www.dpu.edu.tr,10322,I3018710136,,openalex,2,True
TR,Turkey,False,Giresun University,https://giresun.edu.tr,10293,I148202161,Q12809694,openalex;wikidata,3,True
TR,Turkey,False,Istanbul Aydın University,https://aydin.edu.tr,10129,I179948855,Q6088582,openalex;wikidata,3,True
TR,Turkey,False,Adıyaman University,https://adiyaman.edu.tr,10077,I198587356,Q380454,openalex;wikidata,3,True
TR,Turkey,False,Ahi Evran University,https://www.ahievran.edu.tr,10075,I204483917,Q6088997,openalex;wikidata,3,True
TR,Turkey,False,Ordu University,http://www.odu.edu.tr/,9821,I64957398,Q6100422,openalex;wikidata,3,True
TR,Turkey,False,Kafkas University,https://kafkas.edu.tr,9764,I135987583,Q3674409,openalex;wikidata,3,True
TR,Turkey,False,Hitit Üniversitesi,https://www.hitit.edu.tr,9283,I2799360972,,openalex,2,True
TR,Turkey,False,Izmir Institute of Technology,https://iyte.edu.tr,8434,I120217413,Q344405,openalex;wikidata,3,True
TR,Turkey,False,Bingöl University,https://bingol.edu.tr,8299,I147699246,Q863852,openalex;wikidata,3,True
TR,Turkey,False,Karamanoğlu Mehmetbey University,https://kmu.edu.tr,8296,I46464968,Q6368296,openalex;wikidata,3,True
TR,Turkey,False,Nevşehir Hacı Bektaş Veli University,https://nevsehir.edu.tr,7954,I1281109512,Q6059990,openalex;wikidata,3,True
TR,Turkey,False,Siirt Üniversitesi,https://www.siirt.edu.tr,7717,I149717392,,openalex,2,True
TR,Turkey,False,Bilecik Şeyh Edebali Üniversitesi,https://bilecik.edu.tr,7352,I169255954,,openalex,2,True
TR,Turkey,False,Çankırı Karatekin University,https://karatekin.edu.tr/,7313,I224962290,Q6098422,openalex;wikidata,3,True
TR,Turkey,False,Çankaya University,https://www.cankaya.edu.tr,7094,I106245021,Q272614,openalex;wikidata,2,False
TR,Turkey,False,TOBB University of Economics and Technology,https://www.etu.edu.tr,7057,I13236232,Q3021766,openalex;wikidata,3,True
TR,Turkey,False,Ankara Hacı Bayram Veli University,https://hacibayram.edu.tr,6998,I3129222432,Q52236613,openalex;wikidata,3,True
TR,Turkey,False,İstanbul Gelişim Üniversitesi,https://www.gelisim.edu.tr/tr/gelisim-anasayfa,6944,I4210091267,,openalex,2,True
TR,Turkey,False,Amasya Üniversitesi,https://www.amasya.edu.tr,6856,I70387731,,openalex,2,True
TR,Turkey,False,Isparta University of Applied Sciences,https://www.isparta.edu.tr/,6662,I4210118295,Q52162257,openalex;wikidata,2,False
TR,Turkey,False,Sinop University,https://www.sinop.edu.tr/,6301,I76257594,Q6103200,openalex;wikidata,3,True
TR,Turkey,False,Biruni University,https://en.biruni.edu.tr/,6228,I4210104933,Q19610800,openalex;wikidata,2,False
TR,Turkey,False,Gümüşhane University,https://gumushane.edu.tr,6145,I143914637,Q5626894,openalex;wikidata,3,True
TR,Turkey,False,Muş Alparslan University,http://www.alparslan.edu.tr/,6136,I140912994,Q6944545,openalex;wikidata,3,True
TR,Turkey,False,Eskisehir Technical University,https://eskisehir.edu.tr,5830,I4210091955,Q52162261,openalex;wikidata,3,True
TR,Turkey,False,Kırklareli University,https://www.klu.edu.tr,5616,I264262938,Q603581,openalex;wikidata,3,True
TR,Turkey,False,Iğdır Üniversitesi,https://www.igdir.edu.tr,5526,I344703621,,openalex,2,True
TR,Turkey,False,İzmir University of Economics,https://www.ieu.edu.tr/,5492,I15059493,Q4822444,openalex;wikidata,2,False
TR,Turkey,False,Bandırma Onyedi Eylül University,https://bandirma.edu.tr,5488,I3133171086,Q20757715,openalex;wikidata,2,False
TR,Turkey,False,Osmaniye Korkut Ata University,https://osmaniye.edu.tr/,5482,I137265801,Q6081936,openalex;wikidata,3,True
TR,Turkey,False,Istanbul Bilgi University,https://www.bilgi.edu.tr,5399,I118036225,Q344262,openalex;wikidata,3,True
TR,Turkey,False,Batman University,https://batman.edu.tr,5298,I32481161,Q6859802,openalex;wikidata,3,True
TR,Turkey,False,Okan University,https://www.okan.edu.tr/,5194,I96268669,Q6100694,openalex;wikidata,2,False
TR,Turkey,False,Özyeğin University,https://www.ozyegin.edu.tr/,5191,I44925452,Q8079161,openalex;wikidata,2,False
TR,Turkey,False,Yalova University,https://yalova.edu.tr,5106,I40790370,Q8047517,openalex;wikidata,3,True
TR,Turkey,False,Mardin Artuklu University,https://artuklu.edu.tr,5058,I217764696,Q6586561,openalex;wikidata,3,True
TR,Turkey,False,Istanbul Commerce University,https://www.ticaret.edu.tr/,5052,I53210213,Q3073363,openalex;wikidata,3,True
TR,Turkey,False,Artvin Coruh University,https://www.artvin.edu.tr/,5029,I140106629,Q6103980,openalex;wikidata,3,True
TR,Turkey,False,Bursa Technical University,https://btu.edu.tr,5022,I192257213,Q5000560,openalex;wikidata,3,True
TR,Turkey,False,Bayburt University,https://www.bayburt.edu.tr/,4989,I140940799,Q6088135,openalex;wikidata,3,True
TR,Turkey,False,Bitlis Eren University,https://www.beu.edu.tr/,4879,I41055640,Q16827443,openalex;wikidata,3,True
TR,Turkey,False,Doğuş University,https://dogus.edu.tr,4851,I129994210,Q2254240,openalex;wikidata,2,False
TR,Turkey,False,Üsküdar University,https://uskudar.edu.tr,4779,I1281256770,Q6063394,openalex;wikidata,2,False
TR,Turkey,False,Munzur University,https://www.munzur.edu.tr/,4542,I64925351,Q6552441,openalex;wikidata,3,True
TR,Turkey,False,İstanbul Nişantaşı Üniversitesi,https://www.nisantasi.edu.tr,4530,I282159120,,openalex,2,True
TR,Turkey,False,Maltepe University,https://maltepe.edu.tr,4352,I44457188,Q1697376,openalex;wikidata,2,False
TR,Turkey,False,Erzurum Technical University,https://www.erzurum.edu.tr/,4299,I265519392,Q6065828,openalex;wikidata,3,True
TR,Turkey,False,Ağrı İbrahim Çeçen University,https://www.agri.edu.tr,4278,I307617284,Q3674354,openalex;wikidata,3,True
TR,Turkey,False,Konya Technical University,https://ktun.edu.tr,4250,I4210117254,Q52236385,openalex;wikidata,3,True
TR,Turkey,False,Kadir Has University,https://www.khas.edu.tr,4191,I132286405,Q3242620,openalex;wikidata,2,False
TR,Turkey,False,Samsun University,https://samsun.edu.tr/,4180,I4210115931,Q52236662,openalex;wikidata,2,False
TR,Turkey,False,Altınbaş University,https://www.altinbas.edu.tr,4121,I42317466,Q2756518,openalex;wikidata,2,False
TR,Turkey,False,Adana Science and Technology University,https://www.atu.edu.tr/,3952,I50379099,,openalex,2,True
TR,Turkey,False,İskenderun Technical University,https://iste.edu.tr,3931,I4210155859,Q21523789,openalex;wikidata,3,True
TR,Turkey,False,Fatih University,http://www.fatih.edu.tr/?&language=EN,3928,I32462889,Q5437801,openalex;wikidata,2,False
TR,Turkey,False,Yaşar University,https://www.yasar.edu.tr,3907,I59944920,Q8050681,openalex;wikidata,2,False
TR,Turkey,False,İstanbul Sabahattin Zaim Üniversitesi,https://www.izu.edu.tr,3869,I123758333,,openalex,2,True
TR,Turkey,False,Kilis 7 Aralık University,https://kilis.edu.tr,3724,I4210151619,Q6407000,openalex;wikidata,3,True
TR,Turkey,False,Istanbul Kültür University,https://www.iku.edu.tr,3514,I197185219,Q6088633,openalex;wikidata,3,True
TR,Turkey,False,Hasan Kalyoncu University,https://www.hku.edu.tr,3479,I4210154391,Q6669345,openalex;wikidata,2,False
TR,Turkey,False,Turgut Özal University,http://www.turgutozal.edu.tr/tr,3307,I6573832,Q6087663,openalex;wikidata,2,False
TR,Turkey,False,Haliç University,http://www.halic.edu.tr/tr,3214,I25010766,Q5642495,openalex;wikidata,2,False
TR,Turkey,False,Istanbul Arel University,https://www.arel.edu.tr/,3166,I50627504,Q6088573,openalex;wikidata,3,True
TR,Turkey,False,Tarsus University,http://www.tarsus.edu.tr/Website/Default.aspx,3133,I4210132115,Q52162280,openalex;wikidata,2,False
TR,Turkey,False,KTO Karatay University,https://www.karatay.edu.tr,2962,I4210153056,Q6095550,openalex;wikidata,2,False
TR,Turkey,False,Ardahan University,https://ardahan.edu.tr,2909,I133229071,Q12808547,openalex;wikidata,3,True
TR,Turkey,False,Hakkari University,https://hakkari.edu.tr,2830,I160534799,Q5640536,openalex;wikidata,3,True
TR,Turkey,False,Galatasaray University,https://gsu.edu.tr,2825,I94294566,Q1491731,openalex;wikidata,2,False
TR,Turkey,False,Abdullah Gül University,http://www.agu.edu.tr/,2734,I95293974,Q6083428,openalex;wikidata,3,True
TR,Turkey,False,Istanbul Yeni Yüzyıl University,http://www.yeniyuzyil.edu.tr/,2683,I311431067,,openalex,2,True
TR,Turkey,False,Ufuk University,http://www2.ufuk.edu.tr/,2525,I165891364,Q5299037,openalex;wikidata,2,False
TR,Turkey,False,Şırnak University,https://sirnak.edu.tr,2516,I240986617,Q8082628,openalex;wikidata,3,True
TR,Turkey,False,Fatih Sultan Mehmet Waqf University,https://www.fsm.edu.tr,2462,I4210146544,,openalex,2,True
TR,Turkey,False,Işık University,http://www.isikun.edu.tr/en,2457,I167234411,Q819402,openalex;wikidata,2,False
TR,Turkey,False,TED University,https://www.tedu.edu.tr,2356,I4210115299,Q6070524,openalex;wikidata,2,False
TR,Turkey,False,Antalya Bilim University,https://antalya.edu.tr/,2091,I4210100577,Q6081675,openalex;wikidata,2,False
TR,Turkey,False,Ankara Dr. Abdurrahman Yurtaslan Oncology Training and Research Hospital,https://ankaraonkolojieah.saglik.gov.tr,2075,I4405255141,,openalex,2,True
TR,Turkey,False,Gedik University,http://ww3.gedik.edu.tr/eng/,1953,I4210161067,Q30263518,openalex;wikidata,2,False
TR,Turkey,False,Istanbul Bilim University,http://www.istanbulbilim.edu.tr/eng/?sc=d&W=1366,1833,I167138147,Q6088590,openalex;wikidata,3,True
TR,Turkey,False,Ostim Technical University,https://www.ostimteknik.edu.tr,1793,I4210155103,Q30312588,openalex;wikidata,3,True
TR,Turkey,False,Piri Reis University,https://www.pirireis.edu.tr/,1589,I101840525,Q1186326,openalex;wikidata,2,False
TR,Turkey,False,Izmir University,http://www.izmir.edu.tr/,1560,I132257509,Q11271520,openalex;wikidata,2,False
TR,Turkey,False,Ankara Sosyal Bilimler Üniversitesi,https://www.asbu.edu.tr/,1502,I2801662971,,openalex,2,True
TR,Turkey,False,Ibn Haldun University,https://www.ihu.edu.tr,1501,I4210123170,Q25477770,openalex;wikidata,2,False
TR,Turkey,False,Istanbul Topkapi University,https://www.topkapi.edu.tr,1451,I2802529618,,openalex,2,True
TR,Turkey,False,Fenerbahçe University,https://www.fbu.edu.tr,1424,I3132756774,Q5443327,openalex;wikidata,2,False
TR,Turkey,False,Cappadocia University,https://kapadokya.edu.tr,1275,I4210108073,Q6015903,openalex;wikidata,2,False
TR,Turkey,False,Istanbul Kent University,https://www.kent.edu.tr/,1238,I4210109286,Q30312829,openalex;wikidata,3,True
TR,Turkey,False,MEF University,https://www.mef.edu.tr,1222,I1301968116,Q16951274,openalex;wikidata,2,False
TR,Turkey,False,Toros University,https://www.toros.edu.tr/,1221,I12685407,Q7826705,openalex;wikidata,2,False
TR,Turkey,False,Naval Academy,https://dho.msu.edu.tr,1198,I157637111,,openalex,2,True
TR,Turkey,False,Sanko University,http://english.sanko.edu.tr/,1066,I4210135744,Q19612419,openalex;wikidata,2,False
TR,Turkey,False,University of Turkish Aeronautical Association,https://www.thk.edu.tr,1042,I4210145505,Q6092476,openalex;wikidata,2,False
TR,Turkey,False,Turkish Air Force Academy,http://www.hho.edu.tr/EN,1032,I99312532,Q7855223,openalex;wikidata,3,True
TR,Turkey,False,Nuh Naci Yazgan University,https://www.nny.edu.tr,1007,I2801336597,Q20988491,openalex;wikidata,2,False
TR,Turkey,False,Çağ University,https://www.cag.edu.tr,953,I32172342,Q6035202,openalex;wikidata,2,False
TR,Turkey,False,Kahramanmaraş İstiklal Üniversitesi,https://istiklal.edu.tr,908,I4387156072,,openalex,2,True
TR,Turkey,False,Avrasya University,https://avrasya.edu.tr,900,I1329879541,Q6091376,openalex;wikidata,2,False
TR,Turkey,False,Konya Food and Agriculture University,https://www.gidatarim.edu.tr,829,I2799958217,Q19611734,openalex;wikidata,2,False
TR,Turkey,False,Turkish Military Academy,http://www.kho.edu.tr/,810,I94871006,,openalex,2,True
TR,Turkey,False,Şifa University,http://en.sifa.edu.tr/,801,I334480368,Q8082518,openalex;wikidata,2,False
TR,Turkey,False,Istanbul Şehir University,http://www.sehir.edu.tr/en/Pages/home.aspx,715,I13419840,Q6088707,openalex;wikidata,3,True
TR,Turkey,False,Istanbul 29 Mayis University,https://www.29mayis.edu.tr,643,I4210104389,Q30263524,openalex;wikidata,3,True
TR,Turkey,False,Zirve University,http://www.zirve.edu.tr/en/,621,I164633055,Q6499731,openalex;wikidata,2,False
TR,Turkey,False,Mevlana University,http://www.mevlana.edu.tr,609,I3129561438,Q6085143,openalex;wikidata,2,False
TR,Turkey,False,Alanya University,https://www.alanyauniversity.edu.tr,525,I4210116999,Q6048745,openalex;wikidata,2,False
TR,Turkey,False,Gediz University,http://www.gediz.edu.tr/index_en.php,410,I149028718,Q6099023,openalex;wikidata,2,False
TR,Turkey,False,Meliksah University,http://www.meliksah.edu.tr/?&language=EN#,258,I3132082138,Q6084681,openalex;wikidata,2,False
TR,Turkey,False,Bursa Orhangazi University,http://www.bou.edu.tr/,216,I3003364,Q5000549,openalex;wikidata,2,False
TR,Turkey,False,Canik Başarı University,http://www.basari.edu.tr/?&changelang=EN,164,I264664839,Q13573451,openalex;wikidata,2,False
TR,Turkey,False,British Institute at Ankara,http://biaa.ac.uk/,124,I4210160827,,openalex,2,True
TR,Turkey,False,Ipek University,http://ipek.edu.tr/en/,119,I4210105856,Q12812964,openalex;wikidata,2,False
TR,Turkey,False,Süleyman Şah University,http://www.ssu.edu.tr/?hakkimizda,117,I4210160108,,openalex,2,True
TR,Turkey,False,İstanbul Sisli Meslek Yüksekokulu,https://www.sisli.edu.tr,103,I4210097416,,openalex,2,True
TR,Turkey,False,iFACE Academy,https://ifaceacademy.org,100,I4405259135,,openalex,2,True
TR,Turkey,False,Istanbul Provincial Directorate of National Education,https://istanbul.meb.gov.tr,89,I4405255026,,openalex,2,True
TR,Turkey,False,Istanbul Foundation for Research and Education,https://www.isar.org.tr/en,26,I4210140666,,openalex,2,True
TR,Turkey,False,Ankara Üniversitesi Deniz Hukuku Ulusal Araştırma Merkezi,https://www.dehukam.org,11,I4405266025,,openalex,2,True
TR,Turkey,False,Eskişehir Anadolu Lisesi,https://eskisehiranadolulisesi.meb.k12.tr,2,I4405254046,,openalex,2,True
TR,Turkey,False,Abant Izzet Baysal University,http://www.ibu.edu.tr,0,,Q305507,wikidata,2,True
TR,Turkey,False,Acıbadem Mehmet Ali Aydınlar University,https://www.acibadem.edu.tr,0,,Q4678047,wikidata,2,True
TR,Turkey,False,Adana Alparslan Türkeş Science and Technology University,http://www.atu.edu.tr,0,,Q6074590,wikidata,2,True
TR,Turkey,False,Amasya University,http://www.amasya.edu.tr,0,,Q6073794,wikidata,2,True
TR,Turkey,False,Anka University of Technology,http://www.anka.edu.tr,0,,Q19610519,wikidata,2,True
TR,Turkey,False,Ankara Medipol University,https://ankaramedipol.edu.tr,0,,Q52162252,wikidata,2,True
TR,Turkey,False,Ankara Science University,https://www.ankarabilim.edu.tr,0,,Q97204373,wikidata,2,True
TR,Turkey,False,Ankara University of Music and Fine Arts,http://mgu.edu.tr,0,,Q30312585,wikidata,2,True
TR,Turkey,False,Aydın Adnan Menderes University,http://www.adu.edu.tr,0,,Q359735,wikidata,2,True
TR,Turkey,False,Bartın University,http://www.bartin.edu.tr,0,,Q6089196,wikidata,2,True
TR,Turkey,False,Bilecik Şeyh Edebali University,https://www.bilecik.edu.tr,0,,Q6096546,wikidata,2,True
TR,Turkey,False,Bilkent Laboratory and International School,http://blisankara.org,0,,Q4907815,wikidata,2,True
TR,Turkey,False,Burdur Mehmet Akif Ersoy University,https://www.mehmetakif.edu.tr,0,,Q924465,wikidata,2,True
TR,Turkey,False,Cost Guard Academy,,0,,Q28158677,wikidata,2,True
TR,Turkey,False,Düzce University,http://www.duzce.edu.tr,0,,Q6081316,wikidata,2,True
TR,Turkey,False,Fatih Sultan Mehmet Vakif University,https://www.fsm.edu.tr,0,,Q6066818,wikidata,2,True
TR,Turkey,False,Gaziantep Islam Science and Technology University,http://www.gibtu.net,0,,Q60673567,wikidata,2,True
TR,Turkey,False,Hacettepe University Ankara State Conservatory,,0,,Q4386612,wikidata,2,True
TR,Turkey,False,Hitit University,http://www.hitit.edu.tr,0,,Q6103572,wikidata,2,True
TR,Turkey,False,Istanbul Beykent University,http://www.beykent.edu.tr,0,,Q853151,wikidata,2,True
TR,Turkey,False,Istanbul Esenyurt University,http://esenyurt.edu.tr,0,,Q19613824,wikidata,2,True
TR,Turkey,False,Istanbul Gelisim University,http://www.gelisim.edu.tr,0,,Q6078998,wikidata,2,True
TR,Turkey,False,Istanbul Health and Technology University,https://www.istun.edu.tr,0,,Q97320401,wikidata,2,True
TR,Turkey,False,Istanbul Nişantaşı University,http://www.nisantasi.edu.tr,0,,Q6069457,wikidata,2,True
TR,Turkey,False,Istanbul Rumeli University,http://rumeli.edu.tr,0,,Q25477809,wikidata,2,True
TR,Turkey,False,Istanbul Sabahattin Zaim University,http://www.izu.edu.tr,0,,Q6073295,wikidata,2,True
TR,Turkey,False,Istanbul University State Conservatory,http://konservatuvar.istanbul.edu.tr/tr/index.asp,0,,Q3018624,wikidata,2,True
TR,Turkey,False,Iğdır University,http://www.igdir.edu.tr,0,,Q6103376,wikidata,2,True
TR,Turkey,False,İstanbul İktisadî ve Ticarî İlimler Akademisi,,0,,Q6092499,wikidata,2,True
TR,Turkey,False,İstanbul Topkapı University,http://topkapi.edu.tr,0,,Q6082132,wikidata,2,True
TR,Turkey,False,İstanbul Şişli Vocational School,http://www.sisli.edu.tr,0,,Q19613837,wikidata,2,True
TR,Turkey,False,Kahramanmaraş İstiklal University,http://www.istiklal.edu.tr,0,,Q52162263,wikidata,2,True
TR,Turkey,False,Kocaeli Health and Technology University,https://kocaelisaglik.edu.tr,0,,Q97208050,wikidata,2,True
TR,Turkey,False,Kütahya Dumlupınar University,https://www.dpu.edu.tr,0,,Q6454207,wikidata,2,True
TR,Turkey,False,Kütahya Health Sciences University,http://www.ksbu.edu.tr,0,,Q52236454,wikidata,2,True
TR,Turkey,False,Mersin University,http://www.mersin.edu.tr,0,,Q1922090,wikidata,2,True
TR,Turkey,False,Muğla Sıtkı Koçman University,http://www.mu.edu.tr,0,,Q6944541,wikidata,2,True
TR,Turkey,False,Namık Kemal University,http://www.nku.edu.tr,0,,Q1964403,wikidata,2,True
TR,Turkey,False,Niğde Ömer Halisdemir University,http://www.nigde.edu.tr,0,,Q7042323,wikidata,2,True
TR,Turkey,False,Sabancı University,http://www.sabanciuniv.edu,0,,Q7395882,wikidata,2,True
TR,Turkey,False,Sakarya University of Applied Sciences,http://www.subu.edu.tr,0,,Q52236336,wikidata,2,True
TR,Turkey,False,Semerkand University of Science and Civilization,,0,,Q52162245,wikidata,2,True
TR,Turkey,False,Siirt University,http://www.siirt.edu.tr,0,,Q7513486,wikidata,2,True
TR,Turkey,False,Sivas Cumhuriyet University,http://www.cumhuriyet.edu.tr,0,,Q5194072,wikidata,2,True
TR,Turkey,False,Sivas University of Science and Technology,https://www.sivas.edu.tr,0,,Q52162282,wikidata,2,True
TR,Turkey,False,Social Sciences University of Ankara,http://www.asbu.edu.tr,0,,Q19610523,wikidata,2,True
TR,Turkey,False,Süleyman Demirel University,http://www.sdu.edu.tr,0,,Q1509957,wikidata,2,True
TR,Turkey,False,Tokat Gaziosmanpaşa University,http://www.gop.edu.tr,0,,Q5529157,wikidata,2,True
TR,Turkey,False,"Turkey International Islam, Science and Technology University",,0,,Q30312790,wikidata,2,True
TR,Turkey,False,Turkish Naval Academy,http://www.dho.edu.tr,0,,Q7855295,wikidata,2,True
TR,Turkey,False,Turkish-Japanese University of Science and Technology,,0,,Q31211727,wikidata,2,True
TR,Turkey,False,Van Yüzüncü Yıl University,http://www.yyu.edu.tr,0,,Q3671573,wikidata,2,True
TR,Turkey,False,Yozgat Bozok University,http://www.bozok.edu.tr,0,,Q6085866,wikidata,2,True
TR,Turkey,False,Çanakkale Onsekiz Mart University,http://www.comu.edu.tr,0,,Q272576,wikidata,2,True
UA,Ukraine,False,Taras Shevchenko National University of Kyiv,https://knu.ua,55514,I189238007,Q84151,openalex;wikidata,2,n/a
UA,Ukraine,False,National Technical University of Ukraine “Igor Sikorsky Kyiv Polytechnic Institute”,https://www.kpi.ua,40179,I202483615,,openalex,1,n/a
UA,Ukraine,False,Lviv Polytechnic National University,http://www.lp.edu.ua/en,35978,I98435010,,openalex,1,n/a
UA,Ukraine,False,Lviv University,https://lnu.edu.ua/,33423,I200280692,Q80207,openalex;wikidata,2,n/a
UA,Ukraine,False,V. N. Karazin Kharkiv National University,https://karazin.ua,29709,I8765205,,openalex,1,n/a
UA,Ukraine,False,"National Technical University ""Kharkiv Polytechnic Institute""",https://www.kpi.kharkov.ua/ukr,21674,I67256668,,openalex,1,n/a
UA,Ukraine,False,"National University ""Kyiv Aviation Institute""",https://nau.edu.ua,19449,I90281761,,openalex,1,n/a
UA,Ukraine,False,National University of Life and Environmental Sciences of Ukraine,http://nubip.edu.ua/,19269,I208086522,Q4315124,openalex;wikidata,2,n/a
UA,Ukraine,False,Uzhhorod National University,https://www.uzhnu.edu.ua/,14822,I77443782,Q4469637,openalex;wikidata,2,n/a
UA,Ukraine,False,Odesa I. I. Mechnikov National University,https://onu.edu.ua/,14678,I181840440,,openalex,1,n/a
UA,Ukraine,False,Bogomolets National Medical University,https://nmuofficial.com,14270,I84407627,Q4315019,openalex;wikidata,2,n/a
UA,Ukraine,False,Oles Honchar Dnipro National University,https://www.dnu.dp.ua/,14236,I883679329,Q1989628,openalex;wikidata,2,n/a
UA,Ukraine,False,Sumy State University,https://sumdu.edu.ua/int/en/,14170,I25822123,Q4446047,openalex;wikidata,2,n/a
UA,Ukraine,False,Yuriy Fedkovych Chernivtsi National University,https://www.chnu.edu.ua,13871,I130701412,,openalex,1,n/a
UA,Ukraine,False,Vinnytsia National Technical University,https://vntu.edu.ua/,12579,I4210100610,Q12093373,openalex;wikidata,2,n/a
UA,Ukraine,False,Vasyl Stefanyk Carpathian National University,https://cnu.edu.ua,11690,I4210155269,Q1131169,openalex;wikidata,2,n/a
UA,Ukraine,False,Kharkiv National University of Radio Electronics,https://nure.ua,10834,I107158390,,openalex,1,n/a
UA,Ukraine,False,I.Horbachevsky Ternopil National Medical University,https://www.tdmu.edu.ua/en/,10713,I4210156742,,openalex,1,n/a
UA,Ukraine,False,West Ukrainian National University,https://www.wunu.edu.ua,10174,I160977438,Q4456097,openalex;wikidata,2,n/a
UA,Ukraine,False,Kyiv National University of Construction and Architecture,https://www.knuba.edu.ua/,10111,I155165993,Q1741154,openalex;wikidata,2,n/a
UA,Ukraine,False,Odesа Polytechnic National University,https://op.edu.ua,9780,I40179345,,openalex,1,n/a
UA,Ukraine,False,Borys Grinchenko Kyiv Metropolitan University,https://kubg.edu.ua,9640,I4210106508,Q12110286,openalex;wikidata,2,n/a
UA,Ukraine,False,State University of Trade and Economics,https://knute.edu.ua/,9595,I185520838,Q694219,openalex;wikidata,2,n/a
UA,Ukraine,False,Danylo Halytsky Lviv National Medical University,https://new.meduniv.lviv.ua,9370,I24402780,,openalex,1,n/a
UA,Ukraine,False,Kharkiv National Medical University,https://knmu.edu.ua,8870,I76407603,Q2378813,openalex;wikidata,2,n/a
UA,Ukraine,False,Kyiv National Economic University named after Vadym Hetman,https://kneu.edu.ua/,8527,I57156483,Q1482689,openalex;wikidata,2,n/a
UA,Ukraine,False,V.I. Vernadsky Crimean Federal University,https://eng.cfuv.ru/,8445,I4210164656,Q17749157,openalex;wikidata,2,n/a
UA,Ukraine,False,Zaporizhzhia National University,https://www.znu.edu.ua,8383,I4302045,,openalex,1,n/a
UA,Ukraine,False,Dragomanov Ukrainian State University,https://udu.edu.ua,8323,I3131271221,,openalex,1,n/a
UA,Ukraine,False,Bukovinian State Medical University,https://www.bsmu.edu.ua/,8113,I3410338,Q93435,openalex;wikidata,2,n/a
UA,Ukraine,False,Lesya Ukrainka Volyn National University,https://vnu.edu.ua,7912,I302256491,Q43659,openalex;wikidata,2,n/a
UA,Ukraine,False,Shupyk National Healthcare University of Ukraine,https://www.nuozu.edu.ua/,7904,I2800007259,Q2083440,openalex;wikidata,2,n/a
UA,Ukraine,False,Yaroslav Mudryi National Law University,https://nlu.edu.ua/en/,7649,I4210159887,,openalex,1,n/a
UA,Ukraine,False,Khmelnytskyi National University,https://khmnu.edu.ua,7408,I164756455,Q23985,openalex;wikidata,2,n/a
UA,Ukraine,False,National University of Food Technologies,https://nuft.edu.ua/,6947,I12754707,Q4315127,openalex;wikidata,2,n/a
UA,Ukraine,False,O.M. Beketov National University of Urban Economy in Kharkiv,https://www.kname.edu.ua/,6773,I31123050,Q1164210,openalex;wikidata,2,n/a
UA,Ukraine,False,Zaporizhzhia State Medical and Pharmaceutical University,https://int.mphu.edu.ua,6749,I2802984365,Q4186910,openalex;wikidata,2,n/a
UA,Ukraine,False,National Aerospace University – Kharkiv Aviation Institute,https://khai.edu/,6644,I23686167,Q171249,openalex;wikidata,2,n/a
UA,Ukraine,False,"National Pirogov Memorial Medical University, Vinnytsya",https://www.vnmu.edu.ua,6446,I4210131292,,openalex,1,n/a
UA,Ukraine,False,Dnipro University of Technology,https://nmu.org.ua/,6378,I64712228,Q4314987,openalex;wikidata,2,n/a
UA,Ukraine,False,National University of Water and Environmental Engineering,https://nuwm.edu.ua/,6355,I4210095647,,openalex,1,n/a
UA,Ukraine,False,Zhytomyr Polytechnic State University,https://ztu.edu.ua/en/,6179,I4210149696,,openalex,1,n/a
UA,Ukraine,False,Ivano-Frankivsk National Medical University,https://www.ifnmu.edu.ua/,6107,I1323554757,Q4195890,openalex;wikidata,2,n/a
UA,Ukraine,False,Kyiv National University of Technologies and Design,https://knutd.edu.ua/,6014,I3133438087,Q27957825,openalex;wikidata,2,n/a
UA,Ukraine,False,Sumy National Agrarian University,https://snau.edu.ua/,5990,I166349642,Q4446049,openalex;wikidata,2,n/a
UA,Ukraine,False,Simon Kuznets Kharkiv National University of Economics,https://hneu.edu.ua/,5934,I122725048,,openalex,1,n/a
UA,Ukraine,False,National University Zaporizhzhia Polytechnic,https://zp.edu.ua,5917,I168036236,Q1164215,openalex;wikidata,2,n/a
UA,Ukraine,False,Ivano-Frankivsk National Technical University of Oil and Gas,https://nung.edu.ua/,5871,I33616363,Q11714526,openalex;wikidata,2,n/a
UA,Ukraine,False,H.S. Skovoroda Kharkiv National Pedagogical University,http://hnpu.edu.ua,5824,I4210092214,Q56803,openalex;wikidata,2,n/a
UA,Ukraine,False,Kyiv National University of Culture and Arts,https://knukim.edu.ua,5691,I3132060171,Q4220223,openalex;wikidata,2,n/a
UA,Ukraine,False,National Defence University of Ukraine,https://nuou.org.ua,5630,I4405258745,,openalex,1,n/a
UA,Ukraine,False,Vasyl' Stus Donetsk National University,https://www.donnu.edu.ua/en/,5559,I146539003,Q80171,openalex;wikidata,2,n/a
UA,Ukraine,False,National University of Pharmacy,http://en.nuph.edu.ua/,5556,I4210101489,Q12132954,openalex;wikidata,2,n/a
UA,Ukraine,False,Odessa National Medical University,https://onmedu.edu.ua,5544,I168900957,,openalex,1,n/a
UA,Ukraine,False,Kharkiv National Automobile and Highway University,https://www.khadi.kharkov.ua,5531,I24798489,Q56826,openalex;wikidata,2,n/a
UA,Ukraine,False,National University of Kyiv-Mohyla Academy,https://www.ukma.edu.ua,5490,I112412981,Q1133013,openalex;wikidata,2,n/a
UA,Ukraine,False,National University Odesa Law Academy,http://onua.edu.ua/index.php?lang=en,5469,I3130802236,Q4314963,openalex;wikidata,2,n/a
UA,Ukraine,False,Interregional Academy of Personnel Management,http://maup.com.ua,5372,I336648214,Q2493687,openalex;wikidata,2,n/a
UA,Ukraine,False,Pavlo Tychyna Uman State Pedagogical University,https://udpu.edu.ua/,5331,I4210138477,Q3700286,openalex;wikidata,2,n/a
UA,Ukraine,False,Chernihiv Polytechnic National University,https://stu.cn.ua,5131,I4210143342,Q4513533,openalex;wikidata,2,n/a
UA,Ukraine,False,Vinnytsia National Agrarian University,https://vsau.org,5016,I4210148800,,openalex,1,n/a
UA,Ukraine,False,Lutsk National Technical University,https://lntu.edu.ua,4864,I151029833,Q4270064,openalex;wikidata,2,n/a
UA,Ukraine,False,Odesa National University of Technology,https://ontu.edu.ua,4852,I227365583,,openalex,1,n/a
UA,Ukraine,False,Odessa National Maritime University,https://onmu.org.ua,4852,I91988273,,openalex,1,n/a
UA,Ukraine,False,Ternopil Volodymyr Hnatiuk National Pedagogical University,http://tnpu.edu.ua/,4745,I4210108513,Q4456096,openalex;wikidata,2,n/a
UA,Ukraine,False,Zhytomyr Ivan Franko State University,https://zu.edu.ua,4688,I4210144440,,openalex,1,n/a
UA,Ukraine,False,Kharkiv National University of Internal Affairs,https://univd.edu.ua,4664,I4210120219,,openalex,1,n/a
UA,Ukraine,False,Volodymyr Dahl East Ukrainian National University,http://snu.edu.ua/,4647,I147254383,,openalex,1,n/a
UA,Ukraine,False,Vinnytsia Mykhailo Kotsiubynskyi State Pedagogical University,https://vspu.edu.ua,4595,I4210132263,,openalex,1,n/a
UA,Ukraine,False,State Tax University,https://dpu.edu.ua,4585,I4210087881,Q12132951,openalex;wikidata,2,n/a
UA,Ukraine,False,Admiral Makarov National University of Shipbuilding,http://www.nuos.edu.ua/,4540,I13779751,Q348791,openalex;wikidata,2,n/a
UA,Ukraine,False,Cherkasy National University,http://www.cdu.edu.ua/,4484,I3129995574,Q10594825,openalex;wikidata,2,n/a
UA,Ukraine,False,Drohobych Ivan Franko State Pedagogical University,https://dspu.edu.ua,4410,I4210151083,Q12102466,openalex;wikidata,2,n/a
UA,Ukraine,False,Sumy State Pedagogical University named after A. S. Makarenko,https://sspu.edu.ua,4408,I4210111657,,openalex,1,n/a
UA,Ukraine,False,"National University ""Yuri Kondratyuk Poltava Polytechnic""",https://nupp.edu.ua,4393,I278735395,Q15008084,openalex;wikidata,2,n/a
UA,Ukraine,False,Ukrainian State University of Railway Transport,https://kart.edu.ua,4317,I4210151026,Q6687296,openalex;wikidata,2,n/a
UA,Ukraine,False,Kryvyi Rih State Pedagogical University,https://kdpu.edu.ua/en/,4228,I4210108589,Q12114710,openalex;wikidata,2,n/a
UA,Ukraine,False,Poltava State Agrarian University,https://www.pdaa.edu.ua/,4138,I4210107544,Q12141882,openalex;wikidata,2,n/a
UA,Ukraine,False,Sevastopol State University,https://www.sevsu.ru,4137,I4405278832,Q1987511,openalex;wikidata,2,n/a
UA,Ukraine,False,Petro Mohyla Black Sea National University,https://chmnu.edu.ua/,4114,I103402955,Q56828,openalex;wikidata,2,n/a
UA,Ukraine,False,Polissia National University,https://polissiauniver.edu.ua/,3954,I3129431789,Q12104644,openalex;wikidata,2,n/a
UA,Ukraine,False,University of Luhansk,https://luguniv.edu.ua,3953,I2800458533,Q4267928,openalex;wikidata,2,n/a
UA,Ukraine,False,Stepan Gzhytskyi National University of Veterinary Medicine and Biotechnologies Lviv,https://www.lvet.edu.ua,3925,I2801312763,Q3700546,openalex;wikidata,2,n/a
UA,Ukraine,False,Dnipro National University of Railway Transport named after Academician V. Lazaryan,http://www.diit.edu.ua/index.php?lang=en&page=main,3922,I2802037141,,openalex,1,n/a
UA,Ukraine,False,"State institution ""South Ukrainian National Pedagogical University named after K. D. Ushynsky""",https://www.pdpu.edu.ua,3878,I2801488757,Q94469,openalex;wikidata,2,n/a
UA,Ukraine,False,National University of Ukraine on Physical Education and Sport,https://uni-sport.edu.ua,3833,I232763632,,openalex,1,n/a
UA,Ukraine,False,Dnipro State Agrarian and Economic University,https://www.dsau.dp.ua/,3832,I3019264281,,openalex,1,n/a
UA,Ukraine,False,Ternopil Ivan Pului National Technical University,http://tntu.edu.ua/?p=en/main,3795,I4210147056,,openalex,1,n/a
UA,Ukraine,False,Donetsk National Medical University,http://dnmu.edu.ua/,3784,I89207983,Q4166242,openalex;wikidata,2,n/a
UA,Ukraine,False,Hryhorii Skovoroda University in Pereiaslav,https://uhsp.edu.ua,3751,I4210110529,,openalex,1,n/a
UA,Ukraine,False,National Transport University,http://www.ntu.edu.ua,3662,I4210103849,Q4315120,openalex;wikidata,2,n/a
UA,Ukraine,False,Rivne State University of Humanities,http://rshu.edu.ua/,3640,I4210121894,Q4395202,openalex;wikidata,2,n/a
UA,Ukraine,False,Cherkasy State Technological University,https://chdtu.edu.ua,3514,I4210108895,Q12169810,openalex;wikidata,2,n/a
UA,Ukraine,False,Ivan Kozhedub Kharkiv National Air Force University,http://www.hups.mil.gov.ua/,3502,I4210092241,,openalex,1,n/a
UA,Ukraine,False,Ukrainian State University of Science and Technologies,https://ust.edu.ua,3478,I4387154586,Q113947551,openalex;wikidata,2,n/a
UA,Ukraine,False,Kamianets-Podіlskyi Ivan Ohiienko National University,http://eng.kpnu.edu.ua/,3438,I3132613009,,openalex,1,n/a
UA,Ukraine,False,State University of Information and Communication Technologies,http://www.duikt.edu.ua,3299,I4210092636,,openalex,1,n/a
UA,Ukraine,False,Kryvyi Rih National University,http://www.knu.edu.ua/,3280,I1304898440,Q3608706,openalex;wikidata,2,n/a
UA,Ukraine,False,National University of Civil Protection of Ukraine,https://nuczu.edu.ua,3264,I4210155744,Q4315123,openalex;wikidata,2,n/a
UA,Ukraine,False,Kherson State University,http://www.kspu.edu/,3194,I882086214,,openalex,1,n/a
UA,Ukraine,False,Volodymyr Vynnychenko Central Ukrainian State University,https://cusu.edu.ua,3192,I4210091564,,openalex,1,n/a
UA,Ukraine,False,Bogdan Khmelnitsky Melitopol State Pedagogical University,https://mdpu.org.ua,3186,I4210104452,Q4289527,openalex;wikidata,2,n/a
UA,Ukraine,False,Uman National University,https://www.udau.edu.ua/,3153,I4210117736,,openalex,1,n/a
UA,Ukraine,False,Bila Tserkva National Agrarian University,https://btsau.edu.ua/,3102,I4210142733,,openalex,1,n/a
UA,Ukraine,False,Kremenchuk Mykhailo Ostrohradskyi National University,http://www.kdu.edu.ua/,3083,I4210164140,Q4240122,openalex;wikidata,2,n/a
UA,Ukraine,False,Poltava State Medical University,https://www.pdmu.edu.ua,3077,I4387155203,Q4470499;Q19972112,openalex;wikidata,2,n/a
UA,Ukraine,False,Pryazovskyi State Technical University,http://pstu.edu/en/,3067,I4210091118,,openalex,1,n/a
UA,Ukraine,False,Taurida National V.I. Vernadsky University,http://www.crimea.edu/eng/index.html,3057,I182456642,,openalex,1,n/a
UA,Ukraine,False,University of Customs and Finance,http://umsf.dp.ua/,3043,I4210149604,Q12077279,openalex;wikidata,2,n/a
UA,Ukraine,False,Kharkiv Medical Academy of Postgraduate Education,https://med.edu.ua,3014,I2800747640,,openalex,1,n/a
UA,Ukraine,False,Prydniprovs’ka State Academy of Civil Engineering and Architecture,https://pgasa.dp.ua/,3005,I4210096669,,openalex,1,n/a
UA,Ukraine,False,Odessa National Economics University,http://oneu.edu.ua/,2925,I4210128894,,openalex,1,n/a
UA,Ukraine,False,Donetsk National Technical University,http://donntu.edu.ua/,2892,I75645747,Q1968183,openalex;wikidata,2,n/a
UA,Ukraine,False,Lviv State University of Internal Affairs,https://www.lvduvs.edu.ua,2849,I4210113019,Q4271071,openalex;wikidata,2,n/a
UA,Ukraine,False,Ukrainian State University of Chemical Technology,https://udhtu.edu.ua,2767,I4210120316,,openalex,1,n/a
UA,Ukraine,False,Dnipro State University of Internal Affairs,https://dduvs.edu.ua,2745,I4405256930,Q4163228,openalex;wikidata,2,n/a
UA,Ukraine,False,Ukrainian Medical Stomatological Academy,http://www.umsa.poltava.ua/,2669,I194701111,,openalex,1,n/a
UA,Ukraine,False,Ukrainian National Forestry University,http://nltu.edu.ua/,2620,I20521324,,openalex,1,n/a
UA,Ukraine,False,Kharkiv State Academy of Physical Culture,https://khdafk.com.ua,2595,I2799463576,,openalex,1,n/a
UA,Ukraine,False,Kyiv National Linguistic University,http://www.knlu.edu.ua/,2538,I3129613023,Q2426655,openalex;wikidata,2,n/a
UA,Ukraine,False,Dniprovsk State Technical University,http://www.dstu.dp.ua,2523,I4210119955,,openalex,1,n/a
UA,Ukraine,False,Hetman Petro Sahaidachnyi National Army Academy,http://www.asv.gov.ua/?q=en,2494,I4210087705,,openalex,1,n/a
UA,Ukraine,False,Dmytro Motornyi Tavria State Agrotechnological University,http://www.tsatu.edu.ua,2493,I4210113200,,openalex,1,n/a
UA,Ukraine,False,Kherson State Agrarian and Economic University,http://www.ksau.kherson.ua,2432,I4210141101,,openalex,1,n/a
UA,Ukraine,False,Odessa State Academy of Civil Engineering and Architecture,http://odaba.edu.ua/,2375,I4210124679,,openalex,1,n/a
UA,Ukraine,False,Podillia State University,http://pdatu.edu.ua,2369,I4210147323,,openalex,1,n/a
UA,Ukraine,False,Lviv State University of Life Safety,http://en.ldubgd.edu.ua/,2355,I4210160829,Q4271069,openalex;wikidata,2,n/a
UA,Ukraine,False,Central Ukrainian National Technical University,http://www.kntu.kr.ua,2332,I4210119344,,openalex,1,n/a
UA,Ukraine,False,Mykolayiv National Agrarian University,https://www.mnau.edu.ua/,2315,I4210140711,,openalex,1,n/a
UA,Ukraine,False,Lviv State University of Physical Culture,https://www.ldufk.edu.ua/,2293,I3131452121,Q4271075,openalex;wikidata,2,n/a
UA,Ukraine,False,Lviv University of Trade and Economics,http://www.lute.lviv.ua,2229,I145462454,,openalex,1,n/a
UA,Ukraine,False,Poltava V.G. Korolenko National Pedagogical University,http://pnpu.edu.ua/,2170,I4210121467,,openalex,1,n/a
UA,Ukraine,False,"T.H. Shevchenko National University ""Chernihiv Colehium""",http://www.chnpu.edu.ua/,2160,I4210112659,Q4513545,openalex;wikidata,2,n/a
UA,Ukraine,False,Berdyansk State Pedagogical University,https://bdpu.org.ua/,2159,I4210137086,,openalex,1,n/a
UA,Ukraine,False,National Academy for Public Administration under the President of Ukraine,http://academy.gov.ua/,2158,I3130385489,,openalex,1,n/a
UA,Ukraine,False,Kherson National Technical University,https://kntu.net.ua,2138,I118493624,Q56832,openalex;wikidata,2,n/a
UA,Ukraine,False,KROK University,https://krok.edu.ua,2128,I4210125911,,openalex,1,n/a
UA,Ukraine,False,Ukrainian Engineering Pedagogics Academy,http://uipa.edu.ua/,2111,I3129652094,Q4470490,openalex;wikidata,2,n/a
UA,Ukraine,False,International Humanitarian University,http://eng.mgu.edu.ua/,2079,I4210094535,,openalex,1,n/a
UA,Ukraine,False,European University,https://e-u.edu.ua,2055,I4210133108,,openalex,1,n/a
UA,Ukraine,False,Donbas State Pedagogical University,https://ddpu.edu.ua,1905,I2800650105,Q12153734,openalex;wikidata,2,n/a
UA,Ukraine,False,Donbass State Engineering Academy,http://eng.dgma.donetsk.ua/,1867,I4210121817,,openalex,1,n/a
UA,Ukraine,False,Mukachevo State University,https://msu.edu.ua/,1863,I4210125217,Q12130717,openalex;wikidata,2,n/a
UA,Ukraine,False,Nizhyn Gogol State University,http://www.ndu.edu.ua/,1862,I3132033604,Q7042257,openalex;wikidata,2,n/a
UA,Ukraine,False,Poltava University of Economics and Trade,http://en.puet.edu.ua/,1861,I3132969952,Q12141934,openalex;wikidata,2,n/a
UA,Ukraine,False,Leonid Yuzkov Khmelnytskyi University of Management and Law,https://univer.km.ua,1819,I4210123873,,openalex,1,n/a
UA,Ukraine,False,National University Ostroh Academy,https://www.oa.edu.ua,1796,I3130895234,Q2453446,openalex;wikidata,2,n/a
UA,Ukraine,False,Donetsk State University of Internal Affairs,https://dnuvs.ukr.education,1779,I4210164413,Q127948075,openalex;wikidata,2,n/a
UA,Ukraine,False,Ukrainian National Tchaikovsky Academy of Music,http://knmau.com.ua/,1775,I4210156458,,openalex,1,n/a
UA,Ukraine,False,Donetsk National University of Economics and Trade named after Mykhailo Tugan-Baranovsky,https://donnuet.edu.ua,1739,I4210137366,,openalex,1,n/a
UA,Ukraine,False,Open International University of Human Development Ukraine,https://uu.edu.ua,1711,I291384039,Q1144798,openalex;wikidata,2,n/a
UA,Ukraine,False,Ferenc Rakoczi II Transcarpathian Hungarian University,https://kme.org.ua,1691,I4210149306,,openalex,1,n/a
UA,Ukraine,False,Kharkiv State Academy of Culture,http://www.ic.ac.kharkov.ua/,1687,I3131416625,,openalex,1,n/a
UA,Ukraine,False,National Metallurgical Academy of Ukraine,https://nmetau.edu.ua/en,1685,I132769585,Q94192,openalex;wikidata,2,n/a
UA,Ukraine,False,Alfred Nobel University,http://duan.edu.ua/,1657,I3131304771,Q4163246,openalex;wikidata,2,n/a
UA,Ukraine,False,Mariupol State University,https://mu.edu.ua,1657,I3133274271,Q4281580,openalex;wikidata,2,n/a
UA,Ukraine,False,Kharkiv Petro Vasylenko National Technical University of Agriculture,http://www.khntusg.com.ua,1627,I4210142883,Q23966,openalex;wikidata,2,n/a
UA,Ukraine,False,State University of Intelligent Technologies and Telecommunications,https://suitt.edu.ua,1588,I4210145845,Q4331409,openalex;wikidata,2,n/a
UA,Ukraine,False,National Academy of Culture and Arts Management,https://nakkkim.edu.ua,1587,I4405256899,Q6970129,openalex;wikidata,2,n/a
UA,Ukraine,False,Luhansk State Medical University,https://www.lsmu.edu.ua,1517,I62257733,,openalex,1,n/a
UA,Ukraine,False,Dolishniy Institute of Regional Research of NAS of Ukraine,https://ird.gov.ua,1490,I4210164114,,openalex,1,n/a
UA,Ukraine,False,Mykolaiv V.O. Sukhomlynskyi National University,http://mdu.edu.ua/,1490,I4210093457,,openalex,1,n/a
UA,Ukraine,False,Classic Private University,http://www.zhu.edu.ua/,1481,I298985656,Q4223086,openalex;wikidata,2,n/a
UA,Ukraine,False,Kherson State Maritime Academy,https://ksma.ks.ua,1443,I4210090126,Q4497354,openalex;wikidata,2,n/a
UA,Ukraine,False,Odesa State Agrarian University,http://osau.edu.ua/,1434,I4210086888,Q4331443,openalex;wikidata,2,n/a
UA,Ukraine,False,Ukrainian Catholic University,https://ucu.edu.ua/,1422,I4210165738,Q195359,openalex;wikidata,2,n/a
UA,Ukraine,False,Crimean State Engineering Pedagogical University,http://kipu-rc.ru/,1403,I4210096164,,openalex,1,n/a
UA,Ukraine,False,Oleksandr Dovzhenko Hlukhiv National Pedagogical University,http://new.gnpu.edu.ua,1386,I4210124634,,openalex,1,n/a
UA,Ukraine,False,Odessa National A. V. Nezhdanova Academy of Music,http://odma.edu.ua/,1365,I4210156753,,openalex,1,n/a
UA,Ukraine,False,Izmail State University of Humanities,http://idgu.edu.ua/,1364,I4210159446,Q17455779,openalex;wikidata,2,n/a
UA,Ukraine,False,Kharkiv National University of Construction and Architecture,http://www.kstuca.kharkov.ua/,1321,I4210089672,Q4496337,openalex;wikidata,2,n/a
UA,Ukraine,False,Odessa State Environmental University,https://odeku.edu.ua/,1317,I4210160951,,openalex,1,n/a
UA,Ukraine,False,G.S. Kostiuk Institute of Psychology of the National Academy of Educational Sciences of Ukraine,https://psychology-naes-ua.institute,1308,I4405265625,,openalex,1,n/a
UA,Ukraine,False,Odessa State University of Internal Affairs,http://oduvs.edu.ua/,1308,I4210158148,,openalex,1,n/a
UA,Ukraine,False,Kharkiv State University of Food Technology and Trade,http://www.hduht.edu.ua/,1283,I214619192,Q23977,openalex;wikidata,2,n/a
UA,Ukraine,False,Kyiv Medical University,https://kmu.edu.ua,1262,I3130988169,Q4220217,openalex;wikidata,2,n/a
UA,Ukraine,False,Ukrainian Military Medical Academy,https://uvma.mil.gov.ua,1240,I4210128404,Q4470477,openalex;wikidata,2,n/a
UA,Ukraine,False,Lviv National Agrarian University,http://lnau.edu.ua/lnau/,1186,I4210137998,,openalex,1,n/a
UA,Ukraine,False,Banking University,http://www.ubs.edu.ua/en/,1184,I4210131056,,openalex,1,n/a
UA,Ukraine,False,Khmelnytskyi Humanitarian-Pedagogical Academy,http://www.kgpa.org.ua,1131,I4387155199,,openalex,1,n/a
UA,Ukraine,False,Institute of Pedagogy of the National Academy of Educational Sciences of Ukraine,https://undip.org.ua,1114,I4405268285,,openalex,1,n/a
UA,Ukraine,False,Academician Stepan Demianchuk International University Of Economics and Humanities,https://www.megu.edu.ua,1098,I4387156206,,openalex,1,n/a
UA,Ukraine,False,National Academy of Fine Art and Architecture,http://naoma.edu.ua/,1085,I4210121634,,openalex,1,n/a
UA,Ukraine,False,"National Academy of Statistics, Accounting and Audit",http://nasoa.edu.ua,1076,I4405265206,,openalex,1,n/a
UA,Ukraine,False,Ivan Ziaziun Institute of Pedagogical Education and Adult Education of the National Academy of Educational Sciences of Ukraine,https://ipood.com.ua,1043,I4387155579,,openalex,1,n/a
UA,Ukraine,False,Ukrainian Academy of Printing,https://www.uad.lviv.ua,1033,I36730113,,openalex,1,n/a
UA,Ukraine,False,Sevastopol National Technical University,,978,I74776132,,openalex,1,n/a
UA,Ukraine,False,Military Institute of Telecommunications and Informatization,http://www.viti.edu.ua/index.php,948,I4210144112,,openalex,1,n/a
UA,Ukraine,False,"State Educational-Scientific Establishment ""The Academy of Financial Management""",https://afu.kiev.ua,924,I4405269928,,openalex,1,n/a
UA,Ukraine,False,Ukrainian State Flight Academy,https://www.usfa.edu.ua,904,I4210123146,,openalex,1,n/a
UA,Ukraine,False,Kharkiv State Academy of Design and Arts,https://ksada.org,879,I4210163181,,openalex,1,n/a
UA,Ukraine,False,Kharkiv National Agrarian University named after V.V.Dokuchajev,https://knau.kharkov.ua,862,I4210101409,,openalex,1,n/a
UA,Ukraine,False,Korolov Zhytomyr Military Institute,https://kzmi.mil.gov.ua,859,I4405263124,,openalex,1,n/a
UA,Ukraine,False,Donbas National Academy of Civil Engineering and Architecture,http://donnasa.ru,853,I868575294,Q4166082,openalex;wikidata,2,n/a
UA,Ukraine,False,Zaporizhzhya State Engineering Academy,http://www.zgia.zp.ua/,845,I292311743,,openalex,1,n/a
UA,Ukraine,False,Academy of Labour Social Relations and Tourism,https://www.socosvita.kiev.ua/en,802,I4210157141,,openalex,1,n/a
UA,Ukraine,False,Lviv National Musical Academy named after Mykola Lysenko,https://lnma.edu.ua/,762,I4210087585,,openalex,1,n/a
UA,Ukraine,False,Academician Yuriy Bugay International Scientific and Technical University,https://www.istu.edu.ua,753,I4210096414,,openalex,1,n/a
UA,Ukraine,False,Kyiv International University,https://kymu.edu.ua/,748,I4210091281,Q6450965,openalex;wikidata,2,n/a
UA,Ukraine,False,Kyiv School of Economics,http://www.kse.org.ua/en/,747,I108970525,Q6450969,openalex;wikidata,2,n/a
UA,Ukraine,False,Kyiv University of Law,http://en.kul.kiev.ua/,737,I4210158630,Q12110282,openalex;wikidata,2,n/a
UA,Ukraine,False,State University of Economics and Technology,https://www.duet.edu.ua/ua,720,I4210135886,Q104481518,openalex;wikidata,2,n/a
UA,Ukraine,False,Lugansk State Pedagogical University,https://lgpu.org,700,I4405264807,,openalex,1,n/a
UA,Ukraine,False,"Kyiv National I. K. Karpenko-Kary Theatre, Cinema and Television University",https://www.knutkt.com.ua/,688,I4210118474,Q4220226,openalex;wikidata,2,n/a
UA,Ukraine,False,National Academy of Management,http://nam.kiev.ua/en/,648,I4210137250,Q4314805,openalex;wikidata,2,n/a
UA,Ukraine,False,The Institute of Problems on Education of the National Academy of Educational Sciences of Ukraine,https://ipv.org.ua,620,I4405263288,,openalex,1,n/a
UA,Ukraine,False,Intellectual Property Scientific Research Institute of the National Academy of Legal Sciences of Ukraine,http://ndiiv.org.ua,619,I4405256221,,openalex,1,n/a
UA,Ukraine,False,Crimea State Medical University named after S. I. Georgievsky,http://www.ma.cfuv.ru/page/show/docid/5047,616,I4210151130,Q2426185,openalex;wikidata,2,n/a
UA,Ukraine,False,Dnepropetrovsk State Institute of Physical Culture and Sport,http://infiz.dp.ua/,613,I4210157232,,openalex,1,n/a
UA,Ukraine,False,Kharkiv University of Air Force,http://kuaf.kharkov.ua/,593,I4210094384,,openalex,1,n/a
UA,Ukraine,False,Institute of Ecology of the Carpathians,https://ecoinst.org.ua,590,I4405258666,,openalex,1,n/a
UA,Ukraine,False,Institute of Vocational Education of the National Academy of Educational Sciences of Ukraine,https://ivet.edu.ua,589,I4405254882,,openalex,1,n/a
UA,Ukraine,False,Institute of Plant Protection of the National Academy of Agrarian Sciences of Ukraine,https://ipp.gov.ua,585,I4405262972,,openalex,1,n/a
UA,Ukraine,False,Chernivtsi Institute of Trade and Economics of State University of Trade and Economics,https://chite.edu.ua,570,I4405264620,,openalex,1,n/a
UA,Ukraine,False,Kharkiv State Veterinary Academy,https://hdzva.edu.ua,558,I4210116889,,openalex,1,n/a
UA,Ukraine,False,"Academician Stachis Scientific Research Institute for the Study of Crime Problems, National Academy of Legal Sciences of Ukraine",https://ivpz.kh.ua,542,I4405265442,,openalex,1,n/a
UA,Ukraine,False,Donetsk State University of Management,https://dsum.edu.ua/,509,I222543490,,openalex,1,n/a
UA,Ukraine,False,Lugansk National Agrarian University,https://lnau.in.ua,501,I4210102390,Q4267920,openalex;wikidata,2,n/a
UA,Ukraine,False,V. Sukhomlynskyi State Scientific and Educational Library of Ukraine,https://dnpb.gov.ua,488,I4405265413,,openalex,1,n/a
UA,Ukraine,False,Kharkiv National Kotlyarevsky University of Arts,,466,I4210162893,,openalex,1,n/a
UA,Ukraine,False,Modern Art Research Institute,http://mari.kiev.ua/,463,I4210157440,,openalex,1,n/a
UA,Ukraine,False,Livestock Farming Institute of the National Academy of Agrarian Sciences of Ukraine,https://lfi-naas.org.ua,445,I4405263457,,openalex,1,n/a
UA,Ukraine,False,Ukrainian Institute of Arts and Sciences,https://ugi.edu.ua,401,I4405258231,,openalex,1,n/a
UA,Ukraine,False,Kyiv Academic University,https://kau.org.ua/,399,I4210120823,Q60055849,openalex;wikidata,2,n/a
UA,Ukraine,False,International University of Business and Law,http://mubip.org.ua,388,I4210104803,,openalex,1,n/a
UA,Ukraine,False,Bukovinian University,https://bukuniver.edu.ua,350,I4405255484,Q12085525,openalex;wikidata,2,n/a
UA,Ukraine,False,State Scientific and Research Institute of Laboratory Diagnostics and Veterinary and Sanitary Expertise,https://vet.gov.ua,346,I4405271714,,openalex,1,n/a
UA,Ukraine,False,Ukrainian Academy of Banking of the National Bank of Ukraine,http://www.uabs.edu.ua/,340,I4210098901,Q4470465,openalex;wikidata,2,n/a
UA,Ukraine,False,Rauf Ablyazov East European University,https://suem.edu.ua,337,I4405263862,,openalex,1,n/a
UA,Ukraine,False,"State Enterprise ""State Research Institute of Building Constructions""",https://ndibk.com,317,I4405261720,,openalex,1,n/a
UA,Ukraine,False,Institute of Horticulture,https://sad-institut.com.ua,316,I4405262321,,openalex,1,n/a
UA,Ukraine,False,Luhansk State University of Internal Affairs named after E.O.Didorenko,http://lduvs.edu.ua,315,I4210123266,,openalex,1,n/a
UA,Ukraine,False,Cherkasy Institute of Fire Safety named after Chornobyl Heroes of National University of Civil Defence of Ukraine,http://fire.ck.ua/,303,I4210129703,,openalex,1,n/a
UA,Ukraine,False,Kyiv Municipal Academy of Performing and Circus Arts,https://kmaecm.edu.ua,303,I4405261100,,openalex,1,n/a
UA,Ukraine,False,Kharkiv University of Humanities People’s Ukrainian Academy,http://www.nua.kharkov.ua,296,I3130929868,Q4496306,openalex;wikidata,2,n/a
UA,Ukraine,False,Zaporizhzhya Institute of Economics and Information Technologies,https://www.zieit.edu.ua,262,I3131628704,,openalex,1,n/a
UA,Ukraine,False,Donbas State Technical University,http://dondtu.edu.ua,252,I3129924716,Q4166093,openalex;wikidata,2,n/a
UA,Ukraine,False,R. Glier Kyiv Municipal Academy of Music,https://glieracademy.org,251,I4210115877,,openalex,1,n/a
UA,Ukraine,False,Kiev Institute of Business and Technology,https://kibit.edu.ua,215,I4405260418,,openalex,1,n/a
UA,Ukraine,False,Institute of Gifted Child of National Academy of Educational Sciences of Ukraine,https://iod.gov.ua,202,I4405256466,,openalex,1,n/a
UA,Ukraine,False,Donbas National Academy of Civil Engineering and Architecture - Kramatorsk,https://donnaba.edu.ua/,181,I4210120774,,openalex,1,n/a
UA,Ukraine,False,"State Scientific Institution ""Institute of Educational Analytics""",https://iea.gov.ua/en/,171,I4210151321,,openalex,1,n/a
UA,Ukraine,False,Ukrainian-American Concordia University,https://www.concordia.edu.ua/,164,I4210143113,Q8027214,openalex;wikidata,2,n/a
UA,Ukraine,False,International Christian University,http://icu.edu.ua/,156,I4210138793,,openalex,1,n/a
UA,Ukraine,False,University of Future Transformation,https://www.uft.in.ua,153,I4405259510,,openalex,1,n/a
UA,Ukraine,False,Nakhimov Naval Academy,http://chvvmu.mil.ru/,137,I4210141860,,openalex,1,n/a
UA,Ukraine,False,M.V. Оstrohradskyi Poltava Academy of Continuous Education,https://pano.pl.ua/en/elementor-4819/,135,I4210137446,,openalex,1,n/a
UA,Ukraine,False,Crimea University of Culture Art and Tourism,http://kukiit.ru/,133,I4210110628,Q61931372,openalex;wikidata,2,n/a
UA,Ukraine,False,Sevastopol National University of Nuclear Energy and Industry,http://sinp.com.ua/,129,I227854842,,openalex,1,n/a
UA,Ukraine,False,Hennadii Udovenko Diplomatic Academy Of Ukraine,http://da.mfa.gov.ua/en/,120,I4210150295,,openalex,1,n/a
UA,Ukraine,False,IT Step University,https://lviv.itstep.org/,110,I4210110733,,openalex,1,n/a
UA,Ukraine,False,Black Sea Research Institute of Economy and Innovation,https://iei.od.ua,105,I4405263713,,openalex,1,n/a
UA,Ukraine,False,Kyiv Institute of Modern Psychology and Psychotherapy,https://kispp.com,105,I4405267371,,openalex,1,n/a
UA,Ukraine,False,National School of Judges of Ukraine,https://www.nsj.gov.ua,98,I4405268512,,openalex,1,n/a
UA,Ukraine,False,International Solomon University,http://www.isu.edu.ua/,79,I190217045,Q6053548,openalex;wikidata,2,n/a
UA,Ukraine,False,Kyiv Orthodox Theological Academy,https://kpba.edu.ua,76,I4405272702,,openalex,1,n/a
UA,Ukraine,False,Academy of Municipal Management,http://www.amu.edu.ua/,63,I4210145965,,openalex,1,n/a
UA,Ukraine,False,Crimean Republican Institute of Post-Decisive Pedagogical Education,http://www.krippo.ru/,60,I4210120451,,openalex,1,n/a
UA,Ukraine,False,Vinnytsia Institute of Economics and Social Sciences,https://vsei.vn.ua,58,I4405266145,Q7932702,openalex;wikidata,2,n/a
UA,Ukraine,False,Crimean Agrotechnological University,https://abip.cfuv.ru/,55,I4210148783,,openalex,1,n/a
UA,Ukraine,False,Volyn Orthodox Theological Academy,https://vpba.edu.ua,46,I4405259088,,openalex,1,n/a
UA,Ukraine,False,Ukraine Sigmund Freud University,https://usfu.edu.ua,43,I4405259138,,openalex,1,n/a
UA,Ukraine,False,Institute of Agrarian Resources and Regional Development NAASU,https://insbakta.org.ua,40,I4405260802,,openalex,1,n/a
UA,Ukraine,False,Institute of Accounting and Finance,https://iaf.kiev.ua,35,I4405260530,,openalex,1,n/a
UA,Ukraine,False,Kyiv Slavonic University,http://ksu.edu.ua,35,I4210113541,Q12110278,openalex;wikidata,2,n/a
UA,Ukraine,False,University of Emerging Technologies,https://unt.edu.ua,28,I4405253335,Q85997646,openalex;wikidata,2,n/a
UA,Ukraine,False,Kharkiv School of Architecture,https://kharkiv.school,25,I4405273047,,openalex,1,n/a
UA,Ukraine,False,Kyiv Mohyla Business School,http://kmbs.ua/en/,19,I2800302175,,openalex,1,n/a
UA,Ukraine,False,National Academy of Environmental and Resort Construction,http://www.napks.edu.ua,19,I4210152325,,openalex,1,n/a
UA,Ukraine,False,Kyiv University of Aviation and Information Technologies,https://kuait.eu,17,I4405262816,,openalex,1,n/a
UA,Ukraine,False,Mykolaiv Polytechnic Professional College,https://www.mpk.mk.ua,10,I4405260127,,openalex,1,n/a
UA,Ukraine,False,Donetsk Christian University,http://dcu.org.ua/en/index.html,9,I4210164983,Q4166263,openalex;wikidata,2,n/a
UA,Ukraine,False,Ternopil Institute for Social and Information Technologies,http://www.tisit.edu.ua/,9,I4210162981,,openalex,1,n/a
UA,Ukraine,False,Regional Communal Higher Educational Institution Institute of Entrepreneurship Strategy,http://www.strategy.edu.ua/,8,I4210116028,,openalex,1,n/a
UA,Ukraine,False,Kremenchuk University of Economics Information Technology and Management,,7,I4210158967,,openalex,1,n/a
UA,Ukraine,False,Reklamy Institute,http://ir.edu.ua/,7,I4210145981,,openalex,1,n/a
UA,Ukraine,False,Kyiv Institute of Traditional Medicine,,2,I4210160240,,openalex,1,n/a
UA,Ukraine,False,"21 Sheptytskoho Square, Ivano-Frankivsk",,0,,Q20077845,wikidata,1,n/a
UA,Ukraine,False,American University of Kyiv,,0,,Q111170221,wikidata,1,n/a
UA,Ukraine,False,American-Ukrainian School of Computer Sciences and Technologies,http://www.umcs.maine.edu/~aus,0,,Q4742838,wikidata,1,n/a
UA,Ukraine,False,Berdyan University of Management and Business,http://bumib.edu.ua/uk,0,,Q20073067,wikidata,1,n/a
UA,Ukraine,False,"Boarding Lyceum No. 23 ""Cadet Corps",http://www.kadety.org.ua,0,,Q56367444,wikidata,1,n/a
UA,Ukraine,False,Bukovyna lyceum boarding school with enhanced military and physical training,https://buk.licey.org.ua,0,,Q54964842,wikidata,1,n/a
UA,Ukraine,False,Cadet corps in Poltava,,0,,Q2997767,wikidata,1,n/a
UA,Ukraine,False,Dnipro Institute of Infrastructure and Transport,https://ust.edu.ua,0,,Q4163239,wikidata,1,n/a
UA,Ukraine,False,Dnipro State Agrarian University,http://www.dsau.dp.ua,0,,Q4163222,wikidata,1,n/a
UA,Ukraine,False,Dnipro State Financial Academy,http://www.dsfa.dp.ua,0,,Q4163205,wikidata,1,n/a
UA,Ukraine,False,Dnipro State Medical University,https://dmu.edu.ua,0,,Q4163203,wikidata,1,n/a
UA,Ukraine,False,Dnipropetrovsk Regional Institute of Public Administration,http://dridu.dp.ua,0,,Q12101416,wikidata,1,n/a
UA,Ukraine,False,Dniprovsky State Technical University,http://www.dstu.dp.ua,0,,Q4163197,wikidata,1,n/a
UA,Ukraine,False,Donbas State Engineering Academy,,0,,Q4166081,wikidata,1,n/a
UA,Ukraine,False,Donetsk High Military Political School of Engineering and Communication Forces,,0,,Q4166273,wikidata,1,n/a
UA,Ukraine,False,Donetsk National University of Economics and Trade,http://donnuet.edu.ua,0,,Q4166244,wikidata,1,n/a
UA,Ukraine,False,Donetsk Railway Transport Institute,http://drti.donbass.com,0,,Q4166229,wikidata,1,n/a
UA,Ukraine,False,East European Slavic University,,0,,Q113110334,wikidata,1,n/a
UA,Ukraine,False,East Ukrainian Volodymyr Dahl National University,https://snu.edu.ua,0,,Q1960862,wikidata,1,n/a
UA,Ukraine,False,Engineering Institute of Zaporizhzhia National University,https://www.znu.edu.ua/ukr/university/11929,0,,Q1164202,wikidata,1,n/a
UA,Ukraine,False,First Ukrainian maritime institute,http://www.umi.com.ua,0,,Q5453934,wikidata,1,n/a
UA,Ukraine,False,Higher educational institution «Podillia State University»,http://pdatu.edu.ua,0,,Q12141542,wikidata,1,n/a
UA,Ukraine,False,Higher Institute of Religious Sciences “St. Thomas Aquinas”,http://tomainstytut.org,0,,Q2732825,wikidata,1,n/a
UA,Ukraine,False,Hlukhiv National Pedagogical University of Oleksandr Dovzhenko,http://www.gnpu.edu.ua/gnpu,0,,Q4140322,wikidata,1,n/a
UA,Ukraine,False,Hlukhiv State Pedagogical University,,0,I4210160235,,openalex,1,n/a
UA,Ukraine,False,Horlivka Institute for Foreign Languages,http://forlan.org.ua,0,,Q4144467,wikidata,1,n/a
UA,Ukraine,False,I. Ya. Horbachevsky Ternopil National Medical University of Ministry of Health Care of Ukraine,https://www.tdmu.edu.ua,0,,Q94473,wikidata,1,n/a
UA,Ukraine,False,Igor Sikorsky Kyiv Polytechnic Institute,https://kpi.ua,0,,Q85449,wikidata,1,n/a
UA,Ukraine,False,Information-diagnostic Systems Institute,,0,,Q6030624,wikidata,1,n/a
UA,Ukraine,False,International Christian University – Kiev,http://icu.edu.ua,0,,Q17005792,wikidata,1,n/a
UA,Ukraine,False,International European University,https://ieu.edu.ua,0,,Q95986902,wikidata,1,n/a
UA,Ukraine,False,International Institute of Business,http://www.iib.com.ua,0,,Q6051134,wikidata,1,n/a
UA,Ukraine,False,International Management Institute,http://mim.kiev.ua,0,,Q4288445,wikidata,1,n/a
UA,Ukraine,False,International University of Economics and Humanities named after Stepan Demianchuk,http://www.regi.rovno.ua,0,,Q12131094,wikidata,1,n/a
UA,Ukraine,False,International University of Finance,http://iuf.edu.ua,0,,Q81281645,wikidata,1,n/a
UA,Ukraine,False,Ivan Bohun Military High School,http://kvl.mil.gov.ua,0,,Q4220201,wikidata,1,n/a
UA,Ukraine,False,Ivan Kozhedub National University of the Air Force,http://kuaf.kharkov.ua,0,,Q4496355,wikidata,1,n/a
UA,Ukraine,False,Jewish University of Odesa,http://www.tikva.odessa.ua/?univer,0,,Q4331450,wikidata,1,n/a
UA,Ukraine,False,Kamianets-Podilskyi Ivan Ohiienko National University,http://www.kpnu.edu.ua,0,,Q2121551,wikidata,1,n/a
UA,Ukraine,False,Kamyanets-Podilskyi Lyceum with enhanced military-physical training,http://kpml.com.ua,0,,Q54964815,wikidata,1,n/a
UA,Ukraine,False,Kharkiv National Agrarian University named after V.V. Dokuchayev,http://knau.kharkov.ua,0,,Q4496332,wikidata,1,n/a
UA,Ukraine,False,Kharkiv National University of Economics,http://www.hneu.edu.ua,0,,Q1975564,wikidata,1,n/a
UA,Ukraine,False,Kharkiv National University of Radioelectronics,https://nure.ua,0,,Q1980701,wikidata,1,n/a
UA,Ukraine,False,Kharkiv Polytechnic Institute,https://www.kpi.kharkov.ua,0,,Q1164068,wikidata,1,n/a
UA,Ukraine,False,Kharkov Institute of National Economy,,0,,Q4496317,wikidata,1,n/a
UA,Ukraine,False,KhVVKIU,,0,,Q4496365,wikidata,1,n/a
UA,Ukraine,False,Kiev Military Aviation Engineering Academy,,0,,Q4220262,wikidata,1,n/a
UA,Ukraine,False,King Danyo University,http://iful.at.ua,0,,Q12073707,wikidata,1,n/a
UA,Ukraine,False,Kryvyi Rih Lyceum Boarding School with enhanced military physical training,http://klpvfp.dnepredu.com,0,,Q54964835,wikidata,1,n/a
UA,Ukraine,False,Kyiv Aviation University,http://nau.edu.ua,0,,Q2387454,wikidata,1,n/a
UA,Ukraine,False,Kyiv Infantry engineering cadet school,,0,,Q28375,wikidata,1,n/a
UA,Ukraine,False,Kyiv University of Culture,,0,,Q97189003,wikidata,1,n/a
UA,Ukraine,False,Kyiv University of Management and Entrepreneurship,http://www.kuup-dvnz.com.ua,0,,Q12110285,wikidata,1,n/a
UA,Ukraine,False,"Kyiv University of Tourism, Economics and Law",http://kutep.ua/ua,0,,Q12110284,wikidata,1,n/a
UA,Ukraine,False,Lugansk State Medical University,https://lgmu.ru,0,,Q4267921,wikidata,1,n/a
UA,Ukraine,False,Luhansk State University of Internal Affairs,http://lduvs.edu.ua,0,,Q6699877,wikidata,1,n/a
UA,Ukraine,False,Lvov Military Political High School,,0,,Q4271124,wikidata,1,n/a
UA,Ukraine,False,Mariupol Training School for Police Officers,http://mupppm.org,0,,Q4281602,wikidata,1,n/a
UA,Ukraine,False,Mykolayiv State Agrarian University,http://www.mnau.edu.ua,0,,Q4320476,wikidata,1,n/a
UA,Ukraine,False,Nakhimov Higher Naval Institute,https://chvvmu.mil.ru,0,,Q16334349,wikidata,1,n/a
UA,Ukraine,False,National Agriculture University of Ukraine,,0,,Q16879481,wikidata,1,n/a
UA,Ukraine,False,National Defense University of Ukraine,,0,,Q12107451,wikidata,1,n/a
UA,Ukraine,False,"National Institute of Grape and Wine ""Magarach""",http://magarach-institut.ru,0,,Q4201441,wikidata,1,n/a
UA,Ukraine,False,National Pedagogical Dragomanov University,https://npu.edu.ua,0,,Q4315056,wikidata,1,n/a
UA,Ukraine,False,National University of Internal Affairs,http://www.univd.edu.ua,0,,Q4496336,wikidata,1,n/a
UA,Ukraine,False,National University of Kharkiv,https://karazin.ua,0,,Q1458695,wikidata,1,n/a
UA,Ukraine,False,National University of Physical Education and Sport of Ukraine,https://uni-sport.edu.ua,0,,Q12132952,wikidata,1,n/a
UA,Ukraine,False,National University «Odesa Maritime Academy»,http://www.onma.edu.ua,0,,Q4331412,wikidata,1,n/a
UA,Ukraine,False,National University “Yaroslav the Wise Law Academy of Ukraine”,https://nlu.edu.ua,0,,Q4314896,wikidata,1,n/a
UA,Ukraine,False,Odesa National Economics University,http://www.oseu.edu.ua,0,,Q1975276,wikidata,1,n/a
UA,Ukraine,False,Odesa National Maritime University,http://www.osmu.odessa.ua,0,,Q4331466,wikidata,1,n/a
UA,Ukraine,False,Odesa National Medical University,http://odmu.edu.ua,0,,Q4331464,wikidata,1,n/a
UA,Ukraine,False,Odesa Polytechnic National University,https://op.edu.ua/en,0,,Q4331465,wikidata,1,n/a
UA,Ukraine,False,Odesa State Environmental University,http://www.odeku.edu.ua,0,,Q4331448,wikidata,1,n/a
UA,Ukraine,False,Odesa State University of Internal Affairs,http://www.oduvs.edu.ua,0,,Q4331446,wikidata,1,n/a
UA,Ukraine,False,Odesa University,https://onu.edu.ua,0,,Q85300,wikidata,1,n/a
UA,Ukraine,False,"Physical and Technical Institute of NTUU ""KPI",http://kpi.ua/ru/institute/fti,0,,Q4483566,wikidata,1,n/a
UA,Ukraine,False,Poltava Military Institute of Communication,http://viti.edu.ua/index.php,0,,Q4370820,wikidata,1,n/a
UA,Ukraine,False,Poltava National Pedagogical University,http://www.pnpu.edu.ua,0,,Q4370825,wikidata,1,n/a
UA,Ukraine,False,Presidential University,,0,,Q107049350,wikidata,1,n/a
UA,Ukraine,False,Q116785570,,0,,Q116785570,wikidata,1,n/a
UA,Ukraine,False,Q4479336,http://uipavart.xirad.ru,0,,Q4479336,wikidata,1,n/a
UA,Ukraine,False,Scientific Library of the Ukrainian Engineering Pedagogics Academy,,0,,Q7768024,wikidata,1,n/a
UA,Ukraine,False,Sevastopol Institute of Banking,http://www.sibs.uabs.edu.ua,0,,Q4411922,wikidata,1,n/a
UA,Ukraine,False,State Biotechnological University,https://biotechuniv.edu.ua,0,,Q124375837,wikidata,1,n/a
UA,Ukraine,False,State Higher Education Institution “Pryazovskyi State Technical University”,http://www.pstu.edu,0,,Q4377610,wikidata,1,n/a
UA,Ukraine,False,State University of Infrastructure and Technologies,https://duit.edu.ua,0,,Q56368232,wikidata,1,n/a
UA,Ukraine,False,State University of Telecommunications,http://dut.edu.ua,0,,Q12100481,wikidata,1,n/a
UA,Ukraine,False,Sumy State A.S. Makarenko Pedagogical University,https://sspu.edu.ua,0,,Q12158687,wikidata,1,n/a
UA,Ukraine,False,Tavri Humanitarian and Environmental Institute,https://www.thei.org.ua,0,,Q108813016,wikidata,1,n/a
UA,Ukraine,False,Tavrian State Agrotechnological University,http://www.tsatu.edu.ua,0,,Q4449473,wikidata,1,n/a
UA,Ukraine,False,Tavrida National V.I. Vernadsky University,http://www.tnu.edu.ua,0,,Q1517401,wikidata,1,n/a
UA,Ukraine,False,Technical University «Metinvest Politechnic»,https://metinvest.university,0,,Q133226055,wikidata,1,n/a
UA,Ukraine,False,Ternopil Ivan Puluj National Technical University,https://tntu.edu.ua,0,,Q12160868,wikidata,1,n/a
UA,Ukraine,False,Transcarpathian State University,http://www.zakdu.edu.ua,0,,Q4184636,wikidata,1,n/a
UA,Ukraine,False,Tulchyn Lyceum,https://kadetu.tulchin-licey.net,0,,Q56367423,wikidata,1,n/a
UA,Ukraine,False,Ukrainian Medical And Dental Academy,http://www.umsa.edu.ua,0,,Q19972117,wikidata,1,n/a
UA,Ukraine,False,Ukrainian State University of Chemical Engineering,http://udhtu.com.ua,0,,Q4470578,wikidata,1,n/a
UA,Ukraine,False,Ukrainian State University of Finance and International Trade,http://usufit.edu.ua,0,,Q7878521,wikidata,1,n/a
UA,Ukraine,False,Uman National University of Horticulture,http://www.udau.edu.ua,0,,Q4475298,wikidata,1,n/a
UA,Ukraine,False,"University of Kyiv Faculty of Radio Physics, Electronics and Computer Systems",http://www.rpd.univ.kiev.ua,0,,Q7895611,wikidata,1,n/a
UA,Ukraine,False,V.О. Sukhomlynskyi National University of Mykolaiv,http://mdu.edu.ua,0,,Q4320486,wikidata,1,n/a
UA,Ukraine,False,Vinnytsia Financial Economical University,,0,,Q125495448,wikidata,1,n/a
UA,Ukraine,False,Vinnytsia National Medical University. M. I. Pirogov,http://vnmu.vn.ua,0,,Q4111614,wikidata,1,n/a
UA,Ukraine,False,Vinnytsia State Pedagogical University,http://www.vspu.edu.ua,0,,Q4111610,wikidata,1,n/a
UA,Ukraine,False,Volodymyr Vynnychenko Central Ukrainian State Pedagogical University,http://www.kspu.kr.ua,0,,Q12116601,wikidata,1,n/a
UA,Ukraine,False,West Ukrainian University of Economics and Law,,0,,Q12106195,wikidata,1,n/a
UA,Ukraine,False,Yalta University of Management,http://www.yum.edu.ua,0,,Q12173635,wikidata,1,n/a
UA,Ukraine,False,Yevgeny Bereznyak Military Diplomatic Academy,,0,,Q94738116,wikidata,1,n/a
UA,Ukraine,False,Zaporizhzhia Institute of Economics and Information Technologies,,0,,Q8066450,wikidata,1,n/a
UA,Ukraine,False,Zaporizhzhia Lyceum with enhanced military physical training,http://zahisnik.at.ua,0,,Q54964809,wikidata,1,n/a
UA,Ukraine,False,Zhytomyr State Technological University,https://ztu.edu.ua,0,,Q12104641,wikidata,1,n/a
VA,Vatican City,False,Pontifical Institute of Sacred Music,http://www.musicasacra.va,0,,Q2120416,wikidata,1,n/a
VA,Vatican City,False,Pontifical Lateran University,https://www.pul.va,0,,Q475007,wikidata,1,n/a
VA,Vatican City,False,Pontifical University of Saint Thomas Aquinas,https://www.angelicum.it,0,,Q246887,wikidata,1,n/a
VA,Vatican City,False,Pontificio Collegio Urbano de Propaganda Fide,http://www.collegiourbano.org,0,,Q3908287,wikidata,1,n/a
VA,Vatican City,False,Scuola vaticana di biblioteconomia,https://www.vaticanlibrary.va/it/scuola-biblioteconomia,0,,Q59772957,wikidata,1,n/a
VA,Vatican City,False,"Scuola vaticana di paleografia, diplomatica e archivistica",http://www.scuolavaticanapaleografia.va,0,,Q12051107,wikidata,1,n/a
XK,Kosovo,False,University of Prishtina,https://www.uni-pr.edu,14058,I78768387,,openalex,1,n/a
XK,Kosovo,False,University for Business and Technology,https://www.ubt-uni.net/sq/ballina/,2209,I4210086961,Q19946137,openalex;wikidata,2,n/a
XK,Kosovo,False,AAB College,https://aab-edu.net/,1068,I2800430505,,openalex,1,n/a
XK,Kosovo,False,Institute for Serbian Culture Priština-Leposavić,https://iskp.co.rs,433,I4405271447,,openalex,1,n/a
XK,Kosovo,False,Rochester Institute of Technology Kosovo,https://kosovo.rit.edu,226,I4210095282,,openalex,1,n/a
XK,Kosovo,False,Fama College,http://eng.kolegjifama.eu,57,I4210162112,,openalex,1,n/a
XK,Kosovo,False,Kolegji Dardania,http://www.kolegjidardania.com/en,14,I4210100873,,openalex,1,n/a
XK,Kosovo,False,Faculty of Construction and Architecture of the University of Pristina,,0,,Q31665324,wikidata,1,n/a
XK,Kosovo,False,RIT Kosovo,https://www.rit.edu/kosovo,0,,Q4745312,wikidata,1,n/a
XK,Kosovo,False,University of Applied Sciences in Ferizaj,https://ushaf.net/?lang=en,0,,Q31666730,wikidata,1,n/a
XK,Kosovo,False,University of Gjakova,https://uni-gjk.org,0,,Q31666747,wikidata,1,n/a
XK,Kosovo,False,"University of Gjilan ""Kadri Zeka""",https://www.uni-gjilan.net,0,,Q31666741,wikidata,1,n/a
XK,Kosovo,False,University of Pristina,https://uni-pr.edu,0,,Q29659,wikidata,1,n/a
XK,Kosovo,False,University of Pristina (1969–1999),,0,,Q1630703,wikidata,1,n/a
XK,Kosovo,False,University of Prizren,http://www.uni-pz.org,0,,Q1582460,wikidata,1,n/a
XK,Kosovo,False,University “Haxhi Zeka”,https://unhz.eu,0,,Q27888404,wikidata,1,n/a
XK,Kosovo,False,Universum College,,0,,Q97933280,wikidata,1,n/a
